dataset,video_path,subject,camera,scenario,activity,source_label,label,start_s,end_s,split
MCFD,/content/fall_detection_work/MCFD/MCFD/clips/chute01_cam6_0_28.799_33.904_1_6_mcfd.avi,1,6,1,walk,0,0,28.79931,33.904,test
MCFD,/content/fall_detection_work/MCFD/MCFD/clips/chute01_cam6_0_28.799_33.904_1_6_mcfd.avi,1,6,1,other,9,0,33.936,36.172,test
MCFD,/content/fall_detection_work/MCFD/MCFD/clips/chute01_cam6_0_28.799_33.904_1_6_mcfd.avi,1,6,1,fall,1,1,36.204,38.21597,test
MCFD,/content/fall_detection_work/MCFD/MCFD/clips/chute02_cam6_0_10.737_13.590_1_6_mcfd.avi,1,6,2,walk,0,0,10.73681,13.59,test
MCFD,/content/fall_detection_work/MCFD/MCFD/clips/chute02_cam6_0_10.737_13.590_1_6_mcfd.avi,1,6,2,fall,1,1,13.622,15.67431,test
MCFD,/content/fall_detection_work/MCFD/MCFD/clips/chute03_cam6_0_12.778_20.348_1_6_mcfd.avi,1,6,3,walk,0,0,12.77847,20.348,test
MCFD,/content/fall_detection_work/MCFD/MCFD/clips/chute03_cam6_0_12.778_20.348_1_6_mcfd.avi,1,6,3,fall,1,1,20.38,23.11181,test
MCFD,/content/fall_detection_work/MCFD/MCFD/clips/chute04_cam6_0_9.820_12.388_1_6_mcfd.avi,1,6,4,walk,0,0,9.82014,12.388,test
MCFD,/content/fall_detection_work/MCFD/MCFD/clips/chute04_cam6_0_9.820_12.388_1_6_mcfd.avi,1,6,4,fall,1,1,12.388,13.73681,test
MCFD,/content/fall_detection_work/MCFD/MCFD/clips/chute05_cam6_0_9.799_10.646_1_6_mcfd.avi,1,6,5,walk,0,0,9.79931,10.646,test
MCFD,/content/fall_detection_work/MCFD/MCFD/clips/chute05_cam6_0_9.799_10.646_1_6_mcfd.avi,1,6,5,fall,1,1,10.682,12.92431,test
MCFD,/content/fall_detection_work/MCFD/MCFD/clips/chute05_cam6_0_9.799_10.646_1_6_mcfd.avi,1,6,5,fallen,2,1,12.924,15.314,test
MCFD,/content/fall_detection_work/MCFD/MCFD/clips/chute06_cam6_0_13.966_22.902_1_6_mcfd.avi,1,6,6,walk,0,0,13.96597,22.902,test
MCFD,/content/fall_detection_work/MCFD/MCFD/clips/chute06_cam6_0_13.966_22.902_1_6_mcfd.avi,1,6,6,fall,1,1,22.934,25.32014,test
MCFD,/content/fall_detection_work/MCFD/MCFD/clips/chute07_cam6_0_10.841_16.410_1_6_mcfd.avi,1,6,7,walk,0,0,10.84097,16.41,test
MCFD,/content/fall_detection_work/MCFD/MCFD/clips/chute07_cam6_0_10.841_16.410_1_6_mcfd.avi,1,6,7,fall,1,1,16.446,18.59097,test
MCFD,/content/fall_detection_work/MCFD/MCFD/clips/chute08_cam6_0_6.945_11.754_1_6_mcfd.avi,1,6,8,walk,0,0,6.94514,11.754,test
MCFD,/content/fall_detection_work/MCFD/MCFD/clips/chute08_cam6_0_6.945_11.754_1_6_mcfd.avi,1,6,8,fall,1,1,11.786,13.15347,test
MCFD,/content/fall_detection_work/MCFD/MCFD/clips/chute08_cam6_0_6.945_11.754_1_6_mcfd.avi,1,6,8,fallen,2,1,13.153,15.422,test
MCFD,/content/fall_detection_work/MCFD/MCFD/clips/chute09_cam6_0_10.049_16.106_1_6_mcfd.avi,1,6,9,walk,0,0,10.04931,16.106,test
MCFD,/content/fall_detection_work/MCFD/MCFD/clips/chute09_cam6_0_10.049_16.106_1_6_mcfd.avi,1,6,9,fall,1,1,16.142,17.206,test
MCFD,/content/fall_detection_work/MCFD/MCFD/clips/chute09_cam6_0_10.049_16.106_1_6_mcfd.avi,1,6,9,sitting,4,0,17.242,19.574,test
MCFD,/content/fall_detection_work/MCFD/MCFD/clips/chute09_cam6_0_10.049_16.106_1_6_mcfd.avi,1,6,9,stand_up,7,0,19.606,21.274,test
MCFD,/content/fall_detection_work/MCFD/MCFD/clips/chute09_cam6_0_10.049_16.106_1_6_mcfd.avi,1,6,9,fall,1,1,21.306,22.73681,test
MCFD,/content/fall_detection_work/MCFD/MCFD/clips/chute10_cam6_0_10.487_15.946_1_6_mcfd.avi,1,6,10,walk,0,0,10.48681,15.946,test
MCFD,/content/fall_detection_work/MCFD/MCFD/clips/chute10_cam6_0_10.487_15.946_1_6_mcfd.avi,1,6,10,sit_down,3,0,15.978,17.32014,test
MCFD,/content/fall_detection_work/MCFD/MCFD/clips/chute10_cam6_0_10.487_15.946_1_6_mcfd.avi,1,6,10,fallen,2,1,18.653,20.81681,test
MCFD,/content/fall_detection_work/MCFD/MCFD/clips/chute11_cam6_0_12.508_15.636_1_6_mcfd.avi,1,6,11,walk,0,0,12.50764,15.636,test
MCFD,/content/fall_detection_work/MCFD/MCFD/clips/chute11_cam6_0_12.508_15.636_1_6_mcfd.avi,1,6,11,fall,1,1,15.672,17.23681,test
MCFD,/content/fall_detection_work/MCFD/MCFD/clips/chute12_cam6_0_11.934_20.234_1_6_mcfd.avi,1,6,12,walk,0,0,11.934,20.234,test
MCFD,/content/fall_detection_work/MCFD/MCFD/clips/chute12_cam6_0_11.934_20.234_1_6_mcfd.avi,1,6,12,fall,1,1,20.27,21.87,test
MCFD,/content/fall_detection_work/MCFD/MCFD/clips/chute12_cam6_0_11.934_20.234_1_6_mcfd.avi,1,6,12,fallen,2,1,21.902,25.77,test
MCFD,/content/fall_detection_work/MCFD/MCFD/clips/chute13_cam6_0_10.950_15.250_1_6_mcfd.avi,1,6,13,walk,0,0,10.95,15.25,test
MCFD,/content/fall_detection_work/MCFD/MCFD/clips/chute13_cam6_0_10.950_15.250_1_6_mcfd.avi,1,6,13,fall,1,1,15.286,16.786,test
MCFD,/content/fall_detection_work/MCFD/MCFD/clips/chute13_cam6_0_10.950_15.250_1_6_mcfd.avi,1,6,13,other,9,0,16.818,22.118,test
MCFD,/content/fall_detection_work/MCFD/MCFD/clips/chute13_cam6_0_10.950_15.250_1_6_mcfd.avi,1,6,13,lying,6,0,22.15,24.25764,test
MCFD,/content/fall_detection_work/MCFD/MCFD/clips/chute13_cam6_0_10.950_15.250_1_6_mcfd.avi,1,6,13,fall,1,1,28.35,29.686,test
MCFD,/content/fall_detection_work/MCFD/MCFD/clips/chute13_cam6_0_10.950_15.250_1_6_mcfd.avi,1,6,13,fallen,2,1,29.718,32.918,test
MCFD,/content/fall_detection_work/MCFD/MCFD/clips/chute14_cam6_0_13.386_19.486_1_6_mcfd.avi,1,6,14,walk,0,0,13.386,19.486,test
MCFD,/content/fall_detection_work/MCFD/MCFD/clips/chute14_cam6_0_13.386_19.486_1_6_mcfd.avi,1,6,14,fall,1,1,19.518,20.654,test
MCFD,/content/fall_detection_work/MCFD/MCFD/clips/chute14_cam6_0_13.386_19.486_1_6_mcfd.avi,1,6,14,lying,6,0,20.686,27.61181,test
MCFD,/content/fall_detection_work/MCFD/MCFD/clips/chute14_cam6_0_13.386_19.486_1_6_mcfd.avi,1,6,14,stand_up,7,0,27.612,33.918,test
MCFD,/content/fall_detection_work/MCFD/MCFD/clips/chute14_cam6_0_13.386_19.486_1_6_mcfd.avi,1,6,14,fall,1,1,33.954,35.086,test
MCFD,/content/fall_detection_work/MCFD/MCFD/clips/chute14_cam6_0_13.386_19.486_1_6_mcfd.avi,1,6,14,fallen,2,1,35.118,38.154,test
MCFD,/content/fall_detection_work/MCFD/MCFD/clips/chute15_cam6_0_13.460_17.560_1_6_mcfd.avi,1,6,15,walk,0,0,13.46,17.56,test
MCFD,/content/fall_detection_work/MCFD/MCFD/clips/chute15_cam6_0_13.460_17.560_1_6_mcfd.avi,1,6,15,fall,1,1,17.592,19.028,test
MCFD,/content/fall_detection_work/MCFD/MCFD/clips/chute15_cam6_0_13.460_17.560_1_6_mcfd.avi,1,6,15,sitting,4,0,19.06,22.36,test
MCFD,/content/fall_detection_work/MCFD/MCFD/clips/chute15_cam6_0_13.460_17.560_1_6_mcfd.avi,1,6,15,stand_up,7,0,22.392,26.492,test
MCFD,/content/fall_detection_work/MCFD/MCFD/clips/chute15_cam6_0_13.460_17.560_1_6_mcfd.avi,1,6,15,fall,1,1,26.528,27.592,test
MCFD,/content/fall_detection_work/MCFD/MCFD/clips/chute15_cam6_0_13.460_17.560_1_6_mcfd.avi,1,6,15,fallen,2,1,27.628,30.36,test
MCFD,/content/fall_detection_work/MCFD/MCFD/clips/chute16_cam6_0_12.974_15.474_1_6_mcfd.avi,1,6,16,walk,0,0,12.974,15.474,test
MCFD,/content/fall_detection_work/MCFD/MCFD/clips/chute16_cam6_0_12.974_15.474_1_6_mcfd.avi,1,6,16,other,9,0,15.506,19.238,test
MCFD,/content/fall_detection_work/MCFD/MCFD/clips/chute16_cam6_0_12.974_15.474_1_6_mcfd.avi,1,6,16,other,9,0,19.274,22.638,test
MCFD,/content/fall_detection_work/MCFD/MCFD/clips/chute16_cam6_0_12.974_15.474_1_6_mcfd.avi,1,6,16,fall,1,1,22.674,24.674,test
MCFD,/content/fall_detection_work/MCFD/MCFD/clips/chute16_cam6_0_12.974_15.474_1_6_mcfd.avi,1,6,16,sitting,4,0,24.706,27.538,test
MCFD,/content/fall_detection_work/MCFD/MCFD/clips/chute16_cam6_0_12.974_15.474_1_6_mcfd.avi,1,6,16,stand_up,7,0,27.574,29.974,test
MCFD,/content/fall_detection_work/MCFD/MCFD/clips/chute16_cam6_0_12.974_15.474_1_6_mcfd.avi,1,6,16,fall,1,1,30.006,31.638,test
MCFD,/content/fall_detection_work/MCFD/MCFD/clips/chute16_cam6_0_12.974_15.474_1_6_mcfd.avi,1,6,16,fallen,2,1,31.674,33.638,test
MCFD,/content/fall_detection_work/MCFD/MCFD/clips/chute17_cam6_0_8.368_10.500_1_6_mcfd.avi,1,6,17,walk,0,0,8.368,10.5,test
MCFD,/content/fall_detection_work/MCFD/MCFD/clips/chute17_cam6_0_8.368_10.500_1_6_mcfd.avi,1,6,17,other,9,0,10.532,12.932,test
MCFD,/content/fall_detection_work/MCFD/MCFD/clips/chute17_cam6_0_8.368_10.500_1_6_mcfd.avi,1,6,17,other,9,0,12.968,15.332,test
MCFD,/content/fall_detection_work/MCFD/MCFD/clips/chute17_cam6_0_8.368_10.500_1_6_mcfd.avi,1,6,17,fall,1,1,15.368,17.7,test
MCFD,/content/fall_detection_work/MCFD/MCFD/clips/chute17_cam6_0_8.368_10.500_1_6_mcfd.avi,1,6,17,sitting,4,0,17.732,20.07014,test
MCFD,/content/fall_detection_work/MCFD/MCFD/clips/chute17_cam6_0_8.368_10.500_1_6_mcfd.avi,1,6,17,fall,1,1,24.332,25.668,test
MCFD,/content/fall_detection_work/MCFD/MCFD/clips/chute17_cam6_0_8.368_10.500_1_6_mcfd.avi,1,6,17,fallen,2,1,25.7,28.668,test
MCFD,/content/fall_detection_work/MCFD/MCFD/clips/chute18_cam6_0_13.704_16.272_1_6_mcfd.avi,1,6,18,walk,0,0,13.704,16.272,test
MCFD,/content/fall_detection_work/MCFD/MCFD/clips/chute18_cam6_0_13.704_16.272_1_6_mcfd.avi,1,6,18,sit_down,3,0,16.304,18.004,test
MCFD,/content/fall_detection_work/MCFD/MCFD/clips/chute18_cam6_0_13.704_16.272_1_6_mcfd.avi,1,6,18,sitting,4,0,18.04,21.34,test
MCFD,/content/fall_detection_work/MCFD/MCFD/clips/chute18_cam6_0_13.704_16.272_1_6_mcfd.avi,1,6,18,stand_up,7,0,21.372,22.672,test
MCFD,/content/fall_detection_work/MCFD/MCFD/clips/chute18_cam6_0_13.704_16.272_1_6_mcfd.avi,1,6,18,fall,1,1,22.704,23.704,test
MCFD,/content/fall_detection_work/MCFD/MCFD/clips/chute18_cam6_0_13.704_16.272_1_6_mcfd.avi,1,6,18,fallen,2,1,23.74,28.34,test
MCFD,/content/fall_detection_work/MCFD/MCFD/clips/chute19_cam6_0_9.486_17.586_1_6_mcfd.avi,1,6,19,walk,0,0,9.486,17.586,test
MCFD,/content/fall_detection_work/MCFD/MCFD/clips/chute19_cam6_0_9.486_17.586_1_6_mcfd.avi,1,6,19,fall,1,1,17.618,20.986,test
MCFD,/content/fall_detection_work/MCFD/MCFD/clips/chute19_cam6_0_9.486_17.586_1_6_mcfd.avi,1,6,19,fallen,2,1,21.018,26.654,test
MCFD,/content/fall_detection_work/MCFD/MCFD/clips/chute20_cam6_0_10.168_18.268_1_6_mcfd.avi,1,6,20,walk,0,0,10.168,18.268,test
MCFD,/content/fall_detection_work/MCFD/MCFD/clips/chute20_cam6_0_10.168_18.268_1_6_mcfd.avi,1,6,20,fall,1,1,18.304,22.536,test
MCFD,/content/fall_detection_work/MCFD/MCFD/clips/chute20_cam6_0_10.168_18.268_1_6_mcfd.avi,1,6,20,fallen,2,1,22.568,26.804,test
MCFD,/content/fall_detection_work/MCFD/MCFD/clips/chute01_cam6_0_28.799_33.904_1_6_mcfd.avi,1,6,1,fallen,2,1,38.216,42.57014,test
MCFD,/content/fall_detection_work/MCFD/MCFD/clips/chute01_cam6_0_28.799_33.904_1_6_mcfd.avi,1,6,1,stand_up,7,0,42.57,48.15347,test
MCFD,/content/fall_detection_work/MCFD/MCFD/clips/chute01_cam6_0_28.799_33.904_1_6_mcfd.avi,1,6,1,walk,0,0,48.153,49.27847,test
MCFD,/content/fall_detection_work/MCFD/MCFD/clips/chute01_cam6_0_28.799_33.904_1_6_mcfd.avi,1,6,1,other,9,0,49.278,51.11181,test
MCFD,/content/fall_detection_work/MCFD/MCFD/clips/chute01_cam6_0_28.799_33.904_1_6_mcfd.avi,1,6,1,walk,0,0,51.112,52.152,test
MCFD,/content/fall_detection_work/MCFD/MCFD/clips/chute02_cam6_0_10.737_13.590_1_6_mcfd.avi,1,6,2,fallen,2,1,15.674,24.44514,test
MCFD,/content/fall_detection_work/MCFD/MCFD/clips/chute02_cam6_0_10.737_13.590_1_6_mcfd.avi,1,6,2,stand_up,7,0,24.445,27.57014,test
MCFD,/content/fall_detection_work/MCFD/MCFD/clips/chute02_cam6_0_10.737_13.590_1_6_mcfd.avi,1,6,2,walk,0,0,27.57,27.967,test
MCFD,/content/fall_detection_work/MCFD/MCFD/clips/chute03_cam6_0_12.778_20.348_1_6_mcfd.avi,1,6,3,fallen,2,1,23.112,28.77847,test
MCFD,/content/fall_detection_work/MCFD/MCFD/clips/chute03_cam6_0_12.778_20.348_1_6_mcfd.avi,1,6,3,stand_up,7,0,28.778,31.54931,test
MCFD,/content/fall_detection_work/MCFD/MCFD/clips/chute04_cam6_0_9.820_12.388_1_6_mcfd.avi,1,6,4,fallen,2,1,13.737,14.82014,test
MCFD,/content/fall_detection_work/MCFD/MCFD/clips/chute04_cam6_0_9.820_12.388_1_6_mcfd.avi,1,6,4,stand_up,7,0,14.82,22.65347,test
MCFD,/content/fall_detection_work/MCFD/MCFD/clips/chute04_cam6_0_9.820_12.388_1_6_mcfd.avi,1,6,4,fall,1,1,22.653,24.36181,test
MCFD,/content/fall_detection_work/MCFD/MCFD/clips/chute04_cam6_0_9.820_12.388_1_6_mcfd.avi,1,6,4,fallen,2,1,24.362,29.65347,test
MCFD,/content/fall_detection_work/MCFD/MCFD/clips/chute04_cam6_0_9.820_12.388_1_6_mcfd.avi,1,6,4,stand_up,7,0,29.653,33.27847,test
MCFD,/content/fall_detection_work/MCFD/MCFD/clips/chute04_cam6_0_9.820_12.388_1_6_mcfd.avi,1,6,4,walk,0,0,33.278,35.29597,test
MCFD,/content/fall_detection_work/MCFD/MCFD/clips/chute05_cam6_0_9.799_10.646_1_6_mcfd.avi,1,6,5,stand_up,7,0,15.314,21.23681,test
MCFD,/content/fall_detection_work/MCFD/MCFD/clips/chute05_cam6_0_9.799_10.646_1_6_mcfd.avi,1,6,5,other,9,0,21.237,25.85931,test
MCFD,/content/fall_detection_work/MCFD/MCFD/clips/chute06_cam6_0_13.966_22.902_1_6_mcfd.avi,1,6,6,fallen,2,1,25.32,41.94514,test
MCFD,/content/fall_detection_work/MCFD/MCFD/clips/chute06_cam6_0_13.966_22.902_1_6_mcfd.avi,1,6,6,stand_up,7,0,41.945,45.29597,test
MCFD,/content/fall_detection_work/MCFD/MCFD/clips/chute07_cam6_0_10.841_16.410_1_6_mcfd.avi,1,6,7,fallen,2,1,18.591,24.09014,test
MCFD,/content/fall_detection_work/MCFD/MCFD/clips/chute07_cam6_0_10.841_16.410_1_6_mcfd.avi,1,6,7,stand_up,7,0,24.09,27.73681,test
MCFD,/content/fall_detection_work/MCFD/MCFD/clips/chute07_cam6_0_10.841_16.410_1_6_mcfd.avi,1,6,7,fall,1,1,27.737,29.02847,test
MCFD,/content/fall_detection_work/MCFD/MCFD/clips/chute07_cam6_0_10.841_16.410_1_6_mcfd.avi,1,6,7,stand_up,7,0,29.028,30.48431,test
MCFD,/content/fall_detection_work/MCFD/MCFD/clips/chute08_cam6_0_6.945_11.754_1_6_mcfd.avi,1,6,8,stand_up,7,0,15.422,22.36181,test
MCFD,/content/fall_detection_work/MCFD/MCFD/clips/chute08_cam6_0_6.945_11.754_1_6_mcfd.avi,1,6,8,walk,0,0,22.362,23.382,test
MCFD,/content/fall_detection_work/MCFD/MCFD/clips/chute09_cam6_0_10.049_16.106_1_6_mcfd.avi,1,6,9,fallen,2,1,22.737,28.13264,test
MCFD,/content/fall_detection_work/MCFD/MCFD/clips/chute09_cam6_0_10.049_16.106_1_6_mcfd.avi,1,6,9,stand_up,7,0,28.133,30.86097,test
MCFD,/content/fall_detection_work/MCFD/MCFD/clips/chute10_cam6_0_10.487_15.946_1_6_mcfd.avi,1,6,10,fall,1,1,17.32,18.65347,test
MCFD,/content/fall_detection_work/MCFD/MCFD/clips/chute10_cam6_0_10.487_15.946_1_6_mcfd.avi,1,6,10,stand_up,7,0,20.84097,29.17431,test
MCFD,/content/fall_detection_work/MCFD/MCFD/clips/chute10_cam6_0_10.487_15.946_1_6_mcfd.avi,1,6,10,walk,0,0,29.174,31.51681,test
MCFD,/content/fall_detection_work/MCFD/MCFD/clips/chute11_cam6_0_12.508_15.636_1_6_mcfd.avi,1,6,11,fallen,2,1,17.237,24.17431,test
MCFD,/content/fall_detection_work/MCFD/MCFD/clips/chute11_cam6_0_12.508_15.636_1_6_mcfd.avi,1,6,11,stand_up,7,0,24.174,26.81597,test
MCFD,/content/fall_detection_work/MCFD/MCFD/clips/chute13_cam6_0_10.950_15.250_1_6_mcfd.avi,1,6,13,stand_up,7,0,24.258,28.318,test
MCFD,/content/fall_detection_work/MCFD/MCFD/clips/chute17_cam6_0_8.368_10.500_1_6_mcfd.avi,1,6,17,stand_up,7,0,20.07,24.3,test
MCFD,/content/fall_detection_work/MCFD/MCFD/clips/chute21_cam6_0_14.237_18.682_1_6_mcfd.avi,1,6,21,walk,0,0,14.23681,18.682,test
MCFD,/content/fall_detection_work/MCFD/MCFD/clips/chute21_cam6_0_14.237_18.682_1_6_mcfd.avi,1,6,21,sit_down,3,0,18.682,21.39,test
MCFD,/content/fall_detection_work/MCFD/MCFD/clips/chute21_cam6_0_14.237_18.682_1_6_mcfd.avi,1,6,21,sitting,4,0,21.422,27.59,test
MCFD,/content/fall_detection_work/MCFD/MCFD/clips/chute21_cam6_0_14.237_18.682_1_6_mcfd.avi,1,6,21,stand_up,7,0,27.622,29.89,test
MCFD,/content/fall_detection_work/MCFD/MCFD/clips/chute21_cam6_0_14.237_18.682_1_6_mcfd.avi,1,6,21,fall,1,1,29.922,31.614,test
MCFD,/content/fall_detection_work/MCFD/MCFD/clips/chute22_cam6_0_11.852_21.096_1_6_mcfd.avi,1,6,22,walk,0,0,11.852,21.096,test
MCFD,/content/fall_detection_work/MCFD/MCFD/clips/chute22_cam6_0_11.852_21.096_1_6_mcfd.avi,1,6,22,sit_down,3,0,21.132,24.396,test
MCFD,/content/fall_detection_work/MCFD/MCFD/clips/chute22_cam6_0_11.852_21.096_1_6_mcfd.avi,1,6,22,sitting,4,0,24.432,26.132,test
MCFD,/content/fall_detection_work/MCFD/MCFD/clips/chute22_cam6_0_11.852_21.096_1_6_mcfd.avi,1,6,22,stand_up,7,0,26.164,27.096,test
MCFD,/content/fall_detection_work/MCFD/MCFD/clips/chute22_cam6_0_11.852_21.096_1_6_mcfd.avi,1,6,22,fall,1,1,27.132,29.176,test
MCFD,/content/fall_detection_work/MCFD/MCFD/clips/chute23_cam6_0_13.160_19.140_1_6_mcfd.avi,1,6,23,walk,0,0,19.76,22.341,test
MCFD,/content/fall_detection_work/MCFD/MCFD/clips/chute23_cam6_0_13.160_19.140_1_6_mcfd.avi,1,6,23,stand_up,7,0,52.708,56.11181,test
MCFD,/content/fall_detection_work/MCFD/MCFD/clips/chute23_cam6_0_13.160_19.140_1_6_mcfd.avi,1,6,23,walk,0,0,63.372,89.02847,test
MCFD,/content/fall_detection_work/MCFD/MCFD/clips/chute23_cam6_0_13.160_19.140_1_6_mcfd.avi,1,6,23,lying,6,0,92.299,94.69514,test
MCFD,/content/fall_detection_work/MCFD/MCFD/clips/chute23_cam6_0_13.160_19.140_1_6_mcfd.avi,1,6,23,stand_up,7,0,94.695,102.59097,test
MCFD,/content/fall_detection_work/MCFD/MCFD/clips/chute23_cam6_0_13.160_19.140_1_6_mcfd.avi,1,6,23,lie_down,5,0,107.403,110.28,test
MCFD,/content/fall_detection_work/MCFD/MCFD/clips/chute23_cam6_0_13.160_19.140_1_6_mcfd.avi,1,6,23,stand_up,7,0,114.403,120.69514,test
MCFD,/content/fall_detection_work/MCFD/MCFD/clips/chute23_cam6_0_13.160_19.140_1_6_mcfd.avi,1,6,23,sit_down,3,0,141.091,144.172,test
MCFD,/content/fall_detection_work/MCFD/MCFD/clips/chute23_cam6_0_13.160_19.140_1_6_mcfd.avi,1,6,23,sitting,4,0,144.208,150.06514,test
MCFD,/content/fall_detection_work/MCFD/MCFD/clips/chute23_cam6_0_13.160_19.140_1_6_mcfd.avi,1,6,23,stand_up,7,0,150.072,152.59097,test
MCFD,/content/fall_detection_work/MCFD/MCFD/clips/chute24_cam6_0_11.148_32.808_1_6_mcfd.avi,1,6,24,walk,0,0,11.148,32.808,test
MCFD,/content/fall_detection_work/MCFD/MCFD/clips/chute24_cam6_0_11.148_32.808_1_6_mcfd.avi,1,6,24,other,9,0,32.84,44.172,test
MCFD,/content/fall_detection_work/MCFD/MCFD/clips/chute24_cam6_0_11.148_32.808_1_6_mcfd.avi,1,6,24,other,9,0,44.208,48.672,test
MCFD,/content/fall_detection_work/MCFD/MCFD/clips/chute24_cam6_0_11.148_32.808_1_6_mcfd.avi,1,6,24,other,9,0,48.708,58.672,test
MCFD,/content/fall_detection_work/MCFD/MCFD/clips/chute24_cam6_0_11.148_32.808_1_6_mcfd.avi,1,6,24,other,9,0,58.708,63.14,test
MCFD,/content/fall_detection_work/MCFD/MCFD/clips/chute24_cam6_0_11.148_32.808_1_6_mcfd.avi,1,6,24,other,9,0,63.172,83.34,test
MCFD,/content/fall_detection_work/MCFD/MCFD/clips/chute24_cam6_0_11.148_32.808_1_6_mcfd.avi,1,6,24,other,9,0,83.372,86.572,test
MCFD,/content/fall_detection_work/MCFD/MCFD/clips/chute24_cam6_0_11.148_32.808_1_6_mcfd.avi,1,6,24,other,9,0,86.608,101.672,test
MCFD,/content/fall_detection_work/MCFD/MCFD/clips/chute24_cam6_0_11.148_32.808_1_6_mcfd.avi,1,6,24,other,9,0,101.708,104.508,test
MCFD,/content/fall_detection_work/MCFD/MCFD/clips/chute24_cam6_0_11.148_32.808_1_6_mcfd.avi,1,6,24,walk,0,0,104.54,108.44,test
MCFD,/content/fall_detection_work/MCFD/MCFD/clips/chute24_cam6_0_11.148_32.808_1_6_mcfd.avi,1,6,24,walk,0,0,108.472,112.108,test
MCFD,/content/fall_detection_work/MCFD/MCFD/clips/chute24_cam6_0_11.148_32.808_1_6_mcfd.avi,1,6,24,other,9,0,112.14,118.90347,test
MCFD,/content/fall_detection_work/MCFD/MCFD/clips/chute21_cam6_0_14.237_18.682_1_6_mcfd.avi,1,6,21,fallen,2,1,31.614,36.59097,test
MCFD,/content/fall_detection_work/MCFD/MCFD/clips/chute21_cam6_0_14.237_18.682_1_6_mcfd.avi,1,6,21,stand_up,7,0,36.591,40.13264,test
MCFD,/content/fall_detection_work/MCFD/MCFD/clips/chute21_cam6_0_14.237_18.682_1_6_mcfd.avi,1,6,21,walk,0,0,40.133,40.667,test
MCFD,/content/fall_detection_work/MCFD/MCFD/clips/chute22_cam6_0_11.852_21.096_1_6_mcfd.avi,1,6,22,fallen,2,1,29.176,32.564,test
MCFD,/content/fall_detection_work/MCFD/MCFD/clips/chute22_cam6_0_11.852_21.096_1_6_mcfd.avi,1,6,22,stand_up,7,0,32.564,38.02847,test
MCFD,/content/fall_detection_work/MCFD/MCFD/clips/chute22_cam6_0_11.852_21.096_1_6_mcfd.avi,1,6,22,walk,0,0,38.028,38.5,test
MCFD,/content/fall_detection_work/MCFD/MCFD/clips/chute23_cam6_0_13.160_19.140_1_6_mcfd.avi,1,6,23,other,9,0,22.341,25.11181,test
MCFD,/content/fall_detection_work/MCFD/MCFD/clips/chute23_cam6_0_13.160_19.140_1_6_mcfd.avi,1,6,23,walk,0,0,13.16,19.14,test
MCFD,/content/fall_detection_work/MCFD/MCFD/clips/chute23_cam6_0_13.160_19.140_1_6_mcfd.avi,1,6,23,standing,8,0,19.16,19.76,test
MCFD,/content/fall_detection_work/MCFD/MCFD/clips/chute23_cam6_0_13.160_19.140_1_6_mcfd.avi,1,6,23,walk,0,0,25.112,51.27847,test
MCFD,/content/fall_detection_work/MCFD/MCFD/clips/chute23_cam6_0_13.160_19.140_1_6_mcfd.avi,1,6,23,fall,1,1,51.278,52.708,test
MCFD,/content/fall_detection_work/MCFD/MCFD/clips/chute23_cam6_0_13.160_19.140_1_6_mcfd.avi,1,6,23,walk,0,0,56.112,58.52847,test
MCFD,/content/fall_detection_work/MCFD/MCFD/clips/chute23_cam6_0_13.160_19.140_1_6_mcfd.avi,1,6,23,other,9,0,58.528,63.34,test
MCFD,/content/fall_detection_work/MCFD/MCFD/clips/chute23_cam6_0_13.160_19.140_1_6_mcfd.avi,1,6,23,lie_down,5,0,89.028,92.29931,test
MCFD,/content/fall_detection_work/MCFD/MCFD/clips/chute23_cam6_0_13.160_19.140_1_6_mcfd.avi,1,6,23,walk,0,0,102.591,106.65347,test
MCFD,/content/fall_detection_work/MCFD/MCFD/clips/chute23_cam6_0_13.160_19.140_1_6_mcfd.avi,1,6,23,sit_down,3,0,106.653,107.40347,test
MCFD,/content/fall_detection_work/MCFD/MCFD/clips/chute23_cam6_0_13.160_19.140_1_6_mcfd.avi,1,6,23,lying,6,0,110.28,114.40347,test
MCFD,/content/fall_detection_work/MCFD/MCFD/clips/chute23_cam6_0_13.160_19.140_1_6_mcfd.avi,1,6,23,fall,1,1,120.695,121.77847,test
MCFD,/content/fall_detection_work/MCFD/MCFD/clips/chute23_cam6_0_13.160_19.140_1_6_mcfd.avi,1,6,23,stand_up,7,0,121.778,126.17431,test
MCFD,/content/fall_detection_work/MCFD/MCFD/clips/chute23_cam6_0_13.160_19.140_1_6_mcfd.avi,1,6,23,other,9,0,126.174,138.17431,test
MCFD,/content/fall_detection_work/MCFD/MCFD/clips/chute23_cam6_0_13.160_19.140_1_6_mcfd.avi,1,6,23,walk,0,0,138.174,141.09097,test
MCFD,/content/fall_detection_work/MCFD/MCFD/clips/chute23_cam6_0_13.160_19.140_1_6_mcfd.avi,1,6,23,standing,8,0,172.02847,174.21597,test
MCFD,/content/fall_detection_work/MCFD/MCFD/clips/chute23_cam6_0_13.160_19.140_1_6_mcfd.avi,1,6,23,walk,0,0,152.591,172.028,test
MCFD,/content/fall_detection_work/MCFD/MCFD/clips/chute23_cam6_0_13.160_19.140_1_6_mcfd.avi,1,6,23,walk,0,0,174.216,180.31681,test
MCFD,/content/fall_detection_work/MCFD/MCFD/clips/chute24_cam6_0_11.148_32.808_1_6_mcfd.avi,1,6,24,standing,8,0,118.903,122.75514,test
MCFD,/content/fall_detection_work/MCFD/MCFD/clips/chute01_cam1_0_28.133_33.237_1_1_mcfd.avi,1,1,1,walk,0,0,28.13264333333333,33.23733333333334,train
MCFD,/content/fall_detection_work/MCFD/MCFD/clips/chute01_cam2_0_28.133_33.237_1_2_mcfd.avi,1,2,1,walk,0,0,28.13264333333333,33.23733333333334,test
MCFD,/content/fall_detection_work/MCFD/MCFD/clips/chute01_cam3_0_28.299_33.404_1_3_mcfd.avi,1,3,1,walk,0,0,28.29931,33.404,val
MCFD,/content/fall_detection_work/MCFD/MCFD/clips/chute01_cam4_0_28.166_33.271_1_4_mcfd.avi,1,4,1,walk,0,0,28.165976666666666,33.27066666666667,test
MCFD,/content/fall_detection_work/MCFD/MCFD/clips/chute01_cam5_0_28.799_33.904_1_5_mcfd.avi,1,5,1,walk,0,0,28.79931,33.904,test
MCFD,/content/fall_detection_work/MCFD/MCFD/clips/chute01_cam7_0_28.233_33.337_1_7_mcfd.avi,1,7,1,walk,0,0,28.23264333333333,33.33733333333333,test
MCFD,/content/fall_detection_work/MCFD/MCFD/clips/chute01_cam8_0_28.033_33.137_1_8_mcfd.avi,1,8,1,walk,0,0,28.032643333333333,33.13733333333334,test
MCFD,/content/fall_detection_work/MCFD/MCFD/clips/chute01_cam1_0_28.133_33.237_1_1_mcfd.avi,1,1,1,other,9,0,33.269333333333336,35.50533333333333,train
MCFD,/content/fall_detection_work/MCFD/MCFD/clips/chute01_cam2_0_28.133_33.237_1_2_mcfd.avi,1,2,1,other,9,0,33.269333333333336,35.50533333333333,test
MCFD,/content/fall_detection_work/MCFD/MCFD/clips/chute01_cam3_0_28.299_33.404_1_3_mcfd.avi,1,3,1,other,9,0,33.436,35.672,val
MCFD,/content/fall_detection_work/MCFD/MCFD/clips/chute01_cam4_0_28.166_33.271_1_4_mcfd.avi,1,4,1,other,9,0,33.30266666666667,35.538666666666664,test
MCFD,/content/fall_detection_work/MCFD/MCFD/clips/chute01_cam5_0_28.799_33.904_1_5_mcfd.avi,1,5,1,other,9,0,33.936,36.172,test
MCFD,/content/fall_detection_work/MCFD/MCFD/clips/chute01_cam7_0_28.233_33.337_1_7_mcfd.avi,1,7,1,other,9,0,33.36933333333333,35.60533333333333,test
MCFD,/content/fall_detection_work/MCFD/MCFD/clips/chute01_cam8_0_28.033_33.137_1_8_mcfd.avi,1,8,1,other,9,0,33.169333333333334,35.40533333333333,test
MCFD,/content/fall_detection_work/MCFD/MCFD/clips/chute01_cam1_0_28.133_33.237_1_1_mcfd.avi,1,1,1,fall,1,1,35.537333333333336,37.54930333333333,train
MCFD,/content/fall_detection_work/MCFD/MCFD/clips/chute01_cam2_0_28.133_33.237_1_2_mcfd.avi,1,2,1,fall,1,1,35.537333333333336,37.54930333333333,test
MCFD,/content/fall_detection_work/MCFD/MCFD/clips/chute01_cam3_0_28.299_33.404_1_3_mcfd.avi,1,3,1,fall,1,1,35.704,37.71597,val
MCFD,/content/fall_detection_work/MCFD/MCFD/clips/chute01_cam4_0_28.166_33.271_1_4_mcfd.avi,1,4,1,fall,1,1,35.57066666666667,37.582636666666666,test
MCFD,/content/fall_detection_work/MCFD/MCFD/clips/chute01_cam5_0_28.799_33.904_1_5_mcfd.avi,1,5,1,fall,1,1,36.204,38.21597,test
MCFD,/content/fall_detection_work/MCFD/MCFD/clips/chute01_cam7_0_28.233_33.337_1_7_mcfd.avi,1,7,1,fall,1,1,35.63733333333333,37.64930333333333,test
MCFD,/content/fall_detection_work/MCFD/MCFD/clips/chute01_cam8_0_28.033_33.137_1_8_mcfd.avi,1,8,1,fall,1,1,35.437333333333335,37.44930333333333,test
MCFD,/content/fall_detection_work/MCFD/MCFD/clips/chute02_cam1_0_10.970_13.823_1_1_mcfd.avi,1,1,2,walk,0,0,10.970143333333333,13.823333333333332,train
MCFD,/content/fall_detection_work/MCFD/MCFD/clips/chute02_cam2_0_11.470_14.323_1_2_mcfd.avi,1,2,2,walk,0,0,11.470143333333333,14.323333333333332,test
MCFD,/content/fall_detection_work/MCFD/MCFD/clips/chute02_cam3_0_10.137_12.990_1_3_mcfd.avi,1,3,2,walk,0,0,10.13681,12.99,val
MCFD,/content/fall_detection_work/MCFD/MCFD/clips/chute02_cam4_0_10.670_13.523_1_4_mcfd.avi,1,4,2,walk,0,0,10.670143333333334,13.523333333333332,test
MCFD,/content/fall_detection_work/MCFD/MCFD/clips/chute02_cam5_0_10.737_13.590_1_5_mcfd.avi,1,5,2,walk,0,0,10.73681,13.59,test
MCFD,/content/fall_detection_work/MCFD/MCFD/clips/chute02_cam7_0_11.237_14.090_1_7_mcfd.avi,1,7,2,walk,0,0,11.23681,14.09,test
MCFD,/content/fall_detection_work/MCFD/MCFD/clips/chute02_cam8_0_10.337_13.190_1_8_mcfd.avi,1,8,2,walk,0,0,10.33681,13.19,test
MCFD,/content/fall_detection_work/MCFD/MCFD/clips/chute02_cam1_0_10.970_13.823_1_1_mcfd.avi,1,1,2,fall,1,1,13.855333333333332,15.907643333333333,train
MCFD,/content/fall_detection_work/MCFD/MCFD/clips/chute02_cam2_0_11.470_14.323_1_2_mcfd.avi,1,2,2,fall,1,1,14.355333333333332,16.407643333333333,test
MCFD,/content/fall_detection_work/MCFD/MCFD/clips/chute02_cam3_0_10.137_12.990_1_3_mcfd.avi,1,3,2,fall,1,1,13.022,15.07431,val
MCFD,/content/fall_detection_work/MCFD/MCFD/clips/chute02_cam4_0_10.670_13.523_1_4_mcfd.avi,1,4,2,fall,1,1,13.555333333333332,15.607643333333334,test
MCFD,/content/fall_detection_work/MCFD/MCFD/clips/chute02_cam5_0_10.737_13.590_1_5_mcfd.avi,1,5,2,fall,1,1,13.622,15.67431,test
MCFD,/content/fall_detection_work/MCFD/MCFD/clips/chute02_cam7_0_11.237_14.090_1_7_mcfd.avi,1,7,2,fall,1,1,14.122,16.17431,test
MCFD,/content/fall_detection_work/MCFD/MCFD/clips/chute02_cam8_0_10.337_13.190_1_8_mcfd.avi,1,8,2,fall,1,1,13.222,15.27431,test
MCFD,/content/fall_detection_work/MCFD/MCFD/clips/chute03_cam1_0_12.012_19.581_1_1_mcfd.avi,1,1,3,walk,0,0,12.011803333333331,19.581333333333333,train
MCFD,/content/fall_detection_work/MCFD/MCFD/clips/chute03_cam2_0_12.145_19.715_1_2_mcfd.avi,1,2,3,walk,0,0,12.145136666666668,19.714666666666663,test
MCFD,/content/fall_detection_work/MCFD/MCFD/clips/chute03_cam3_0_11.878_19.448_1_3_mcfd.avi,1,3,3,walk,0,0,11.87847,19.448,val
MCFD,/content/fall_detection_work/MCFD/MCFD/clips/chute03_cam4_0_12.145_19.715_1_4_mcfd.avi,1,4,3,walk,0,0,12.145136666666668,19.714666666666663,test
MCFD,/content/fall_detection_work/MCFD/MCFD/clips/chute03_cam5_0_12.778_20.348_1_5_mcfd.avi,1,5,3,walk,0,0,12.77847,20.348,test
MCFD,/content/fall_detection_work/MCFD/MCFD/clips/chute03_cam7_0_12.278_19.848_1_7_mcfd.avi,1,7,3,walk,0,0,12.27847,19.848,test
MCFD,/content/fall_detection_work/MCFD/MCFD/clips/chute03_cam8_0_11.612_19.181_1_8_mcfd.avi,1,8,3,walk,0,0,11.611803333333334,19.18133333333333,test
MCFD,/content/fall_detection_work/MCFD/MCFD/clips/chute03_cam1_0_12.012_19.581_1_1_mcfd.avi,1,1,3,fall,1,1,19.613333333333333,22.345143333333333,train
MCFD,/content/fall_detection_work/MCFD/MCFD/clips/chute03_cam2_0_12.145_19.715_1_2_mcfd.avi,1,2,3,fall,1,1,19.746666666666663,22.478476666666666,test
MCFD,/content/fall_detection_work/MCFD/MCFD/clips/chute03_cam3_0_11.878_19.448_1_3_mcfd.avi,1,3,3,fall,1,1,19.48,22.21181,val
MCFD,/content/fall_detection_work/MCFD/MCFD/clips/chute03_cam4_0_12.145_19.715_1_4_mcfd.avi,1,4,3,fall,1,1,19.746666666666663,22.478476666666666,test
MCFD,/content/fall_detection_work/MCFD/MCFD/clips/chute03_cam5_0_12.778_20.348_1_5_mcfd.avi,1,5,3,fall,1,1,20.38,23.11181,test
MCFD,/content/fall_detection_work/MCFD/MCFD/clips/chute03_cam7_0_12.278_19.848_1_7_mcfd.avi,1,7,3,fall,1,1,19.88,22.61181,test
MCFD,/content/fall_detection_work/MCFD/MCFD/clips/chute03_cam8_0_11.612_19.181_1_8_mcfd.avi,1,8,3,fall,1,1,19.21333333333333,21.94514333333333,test
MCFD,/content/fall_detection_work/MCFD/MCFD/clips/chute04_cam1_0_9.953_12.521_1_1_mcfd.avi,1,1,4,walk,0,0,9.953473333333331,12.521333333333333,train
MCFD,/content/fall_detection_work/MCFD/MCFD/clips/chute04_cam2_0_10.187_12.755_1_2_mcfd.avi,1,2,4,walk,0,0,10.186806666666667,12.754666666666669,test
MCFD,/content/fall_detection_work/MCFD/MCFD/clips/chute04_cam3_0_10.153_12.721_1_3_mcfd.avi,1,3,4,walk,0,0,10.153473333333334,12.721333333333334,val
MCFD,/content/fall_detection_work/MCFD/MCFD/clips/chute04_cam4_0_7.553_10.121_1_4_mcfd.avi,1,4,4,walk,0,0,7.553473333333334,10.121333333333332,test
MCFD,/content/fall_detection_work/MCFD/MCFD/clips/chute04_cam5_0_9.820_12.388_1_5_mcfd.avi,1,5,4,walk,0,0,9.82014,12.388,test
MCFD,/content/fall_detection_work/MCFD/MCFD/clips/chute04_cam7_0_10.320_12.888_1_7_mcfd.avi,1,7,4,walk,0,0,10.32014,12.888,test
MCFD,/content/fall_detection_work/MCFD/MCFD/clips/chute04_cam8_0_9.420_11.988_1_8_mcfd.avi,1,8,4,walk,0,0,9.42014,11.988,test
MCFD,/content/fall_detection_work/MCFD/MCFD/clips/chute04_cam1_0_9.953_12.521_1_1_mcfd.avi,1,1,4,fall,1,1,12.521333333333333,13.870143333333331,train
MCFD,/content/fall_detection_work/MCFD/MCFD/clips/chute04_cam2_0_10.187_12.755_1_2_mcfd.avi,1,2,4,fall,1,1,12.754666666666669,14.103476666666667,test
MCFD,/content/fall_detection_work/MCFD/MCFD/clips/chute04_cam3_0_10.153_12.721_1_3_mcfd.avi,1,3,4,fall,1,1,12.721333333333334,14.070143333333334,val
MCFD,/content/fall_detection_work/MCFD/MCFD/clips/chute04_cam4_0_7.553_10.121_1_4_mcfd.avi,1,4,4,fall,1,1,10.121333333333332,11.470143333333333,test
MCFD,/content/fall_detection_work/MCFD/MCFD/clips/chute04_cam5_0_9.820_12.388_1_5_mcfd.avi,1,5,4,fall,1,1,12.388,13.73681,test
MCFD,/content/fall_detection_work/MCFD/MCFD/clips/chute04_cam7_0_10.320_12.888_1_7_mcfd.avi,1,7,4,fall,1,1,12.888,14.23681,test
MCFD,/content/fall_detection_work/MCFD/MCFD/clips/chute04_cam8_0_9.420_11.988_1_8_mcfd.avi,1,8,4,fall,1,1,11.988,13.33681,test
MCFD,/content/fall_detection_work/MCFD/MCFD/clips/chute05_cam1_0_9.766_10.613_1_1_mcfd.avi,1,1,5,walk,0,0,9.765976666666669,10.612666666666668,train
MCFD,/content/fall_detection_work/MCFD/MCFD/clips/chute05_cam2_0_9.999_10.846_1_2_mcfd.avi,1,2,5,walk,0,0,9.99931,10.846,test
MCFD,/content/fall_detection_work/MCFD/MCFD/clips/chute05_cam3_0_9.366_10.213_1_3_mcfd.avi,1,3,5,walk,0,0,9.365976666666668,10.212666666666667,val
MCFD,/content/fall_detection_work/MCFD/MCFD/clips/chute05_cam4_0_9.566_10.413_1_4_mcfd.avi,1,4,5,walk,0,0,9.565976666666668,10.412666666666668,test
MCFD,/content/fall_detection_work/MCFD/MCFD/clips/chute05_cam5_0_9.799_10.646_1_5_mcfd.avi,1,5,5,walk,0,0,9.79931,10.646,test
MCFD,/content/fall_detection_work/MCFD/MCFD/clips/chute05_cam7_0_10.066_10.913_1_7_mcfd.avi,1,7,5,walk,0,0,10.065976666666668,10.912666666666668,test
MCFD,/content/fall_detection_work/MCFD/MCFD/clips/chute05_cam8_0_10.133_10.979_1_8_mcfd.avi,1,8,5,walk,0,0,10.132643333333334,10.979333333333336,test
MCFD,/content/fall_detection_work/MCFD/MCFD/clips/chute05_cam1_0_9.766_10.613_1_1_mcfd.avi,1,1,5,fall,1,1,10.648666666666667,12.890976666666669,train
MCFD,/content/fall_detection_work/MCFD/MCFD/clips/chute05_cam2_0_9.999_10.846_1_2_mcfd.avi,1,2,5,fall,1,1,10.882,13.12431,test
MCFD,/content/fall_detection_work/MCFD/MCFD/clips/chute05_cam3_0_9.366_10.213_1_3_mcfd.avi,1,3,5,fall,1,1,10.248666666666669,12.490976666666668,val
MCFD,/content/fall_detection_work/MCFD/MCFD/clips/chute05_cam4_0_9.566_10.413_1_4_mcfd.avi,1,4,5,fall,1,1,10.448666666666668,12.690976666666668,test
MCFD,/content/fall_detection_work/MCFD/MCFD/clips/chute05_cam5_0_9.799_10.646_1_5_mcfd.avi,1,5,5,fall,1,1,10.682,12.92431,test
MCFD,/content/fall_detection_work/MCFD/MCFD/clips/chute05_cam7_0_10.066_10.913_1_7_mcfd.avi,1,7,5,fall,1,1,10.948666666666668,13.190976666666668,test
MCFD,/content/fall_detection_work/MCFD/MCFD/clips/chute05_cam8_0_10.133_10.979_1_8_mcfd.avi,1,8,5,fall,1,1,11.015333333333334,13.257643333333334,test
MCFD,/content/fall_detection_work/MCFD/MCFD/clips/chute05_cam1_0_9.766_10.613_1_1_mcfd.avi,1,1,5,fallen,2,1,12.890666666666666,15.280666666666669,train
MCFD,/content/fall_detection_work/MCFD/MCFD/clips/chute05_cam2_0_9.999_10.846_1_2_mcfd.avi,1,2,5,fallen,2,1,13.124,15.514,test
MCFD,/content/fall_detection_work/MCFD/MCFD/clips/chute05_cam3_0_9.366_10.213_1_3_mcfd.avi,1,3,5,fallen,2,1,12.490666666666666,14.880666666666666,val
MCFD,/content/fall_detection_work/MCFD/MCFD/clips/chute05_cam4_0_9.566_10.413_1_4_mcfd.avi,1,4,5,fallen,2,1,12.690666666666669,15.080666666666668,test
MCFD,/content/fall_detection_work/MCFD/MCFD/clips/chute05_cam5_0_9.799_10.646_1_5_mcfd.avi,1,5,5,fallen,2,1,12.924,15.314,test
MCFD,/content/fall_detection_work/MCFD/MCFD/clips/chute05_cam7_0_10.066_10.913_1_7_mcfd.avi,1,7,5,fallen,2,1,13.190666666666669,15.580666666666668,test
MCFD,/content/fall_detection_work/MCFD/MCFD/clips/chute05_cam8_0_10.133_10.979_1_8_mcfd.avi,1,8,5,fallen,2,1,13.257333333333332,15.647333333333334,test
MCFD,/content/fall_detection_work/MCFD/MCFD/clips/chute06_cam1_0_10.999_19.935_1_1_mcfd.avi,1,1,6,walk,0,0,10.999303333333334,19.93533333333333,train
MCFD,/content/fall_detection_work/MCFD/MCFD/clips/chute06_cam2_0_14.333_23.269_1_2_mcfd.avi,1,2,6,walk,0,0,14.332636666666668,23.268666666666668,test
MCFD,/content/fall_detection_work/MCFD/MCFD/clips/chute06_cam3_0_14.533_23.469_1_3_mcfd.avi,1,3,6,walk,0,0,14.532636666666669,23.468666666666667,val
MCFD,/content/fall_detection_work/MCFD/MCFD/clips/chute06_cam4_0_13.999_22.935_1_4_mcfd.avi,1,4,6,walk,0,0,13.999303333333334,22.935333333333336,test
MCFD,/content/fall_detection_work/MCFD/MCFD/clips/chute06_cam5_0_13.966_22.902_1_5_mcfd.avi,1,5,6,walk,0,0,13.96597,22.902,test
MCFD,/content/fall_detection_work/MCFD/MCFD/clips/chute06_cam7_0_14.466_23.402_1_7_mcfd.avi,1,7,6,walk,0,0,14.46597,23.402,test
MCFD,/content/fall_detection_work/MCFD/MCFD/clips/chute06_cam8_0_13.966_22.902_1_8_mcfd.avi,1,8,6,walk,0,0,13.96597,22.902,test
MCFD,/content/fall_detection_work/MCFD/MCFD/clips/chute06_cam1_0_10.999_19.935_1_1_mcfd.avi,1,1,6,fall,1,1,19.967333333333336,22.353473333333334,train
MCFD,/content/fall_detection_work/MCFD/MCFD/clips/chute06_cam2_0_14.333_23.269_1_2_mcfd.avi,1,2,6,fall,1,1,23.300666666666668,25.686806666666666,test
MCFD,/content/fall_detection_work/MCFD/MCFD/clips/chute06_cam3_0_14.533_23.469_1_3_mcfd.avi,1,3,6,fall,1,1,23.500666666666667,25.886806666666665,val
MCFD,/content/fall_detection_work/MCFD/MCFD/clips/chute06_cam4_0_13.999_22.935_1_4_mcfd.avi,1,4,6,fall,1,1,22.967333333333336,25.353473333333334,test
MCFD,/content/fall_detection_work/MCFD/MCFD/clips/chute06_cam5_0_13.966_22.902_1_5_mcfd.avi,1,5,6,fall,1,1,22.934,25.32014,test
MCFD,/content/fall_detection_work/MCFD/MCFD/clips/chute06_cam7_0_14.466_23.402_1_7_mcfd.avi,1,7,6,fall,1,1,23.434,25.82014,test
MCFD,/content/fall_detection_work/MCFD/MCFD/clips/chute06_cam8_0_13.966_22.902_1_8_mcfd.avi,1,8,6,fall,1,1,22.934,25.32014,test
MCFD,/content/fall_detection_work/MCFD/MCFD/clips/chute07_cam1_0_11.741_17.310_1_1_mcfd.avi,1,1,7,walk,0,0,11.74097,17.31,train
MCFD,/content/fall_detection_work/MCFD/MCFD/clips/chute07_cam2_0_11.274_16.843_1_2_mcfd.avi,1,2,7,walk,0,0,11.274303333333334,16.843333333333334,test
MCFD,/content/fall_detection_work/MCFD/MCFD/clips/chute07_cam3_0_11.341_16.910_1_3_mcfd.avi,1,3,7,walk,0,0,11.34097,16.91,val
MCFD,/content/fall_detection_work/MCFD/MCFD/clips/chute07_cam4_0_10.808_16.377_1_4_mcfd.avi,1,4,7,walk,0,0,10.807636666666667,16.376666666666665,test
MCFD,/content/fall_detection_work/MCFD/MCFD/clips/chute07_cam5_0_10.841_16.410_1_5_mcfd.avi,1,5,7,walk,0,0,10.84097,16.41,test
MCFD,/content/fall_detection_work/MCFD/MCFD/clips/chute07_cam7_0_11.408_16.977_1_7_mcfd.avi,1,7,7,walk,0,0,11.407636666666669,16.976666666666667,test
MCFD,/content/fall_detection_work/MCFD/MCFD/clips/chute07_cam8_0_11.474_17.043_1_8_mcfd.avi,1,8,7,walk,0,0,11.474303333333332,17.043333333333333,test
MCFD,/content/fall_detection_work/MCFD/MCFD/clips/chute07_cam1_0_11.741_17.310_1_1_mcfd.avi,1,1,7,fall,1,1,17.346,19.49097,train
MCFD,/content/fall_detection_work/MCFD/MCFD/clips/chute07_cam2_0_11.274_16.843_1_2_mcfd.avi,1,2,7,fall,1,1,16.879333333333335,19.02430333333333,test
MCFD,/content/fall_detection_work/MCFD/MCFD/clips/chute07_cam3_0_11.341_16.910_1_3_mcfd.avi,1,3,7,fall,1,1,16.946,19.09097,val
MCFD,/content/fall_detection_work/MCFD/MCFD/clips/chute07_cam4_0_10.808_16.377_1_4_mcfd.avi,1,4,7,fall,1,1,16.412666666666667,18.557636666666664,test
MCFD,/content/fall_detection_work/MCFD/MCFD/clips/chute07_cam5_0_10.841_16.410_1_5_mcfd.avi,1,5,7,fall,1,1,16.446,18.59097,test
MCFD,/content/fall_detection_work/MCFD/MCFD/clips/chute07_cam7_0_11.408_16.977_1_7_mcfd.avi,1,7,7,fall,1,1,17.012666666666668,19.157636666666665,test
MCFD,/content/fall_detection_work/MCFD/MCFD/clips/chute07_cam8_0_11.474_17.043_1_8_mcfd.avi,1,8,7,fall,1,1,17.079333333333334,19.22430333333333,test
MCFD,/content/fall_detection_work/MCFD/MCFD/clips/chute08_cam1_0_7.878_12.687_1_1_mcfd.avi,1,1,8,walk,0,0,7.878473333333334,12.687333333333331,train
MCFD,/content/fall_detection_work/MCFD/MCFD/clips/chute08_cam2_0_7.445_12.254_1_2_mcfd.avi,1,2,8,walk,0,0,7.44514,12.254,test
MCFD,/content/fall_detection_work/MCFD/MCFD/clips/chute08_cam3_0_4.812_9.621_1_3_mcfd.avi,1,3,8,walk,0,0,4.811806666666668,9.620666666666668,val
MCFD,/content/fall_detection_work/MCFD/MCFD/clips/chute08_cam4_0_7.512_12.321_1_4_mcfd.avi,1,4,8,walk,0,0,7.511806666666667,12.320666666666666,test
MCFD,/content/fall_detection_work/MCFD/MCFD/clips/chute08_cam5_0_6.945_11.754_1_5_mcfd.avi,1,5,8,walk,0,0,6.94514,11.754,test
MCFD,/content/fall_detection_work/MCFD/MCFD/clips/chute08_cam7_0_7.545_12.354_1_7_mcfd.avi,1,7,8,walk,0,0,7.54514,12.354,test
MCFD,/content/fall_detection_work/MCFD/MCFD/clips/chute08_cam8_0_6.678_11.487_1_8_mcfd.avi,1,8,8,walk,0,0,6.678473333333334,11.487333333333332,test
MCFD,/content/fall_detection_work/MCFD/MCFD/clips/chute08_cam1_0_7.878_12.687_1_1_mcfd.avi,1,1,8,fall,1,1,12.719333333333331,14.086803333333334,train
MCFD,/content/fall_detection_work/MCFD/MCFD/clips/chute08_cam2_0_7.445_12.254_1_2_mcfd.avi,1,2,8,fall,1,1,12.286,13.65347,test
MCFD,/content/fall_detection_work/MCFD/MCFD/clips/chute08_cam3_0_4.812_9.621_1_3_mcfd.avi,1,3,8,fall,1,1,9.652666666666669,11.020136666666668,val
MCFD,/content/fall_detection_work/MCFD/MCFD/clips/chute08_cam4_0_7.512_12.321_1_4_mcfd.avi,1,4,8,fall,1,1,12.352666666666666,13.720136666666669,test
MCFD,/content/fall_detection_work/MCFD/MCFD/clips/chute08_cam5_0_6.945_11.754_1_5_mcfd.avi,1,5,8,fall,1,1,11.786,13.15347,test
MCFD,/content/fall_detection_work/MCFD/MCFD/clips/chute08_cam7_0_7.545_12.354_1_7_mcfd.avi,1,7,8,fall,1,1,12.386,13.75347,test
MCFD,/content/fall_detection_work/MCFD/MCFD/clips/chute08_cam8_0_6.678_11.487_1_8_mcfd.avi,1,8,8,fall,1,1,11.519333333333332,12.886803333333331,test
MCFD,/content/fall_detection_work/MCFD/MCFD/clips/chute08_cam1_0_7.878_12.687_1_1_mcfd.avi,1,1,8,fallen,2,1,14.086333333333334,16.355333333333334,train
MCFD,/content/fall_detection_work/MCFD/MCFD/clips/chute08_cam2_0_7.445_12.254_1_2_mcfd.avi,1,2,8,fallen,2,1,13.653,15.922,test
MCFD,/content/fall_detection_work/MCFD/MCFD/clips/chute08_cam3_0_4.812_9.621_1_3_mcfd.avi,1,3,8,fallen,2,1,11.019666666666668,13.288666666666668,val
MCFD,/content/fall_detection_work/MCFD/MCFD/clips/chute08_cam4_0_7.512_12.321_1_4_mcfd.avi,1,4,8,fallen,2,1,13.719666666666669,15.988666666666669,test
MCFD,/content/fall_detection_work/MCFD/MCFD/clips/chute08_cam5_0_6.945_11.754_1_5_mcfd.avi,1,5,8,fallen,2,1,13.153,15.422,test
MCFD,/content/fall_detection_work/MCFD/MCFD/clips/chute08_cam7_0_7.545_12.354_1_7_mcfd.avi,1,7,8,fallen,2,1,13.753,16.022000000000002,test
MCFD,/content/fall_detection_work/MCFD/MCFD/clips/chute08_cam8_0_6.678_11.487_1_8_mcfd.avi,1,8,8,fallen,2,1,12.886333333333331,15.155333333333331,test
MCFD,/content/fall_detection_work/MCFD/MCFD/clips/chute09_cam1_0_10.216_16.273_1_1_mcfd.avi,1,1,9,walk,0,0,10.215976666666666,16.27266666666667,train
MCFD,/content/fall_detection_work/MCFD/MCFD/clips/chute09_cam2_0_9.916_15.973_1_2_mcfd.avi,1,2,9,walk,0,0,9.915976666666667,15.972666666666669,test
MCFD,/content/fall_detection_work/MCFD/MCFD/clips/chute09_cam3_0_9.649_15.706_1_3_mcfd.avi,1,3,9,walk,0,0,9.64931,15.706,val
MCFD,/content/fall_detection_work/MCFD/MCFD/clips/chute09_cam4_0_10.249_16.306_1_4_mcfd.avi,1,4,9,walk,0,0,10.24931,16.306,test
MCFD,/content/fall_detection_work/MCFD/MCFD/clips/chute09_cam5_0_10.049_16.106_1_5_mcfd.avi,1,5,9,walk,0,0,10.04931,16.106,test
MCFD,/content/fall_detection_work/MCFD/MCFD/clips/chute09_cam7_0_10.016_16.073_1_7_mcfd.avi,1,7,9,walk,0,0,10.015976666666669,16.072666666666667,test
MCFD,/content/fall_detection_work/MCFD/MCFD/clips/chute09_cam8_0_9.616_15.673_1_8_mcfd.avi,1,8,9,walk,0,0,9.615976666666668,15.672666666666668,test
MCFD,/content/fall_detection_work/MCFD/MCFD/clips/chute09_cam1_0_10.216_16.273_1_1_mcfd.avi,1,1,9,fall,1,1,16.308666666666667,17.372666666666667,train
MCFD,/content/fall_detection_work/MCFD/MCFD/clips/chute09_cam2_0_9.916_15.973_1_2_mcfd.avi,1,2,9,fall,1,1,16.008666666666667,17.072666666666667,test
MCFD,/content/fall_detection_work/MCFD/MCFD/clips/chute09_cam3_0_9.649_15.706_1_3_mcfd.avi,1,3,9,fall,1,1,15.742,16.806,val
MCFD,/content/fall_detection_work/MCFD/MCFD/clips/chute09_cam4_0_10.249_16.306_1_4_mcfd.avi,1,4,9,fall,1,1,16.342,17.406,test
MCFD,/content/fall_detection_work/MCFD/MCFD/clips/chute09_cam5_0_10.049_16.106_1_5_mcfd.avi,1,5,9,fall,1,1,16.142,17.206,test
MCFD,/content/fall_detection_work/MCFD/MCFD/clips/chute09_cam7_0_10.016_16.073_1_7_mcfd.avi,1,7,9,fall,1,1,16.108666666666664,17.172666666666665,test
MCFD,/content/fall_detection_work/MCFD/MCFD/clips/chute09_cam8_0_9.616_15.673_1_8_mcfd.avi,1,8,9,fall,1,1,15.708666666666666,16.772666666666666,test
MCFD,/content/fall_detection_work/MCFD/MCFD/clips/chute09_cam1_0_10.216_16.273_1_1_mcfd.avi,1,1,9,sitting,4,0,17.40866666666667,19.74066666666667,train
MCFD,/content/fall_detection_work/MCFD/MCFD/clips/chute09_cam2_0_9.916_15.973_1_2_mcfd.avi,1,2,9,sitting,4,0,17.108666666666668,19.44066666666667,test
MCFD,/content/fall_detection_work/MCFD/MCFD/clips/chute09_cam3_0_9.649_15.706_1_3_mcfd.avi,1,3,9,sitting,4,0,16.842000000000002,19.174000000000003,val
MCFD,/content/fall_detection_work/MCFD/MCFD/clips/chute09_cam4_0_10.249_16.306_1_4_mcfd.avi,1,4,9,sitting,4,0,17.442,19.774,test
MCFD,/content/fall_detection_work/MCFD/MCFD/clips/chute09_cam5_0_10.049_16.106_1_5_mcfd.avi,1,5,9,sitting,4,0,17.242,19.574,test
MCFD,/content/fall_detection_work/MCFD/MCFD/clips/chute09_cam7_0_10.016_16.073_1_7_mcfd.avi,1,7,9,sitting,4,0,17.208666666666666,19.540666666666667,test
MCFD,/content/fall_detection_work/MCFD/MCFD/clips/chute09_cam8_0_9.616_15.673_1_8_mcfd.avi,1,8,9,sitting,4,0,16.808666666666667,19.140666666666668,test
MCFD,/content/fall_detection_work/MCFD/MCFD/clips/chute09_cam1_0_10.216_16.273_1_1_mcfd.avi,1,1,9,stand_up,7,0,19.77266666666667,21.44066666666667,train
MCFD,/content/fall_detection_work/MCFD/MCFD/clips/chute09_cam2_0_9.916_15.973_1_2_mcfd.avi,1,2,9,stand_up,7,0,19.47266666666667,21.140666666666668,test
MCFD,/content/fall_detection_work/MCFD/MCFD/clips/chute09_cam3_0_9.649_15.706_1_3_mcfd.avi,1,3,9,stand_up,7,0,19.206000000000003,20.874,val
MCFD,/content/fall_detection_work/MCFD/MCFD/clips/chute09_cam4_0_10.249_16.306_1_4_mcfd.avi,1,4,9,stand_up,7,0,19.806,21.474,test
MCFD,/content/fall_detection_work/MCFD/MCFD/clips/chute09_cam5_0_10.049_16.106_1_5_mcfd.avi,1,5,9,stand_up,7,0,19.606,21.274,test
MCFD,/content/fall_detection_work/MCFD/MCFD/clips/chute09_cam7_0_10.016_16.073_1_7_mcfd.avi,1,7,9,stand_up,7,0,19.572666666666667,21.240666666666662,test
MCFD,/content/fall_detection_work/MCFD/MCFD/clips/chute09_cam8_0_9.616_15.673_1_8_mcfd.avi,1,8,9,stand_up,7,0,19.172666666666668,20.840666666666667,test
MCFD,/content/fall_detection_work/MCFD/MCFD/clips/chute09_cam1_0_10.216_16.273_1_1_mcfd.avi,1,1,9,fall,1,1,21.47266666666667,22.903476666666663,train
MCFD,/content/fall_detection_work/MCFD/MCFD/clips/chute09_cam2_0_9.916_15.973_1_2_mcfd.avi,1,2,9,fall,1,1,21.172666666666668,22.603476666666666,test
MCFD,/content/fall_detection_work/MCFD/MCFD/clips/chute09_cam3_0_9.649_15.706_1_3_mcfd.avi,1,3,9,fall,1,1,20.906,22.33681,val
MCFD,/content/fall_detection_work/MCFD/MCFD/clips/chute09_cam4_0_10.249_16.306_1_4_mcfd.avi,1,4,9,fall,1,1,21.506,22.93681,test
MCFD,/content/fall_detection_work/MCFD/MCFD/clips/chute09_cam5_0_10.049_16.106_1_5_mcfd.avi,1,5,9,fall,1,1,21.306,22.73681,test
MCFD,/content/fall_detection_work/MCFD/MCFD/clips/chute09_cam7_0_10.016_16.073_1_7_mcfd.avi,1,7,9,fall,1,1,21.272666666666662,22.703476666666663,test
MCFD,/content/fall_detection_work/MCFD/MCFD/clips/chute09_cam8_0_9.616_15.673_1_8_mcfd.avi,1,8,9,fall,1,1,20.872666666666667,22.303476666666665,test
MCFD,/content/fall_detection_work/MCFD/MCFD/clips/chute10_cam1_0_10.553_16.013_1_1_mcfd.avi,1,1,10,walk,0,0,10.553476666666668,16.012666666666668,train
MCFD,/content/fall_detection_work/MCFD/MCFD/clips/chute10_cam2_0_10.587_16.046_1_2_mcfd.avi,1,2,10,walk,0,0,10.58681,16.046,test
MCFD,/content/fall_detection_work/MCFD/MCFD/clips/chute10_cam3_0_10.720_16.179_1_3_mcfd.avi,1,3,10,walk,0,0,10.720143333333333,16.179333333333332,val
MCFD,/content/fall_detection_work/MCFD/MCFD/clips/chute10_cam4_0_11.187_16.646_1_4_mcfd.avi,1,4,10,walk,0,0,11.18681,16.646,test
MCFD,/content/fall_detection_work/MCFD/MCFD/clips/chute10_cam5_0_10.487_15.946_1_5_mcfd.avi,1,5,10,walk,0,0,10.48681,15.946,test
MCFD,/content/fall_detection_work/MCFD/MCFD/clips/chute10_cam7_0_10.720_16.179_1_7_mcfd.avi,1,7,10,walk,0,0,10.720143333333333,16.179333333333332,test
MCFD,/content/fall_detection_work/MCFD/MCFD/clips/chute10_cam8_0_10.087_15.546_1_8_mcfd.avi,1,8,10,walk,0,0,10.08681,15.546,test
MCFD,/content/fall_detection_work/MCFD/MCFD/clips/chute10_cam1_0_10.553_16.013_1_1_mcfd.avi,1,1,10,sit_down,3,0,16.044666666666668,17.386806666666665,train
MCFD,/content/fall_detection_work/MCFD/MCFD/clips/chute10_cam2_0_10.587_16.046_1_2_mcfd.avi,1,2,10,sit_down,3,0,16.078,17.42014,test
MCFD,/content/fall_detection_work/MCFD/MCFD/clips/chute10_cam3_0_10.720_16.179_1_3_mcfd.avi,1,3,10,sit_down,3,0,16.211333333333332,17.553473333333333,val
MCFD,/content/fall_detection_work/MCFD/MCFD/clips/chute10_cam4_0_11.187_16.646_1_4_mcfd.avi,1,4,10,sit_down,3,0,16.678,18.02014,test
MCFD,/content/fall_detection_work/MCFD/MCFD/clips/chute10_cam5_0_10.487_15.946_1_5_mcfd.avi,1,5,10,sit_down,3,0,15.978,17.32014,test
MCFD,/content/fall_detection_work/MCFD/MCFD/clips/chute10_cam7_0_10.720_16.179_1_7_mcfd.avi,1,7,10,sit_down,3,0,16.211333333333332,17.553473333333333,test
MCFD,/content/fall_detection_work/MCFD/MCFD/clips/chute10_cam8_0_10.087_15.546_1_8_mcfd.avi,1,8,10,sit_down,3,0,15.578,16.92014,test
MCFD,/content/fall_detection_work/MCFD/MCFD/clips/chute10_cam1_0_10.553_16.013_1_1_mcfd.avi,1,1,10,fallen,2,1,18.719666666666665,20.883476666666667,train
MCFD,/content/fall_detection_work/MCFD/MCFD/clips/chute10_cam2_0_10.587_16.046_1_2_mcfd.avi,1,2,10,fallen,2,1,18.753,20.91681,test
MCFD,/content/fall_detection_work/MCFD/MCFD/clips/chute10_cam3_0_10.720_16.179_1_3_mcfd.avi,1,3,10,fallen,2,1,18.886333333333333,21.05014333333333,val
MCFD,/content/fall_detection_work/MCFD/MCFD/clips/chute10_cam4_0_11.187_16.646_1_4_mcfd.avi,1,4,10,fallen,2,1,19.353,21.51681,test
MCFD,/content/fall_detection_work/MCFD/MCFD/clips/chute10_cam5_0_10.487_15.946_1_5_mcfd.avi,1,5,10,fallen,2,1,18.653,20.81681,test
MCFD,/content/fall_detection_work/MCFD/MCFD/clips/chute10_cam7_0_10.720_16.179_1_7_mcfd.avi,1,7,10,fallen,2,1,18.886333333333333,21.05014333333333,test
MCFD,/content/fall_detection_work/MCFD/MCFD/clips/chute10_cam8_0_10.087_15.546_1_8_mcfd.avi,1,8,10,fallen,2,1,18.253,20.41681,test
MCFD,/content/fall_detection_work/MCFD/MCFD/clips/chute11_cam1_0_13.274_16.403_1_1_mcfd.avi,1,1,11,walk,0,0,13.274306666666668,16.402666666666665,train
MCFD,/content/fall_detection_work/MCFD/MCFD/clips/chute11_cam2_0_12.641_15.769_1_2_mcfd.avi,1,2,11,walk,0,0,12.640973333333331,15.769333333333332,test
MCFD,/content/fall_detection_work/MCFD/MCFD/clips/chute11_cam3_0_13.174_16.303_1_3_mcfd.avi,1,3,11,walk,0,0,13.174306666666666,16.302666666666667,val
MCFD,/content/fall_detection_work/MCFD/MCFD/clips/chute11_cam4_0_12.974_16.103_1_4_mcfd.avi,1,4,11,walk,0,0,12.974306666666669,16.102666666666664,test
MCFD,/content/fall_detection_work/MCFD/MCFD/clips/chute11_cam5_0_12.508_15.636_1_5_mcfd.avi,1,5,11,walk,0,0,12.50764,15.636,test
MCFD,/content/fall_detection_work/MCFD/MCFD/clips/chute11_cam7_0_12.741_15.869_1_7_mcfd.avi,1,7,11,walk,0,0,12.740973333333333,15.869333333333332,test
MCFD,/content/fall_detection_work/MCFD/MCFD/clips/chute11_cam8_0_12.908_16.036_1_8_mcfd.avi,1,8,11,walk,0,0,12.90764,16.035999999999998,test
MCFD,/content/fall_detection_work/MCFD/MCFD/clips/chute11_cam1_0_13.274_16.403_1_1_mcfd.avi,1,1,11,fall,1,1,16.438666666666666,18.003476666666664,train
MCFD,/content/fall_detection_work/MCFD/MCFD/clips/chute11_cam2_0_12.641_15.769_1_2_mcfd.avi,1,2,11,fall,1,1,15.805333333333332,17.37014333333333,test
MCFD,/content/fall_detection_work/MCFD/MCFD/clips/chute11_cam3_0_13.174_16.303_1_3_mcfd.avi,1,3,11,fall,1,1,16.33866666666667,17.903476666666666,val
MCFD,/content/fall_detection_work/MCFD/MCFD/clips/chute11_cam4_0_12.974_16.103_1_4_mcfd.avi,1,4,11,fall,1,1,16.138666666666666,17.703476666666663,test
MCFD,/content/fall_detection_work/MCFD/MCFD/clips/chute11_cam5_0_12.508_15.636_1_5_mcfd.avi,1,5,11,fall,1,1,15.672,17.23681,test
MCFD,/content/fall_detection_work/MCFD/MCFD/clips/chute11_cam7_0_12.741_15.869_1_7_mcfd.avi,1,7,11,fall,1,1,15.905333333333331,17.470143333333333,test
MCFD,/content/fall_detection_work/MCFD/MCFD/clips/chute11_cam8_0_12.908_16.036_1_8_mcfd.avi,1,8,11,fall,1,1,16.072,17.636809999999997,test
MCFD,/content/fall_detection_work/MCFD/MCFD/clips/chute12_cam1_0_12.634_20.934_1_1_mcfd.avi,1,1,12,walk,0,0,12.634,20.934,train
MCFD,/content/fall_detection_work/MCFD/MCFD/clips/chute12_cam2_0_12.134_20.434_1_2_mcfd.avi,1,2,12,walk,0,0,12.134,20.434,test
MCFD,/content/fall_detection_work/MCFD/MCFD/clips/chute12_cam3_0_12.367_20.667_1_3_mcfd.avi,1,3,12,walk,0,0,12.367333333333333,20.66733333333333,val
MCFD,/content/fall_detection_work/MCFD/MCFD/clips/chute12_cam4_0_12.201_20.501_1_4_mcfd.avi,1,4,12,walk,0,0,12.200666666666669,20.500666666666667,test
MCFD,/content/fall_detection_work/MCFD/MCFD/clips/chute12_cam5_0_11.934_20.234_1_5_mcfd.avi,1,5,12,walk,0,0,11.934,20.234,test
MCFD,/content/fall_detection_work/MCFD/MCFD/clips/chute12_cam7_0_12.167_20.467_1_7_mcfd.avi,1,7,12,walk,0,0,12.167333333333332,20.467333333333336,test
MCFD,/content/fall_detection_work/MCFD/MCFD/clips/chute12_cam8_0_11.934_20.234_1_8_mcfd.avi,1,8,12,walk,0,0,11.934,20.234,test
MCFD,/content/fall_detection_work/MCFD/MCFD/clips/chute12_cam1_0_12.634_20.934_1_1_mcfd.avi,1,1,12,fall,1,1,20.97,22.57,train
MCFD,/content/fall_detection_work/MCFD/MCFD/clips/chute12_cam2_0_12.134_20.434_1_2_mcfd.avi,1,2,12,fall,1,1,20.47,22.07,test
MCFD,/content/fall_detection_work/MCFD/MCFD/clips/chute12_cam3_0_12.367_20.667_1_3_mcfd.avi,1,3,12,fall,1,1,20.703333333333333,22.30333333333333,val
MCFD,/content/fall_detection_work/MCFD/MCFD/clips/chute12_cam4_0_12.201_20.501_1_4_mcfd.avi,1,4,12,fall,1,1,20.536666666666665,22.136666666666667,test
MCFD,/content/fall_detection_work/MCFD/MCFD/clips/chute12_cam5_0_11.934_20.234_1_5_mcfd.avi,1,5,12,fall,1,1,20.27,21.87,test
MCFD,/content/fall_detection_work/MCFD/MCFD/clips/chute12_cam7_0_12.167_20.467_1_7_mcfd.avi,1,7,12,fall,1,1,20.50333333333333,22.10333333333333,test
MCFD,/content/fall_detection_work/MCFD/MCFD/clips/chute12_cam8_0_11.934_20.234_1_8_mcfd.avi,1,8,12,fall,1,1,20.27,21.87,test
MCFD,/content/fall_detection_work/MCFD/MCFD/clips/chute12_cam1_0_12.634_20.934_1_1_mcfd.avi,1,1,12,fallen,2,1,22.602,26.47,train
MCFD,/content/fall_detection_work/MCFD/MCFD/clips/chute12_cam2_0_12.134_20.434_1_2_mcfd.avi,1,2,12,fallen,2,1,22.102,25.97,test
MCFD,/content/fall_detection_work/MCFD/MCFD/clips/chute12_cam3_0_12.367_20.667_1_3_mcfd.avi,1,3,12,fallen,2,1,22.33533333333333,26.203333333333333,val
MCFD,/content/fall_detection_work/MCFD/MCFD/clips/chute12_cam4_0_12.201_20.501_1_4_mcfd.avi,1,4,12,fallen,2,1,22.168666666666667,26.036666666666665,test
MCFD,/content/fall_detection_work/MCFD/MCFD/clips/chute12_cam5_0_11.934_20.234_1_5_mcfd.avi,1,5,12,fallen,2,1,21.902,25.77,test
MCFD,/content/fall_detection_work/MCFD/MCFD/clips/chute12_cam7_0_12.167_20.467_1_7_mcfd.avi,1,7,12,fallen,2,1,22.13533333333333,26.00333333333333,test
MCFD,/content/fall_detection_work/MCFD/MCFD/clips/chute12_cam8_0_11.934_20.234_1_8_mcfd.avi,1,8,12,fallen,2,1,21.902,25.77,test
MCFD,/content/fall_detection_work/MCFD/MCFD/clips/chute13_cam1_0_10.583_14.883_1_1_mcfd.avi,1,1,13,walk,0,0,10.583333333333332,14.883333333333333,train
MCFD,/content/fall_detection_work/MCFD/MCFD/clips/chute13_cam2_0_11.150_15.450_1_2_mcfd.avi,1,2,13,walk,0,0,11.15,15.45,test
MCFD,/content/fall_detection_work/MCFD/MCFD/clips/chute13_cam3_0_10.050_14.350_1_3_mcfd.avi,1,3,13,walk,0,0,10.05,14.35,val
MCFD,/content/fall_detection_work/MCFD/MCFD/clips/chute13_cam4_0_10.283_14.583_1_4_mcfd.avi,1,4,13,walk,0,0,10.283333333333331,14.583333333333334,test
MCFD,/content/fall_detection_work/MCFD/MCFD/clips/chute13_cam5_0_10.950_15.250_1_5_mcfd.avi,1,5,13,walk,0,0,10.95,15.25,test
MCFD,/content/fall_detection_work/MCFD/MCFD/clips/chute13_cam7_0_11.250_15.550_1_7_mcfd.avi,1,7,13,walk,0,0,11.25,15.55,test
MCFD,/content/fall_detection_work/MCFD/MCFD/clips/chute13_cam8_0_10.483_14.783_1_8_mcfd.avi,1,8,13,walk,0,0,10.483333333333333,14.783333333333331,test
MCFD,/content/fall_detection_work/MCFD/MCFD/clips/chute13_cam1_0_10.583_14.883_1_1_mcfd.avi,1,1,13,fall,1,1,14.919333333333332,16.419333333333334,train
MCFD,/content/fall_detection_work/MCFD/MCFD/clips/chute13_cam2_0_11.150_15.450_1_2_mcfd.avi,1,2,13,fall,1,1,15.486,16.986,test
MCFD,/content/fall_detection_work/MCFD/MCFD/clips/chute13_cam3_0_10.050_14.350_1_3_mcfd.avi,1,3,13,fall,1,1,14.386,15.886,val
MCFD,/content/fall_detection_work/MCFD/MCFD/clips/chute13_cam4_0_10.283_14.583_1_4_mcfd.avi,1,4,13,fall,1,1,14.619333333333334,16.119333333333334,test
MCFD,/content/fall_detection_work/MCFD/MCFD/clips/chute13_cam5_0_10.950_15.250_1_5_mcfd.avi,1,5,13,fall,1,1,15.286,16.786,test
MCFD,/content/fall_detection_work/MCFD/MCFD/clips/chute13_cam7_0_11.250_15.550_1_7_mcfd.avi,1,7,13,fall,1,1,15.586,17.086000000000002,test
MCFD,/content/fall_detection_work/MCFD/MCFD/clips/chute13_cam8_0_10.483_14.783_1_8_mcfd.avi,1,8,13,fall,1,1,14.819333333333333,16.319333333333336,test
MCFD,/content/fall_detection_work/MCFD/MCFD/clips/chute13_cam1_0_10.583_14.883_1_1_mcfd.avi,1,1,13,other,9,0,16.451333333333334,21.75133333333333,train
MCFD,/content/fall_detection_work/MCFD/MCFD/clips/chute13_cam2_0_11.150_15.450_1_2_mcfd.avi,1,2,13,other,9,0,17.018,22.318,test
MCFD,/content/fall_detection_work/MCFD/MCFD/clips/chute13_cam3_0_10.050_14.350_1_3_mcfd.avi,1,3,13,other,9,0,15.918,21.218,val
MCFD,/content/fall_detection_work/MCFD/MCFD/clips/chute13_cam4_0_10.283_14.583_1_4_mcfd.avi,1,4,13,other,9,0,16.151333333333334,21.45133333333333,test
MCFD,/content/fall_detection_work/MCFD/MCFD/clips/chute13_cam5_0_10.950_15.250_1_5_mcfd.avi,1,5,13,other,9,0,16.818,22.118,test
MCFD,/content/fall_detection_work/MCFD/MCFD/clips/chute13_cam7_0_11.250_15.550_1_7_mcfd.avi,1,7,13,other,9,0,17.118000000000002,22.418,test
MCFD,/content/fall_detection_work/MCFD/MCFD/clips/chute13_cam8_0_10.483_14.783_1_8_mcfd.avi,1,8,13,other,9,0,16.351333333333336,21.651333333333334,test
MCFD,/content/fall_detection_work/MCFD/MCFD/clips/chute13_cam1_0_10.583_14.883_1_1_mcfd.avi,1,1,13,lying,6,0,21.78333333333333,23.89097333333333,train
MCFD,/content/fall_detection_work/MCFD/MCFD/clips/chute13_cam2_0_11.150_15.450_1_2_mcfd.avi,1,2,13,lying,6,0,22.35,24.45764,test
MCFD,/content/fall_detection_work/MCFD/MCFD/clips/chute13_cam3_0_10.050_14.350_1_3_mcfd.avi,1,3,13,lying,6,0,21.25,23.35764,val
MCFD,/content/fall_detection_work/MCFD/MCFD/clips/chute13_cam4_0_10.283_14.583_1_4_mcfd.avi,1,4,13,lying,6,0,21.48333333333333,23.59097333333333,test
MCFD,/content/fall_detection_work/MCFD/MCFD/clips/chute13_cam5_0_10.950_15.250_1_5_mcfd.avi,1,5,13,lying,6,0,22.15,24.25764,test
MCFD,/content/fall_detection_work/MCFD/MCFD/clips/chute13_cam7_0_11.250_15.550_1_7_mcfd.avi,1,7,13,lying,6,0,22.45,24.55764,test
MCFD,/content/fall_detection_work/MCFD/MCFD/clips/chute13_cam8_0_10.483_14.783_1_8_mcfd.avi,1,8,13,lying,6,0,21.683333333333334,23.790973333333334,test
MCFD,/content/fall_detection_work/MCFD/MCFD/clips/chute13_cam1_0_10.583_14.883_1_1_mcfd.avi,1,1,13,fall,1,1,27.98333333333333,29.319333333333333,train
MCFD,/content/fall_detection_work/MCFD/MCFD/clips/chute13_cam2_0_11.150_15.450_1_2_mcfd.avi,1,2,13,fall,1,1,28.55,29.886,test
MCFD,/content/fall_detection_work/MCFD/MCFD/clips/chute13_cam3_0_10.050_14.350_1_3_mcfd.avi,1,3,13,fall,1,1,27.450000000000003,28.786,val
MCFD,/content/fall_detection_work/MCFD/MCFD/clips/chute13_cam4_0_10.283_14.583_1_4_mcfd.avi,1,4,13,fall,1,1,27.683333333333334,29.01933333333333,test
MCFD,/content/fall_detection_work/MCFD/MCFD/clips/chute13_cam5_0_10.950_15.250_1_5_mcfd.avi,1,5,13,fall,1,1,28.35,29.686,test
MCFD,/content/fall_detection_work/MCFD/MCFD/clips/chute13_cam7_0_11.250_15.550_1_7_mcfd.avi,1,7,13,fall,1,1,28.65,29.986,test
MCFD,/content/fall_detection_work/MCFD/MCFD/clips/chute13_cam8_0_10.483_14.783_1_8_mcfd.avi,1,8,13,fall,1,1,27.883333333333336,29.21933333333333,test
MCFD,/content/fall_detection_work/MCFD/MCFD/clips/chute13_cam1_0_10.583_14.883_1_1_mcfd.avi,1,1,13,fallen,2,1,29.351333333333333,32.55133333333333,train
MCFD,/content/fall_detection_work/MCFD/MCFD/clips/chute13_cam2_0_11.150_15.450_1_2_mcfd.avi,1,2,13,fallen,2,1,29.918,33.118,test
MCFD,/content/fall_detection_work/MCFD/MCFD/clips/chute13_cam3_0_10.050_14.350_1_3_mcfd.avi,1,3,13,fallen,2,1,28.818,32.018,val
MCFD,/content/fall_detection_work/MCFD/MCFD/clips/chute13_cam4_0_10.283_14.583_1_4_mcfd.avi,1,4,13,fallen,2,1,29.05133333333333,32.251333333333335,test
MCFD,/content/fall_detection_work/MCFD/MCFD/clips/chute13_cam5_0_10.950_15.250_1_5_mcfd.avi,1,5,13,fallen,2,1,29.718,32.918,test
MCFD,/content/fall_detection_work/MCFD/MCFD/clips/chute13_cam7_0_11.250_15.550_1_7_mcfd.avi,1,7,13,fallen,2,1,30.018,33.218,test
MCFD,/content/fall_detection_work/MCFD/MCFD/clips/chute13_cam8_0_10.483_14.783_1_8_mcfd.avi,1,8,13,fallen,2,1,29.25133333333333,32.45133333333333,test
MCFD,/content/fall_detection_work/MCFD/MCFD/clips/chute14_cam1_0_14.053_20.153_1_1_mcfd.avi,1,1,14,walk,0,0,14.052666666666664,20.15266666666667,train
MCFD,/content/fall_detection_work/MCFD/MCFD/clips/chute14_cam2_0_13.619_19.719_1_2_mcfd.avi,1,2,14,walk,0,0,13.619333333333332,19.71933333333333,test
MCFD,/content/fall_detection_work/MCFD/MCFD/clips/chute14_cam3_0_13.686_19.786_1_3_mcfd.avi,1,3,14,walk,0,0,13.686,19.786,val
MCFD,/content/fall_detection_work/MCFD/MCFD/clips/chute14_cam4_0_12.419_18.519_1_4_mcfd.avi,1,4,14,walk,0,0,12.419333333333332,18.519333333333336,test
MCFD,/content/fall_detection_work/MCFD/MCFD/clips/chute14_cam5_0_13.386_19.486_1_5_mcfd.avi,1,5,14,walk,0,0,13.386,19.486,test
MCFD,/content/fall_detection_work/MCFD/MCFD/clips/chute14_cam7_0_12.653_18.753_1_7_mcfd.avi,1,7,14,walk,0,0,12.652666666666669,18.752666666666663,test
MCFD,/content/fall_detection_work/MCFD/MCFD/clips/chute14_cam8_0_12.886_18.986_1_8_mcfd.avi,1,8,14,walk,0,0,12.886,18.986,test
MCFD,/content/fall_detection_work/MCFD/MCFD/clips/chute14_cam1_0_14.053_20.153_1_1_mcfd.avi,1,1,14,fall,1,1,20.18466666666667,21.320666666666668,train
MCFD,/content/fall_detection_work/MCFD/MCFD/clips/chute14_cam2_0_13.619_19.719_1_2_mcfd.avi,1,2,14,fall,1,1,19.75133333333333,20.88733333333333,test
MCFD,/content/fall_detection_work/MCFD/MCFD/clips/chute14_cam3_0_13.686_19.786_1_3_mcfd.avi,1,3,14,fall,1,1,19.818,20.954,val
MCFD,/content/fall_detection_work/MCFD/MCFD/clips/chute14_cam4_0_12.419_18.519_1_4_mcfd.avi,1,4,14,fall,1,1,18.551333333333336,19.68733333333333,test
MCFD,/content/fall_detection_work/MCFD/MCFD/clips/chute14_cam5_0_13.386_19.486_1_5_mcfd.avi,1,5,14,fall,1,1,19.518,20.654,test
MCFD,/content/fall_detection_work/MCFD/MCFD/clips/chute14_cam7_0_12.653_18.753_1_7_mcfd.avi,1,7,14,fall,1,1,18.784666666666663,19.920666666666666,test
MCFD,/content/fall_detection_work/MCFD/MCFD/clips/chute14_cam8_0_12.886_18.986_1_8_mcfd.avi,1,8,14,fall,1,1,19.018,20.154,test
MCFD,/content/fall_detection_work/MCFD/MCFD/clips/chute14_cam1_0_14.053_20.153_1_1_mcfd.avi,1,1,14,lying,6,0,21.352666666666668,28.278476666666663,train
MCFD,/content/fall_detection_work/MCFD/MCFD/clips/chute14_cam2_0_13.619_19.719_1_2_mcfd.avi,1,2,14,lying,6,0,20.91933333333333,27.845143333333333,test
MCFD,/content/fall_detection_work/MCFD/MCFD/clips/chute14_cam3_0_13.686_19.786_1_3_mcfd.avi,1,3,14,lying,6,0,20.986,27.91181,val
MCFD,/content/fall_detection_work/MCFD/MCFD/clips/chute14_cam4_0_12.419_18.519_1_4_mcfd.avi,1,4,14,lying,6,0,19.71933333333333,26.645143333333333,test
MCFD,/content/fall_detection_work/MCFD/MCFD/clips/chute14_cam5_0_13.386_19.486_1_5_mcfd.avi,1,5,14,lying,6,0,20.686,27.61181,test
MCFD,/content/fall_detection_work/MCFD/MCFD/clips/chute14_cam7_0_12.653_18.753_1_7_mcfd.avi,1,7,14,lying,6,0,19.952666666666666,26.878476666666664,test
MCFD,/content/fall_detection_work/MCFD/MCFD/clips/chute14_cam8_0_12.886_18.986_1_8_mcfd.avi,1,8,14,lying,6,0,20.186,27.11181,test
MCFD,/content/fall_detection_work/MCFD/MCFD/clips/chute14_cam1_0_14.053_20.153_1_1_mcfd.avi,1,1,14,stand_up,7,0,28.278666666666663,34.584666666666664,train
MCFD,/content/fall_detection_work/MCFD/MCFD/clips/chute14_cam2_0_13.619_19.719_1_2_mcfd.avi,1,2,14,stand_up,7,0,27.845333333333333,34.15133333333333,test
MCFD,/content/fall_detection_work/MCFD/MCFD/clips/chute14_cam3_0_13.686_19.786_1_3_mcfd.avi,1,3,14,stand_up,7,0,27.912,34.218,val
MCFD,/content/fall_detection_work/MCFD/MCFD/clips/chute14_cam4_0_12.419_18.519_1_4_mcfd.avi,1,4,14,stand_up,7,0,26.645333333333333,32.95133333333333,test
MCFD,/content/fall_detection_work/MCFD/MCFD/clips/chute14_cam5_0_13.386_19.486_1_5_mcfd.avi,1,5,14,stand_up,7,0,27.612,33.918,test
MCFD,/content/fall_detection_work/MCFD/MCFD/clips/chute14_cam7_0_12.653_18.753_1_7_mcfd.avi,1,7,14,stand_up,7,0,26.878666666666664,33.184666666666665,test
MCFD,/content/fall_detection_work/MCFD/MCFD/clips/chute14_cam8_0_12.886_18.986_1_8_mcfd.avi,1,8,14,stand_up,7,0,27.112,33.418,test
MCFD,/content/fall_detection_work/MCFD/MCFD/clips/chute14_cam1_0_14.053_20.153_1_1_mcfd.avi,1,1,14,fall,1,1,34.620666666666665,35.75266666666666,train
MCFD,/content/fall_detection_work/MCFD/MCFD/clips/chute14_cam2_0_13.619_19.719_1_2_mcfd.avi,1,2,14,fall,1,1,34.187333333333335,35.31933333333333,test
MCFD,/content/fall_detection_work/MCFD/MCFD/clips/chute14_cam3_0_13.686_19.786_1_3_mcfd.avi,1,3,14,fall,1,1,34.254,35.386,val
MCFD,/content/fall_detection_work/MCFD/MCFD/clips/chute14_cam4_0_12.419_18.519_1_4_mcfd.avi,1,4,14,fall,1,1,32.98733333333333,34.11933333333333,test
MCFD,/content/fall_detection_work/MCFD/MCFD/clips/chute14_cam5_0_13.386_19.486_1_5_mcfd.avi,1,5,14,fall,1,1,33.954,35.086,test
MCFD,/content/fall_detection_work/MCFD/MCFD/clips/chute14_cam7_0_12.653_18.753_1_7_mcfd.avi,1,7,14,fall,1,1,33.220666666666666,34.352666666666664,test
MCFD,/content/fall_detection_work/MCFD/MCFD/clips/chute14_cam8_0_12.886_18.986_1_8_mcfd.avi,1,8,14,fall,1,1,33.454,34.586,test
MCFD,/content/fall_detection_work/MCFD/MCFD/clips/chute14_cam1_0_14.053_20.153_1_1_mcfd.avi,1,1,14,fallen,2,1,35.784666666666666,38.82066666666667,train
MCFD,/content/fall_detection_work/MCFD/MCFD/clips/chute14_cam2_0_13.619_19.719_1_2_mcfd.avi,1,2,14,fallen,2,1,35.351333333333336,38.38733333333334,test
MCFD,/content/fall_detection_work/MCFD/MCFD/clips/chute14_cam3_0_13.686_19.786_1_3_mcfd.avi,1,3,14,fallen,2,1,35.418,38.454,val
MCFD,/content/fall_detection_work/MCFD/MCFD/clips/chute14_cam4_0_12.419_18.519_1_4_mcfd.avi,1,4,14,fallen,2,1,34.15133333333333,37.187333333333335,test
MCFD,/content/fall_detection_work/MCFD/MCFD/clips/chute14_cam5_0_13.386_19.486_1_5_mcfd.avi,1,5,14,fallen,2,1,35.118,38.154,test
MCFD,/content/fall_detection_work/MCFD/MCFD/clips/chute14_cam7_0_12.653_18.753_1_7_mcfd.avi,1,7,14,fallen,2,1,34.38466666666667,37.42066666666667,test
MCFD,/content/fall_detection_work/MCFD/MCFD/clips/chute14_cam8_0_12.886_18.986_1_8_mcfd.avi,1,8,14,fallen,2,1,34.618,37.654,test
MCFD,/content/fall_detection_work/MCFD/MCFD/clips/chute15_cam1_0_12.827_16.927_1_1_mcfd.avi,1,1,15,walk,0,0,12.826666666666668,16.926666666666666,train
MCFD,/content/fall_detection_work/MCFD/MCFD/clips/chute15_cam2_0_12.960_17.060_1_2_mcfd.avi,1,2,15,walk,0,0,12.96,17.06,test
MCFD,/content/fall_detection_work/MCFD/MCFD/clips/chute15_cam3_0_12.960_17.060_1_3_mcfd.avi,1,3,15,walk,0,0,12.96,17.06,val
MCFD,/content/fall_detection_work/MCFD/MCFD/clips/chute15_cam4_0_12.827_16.927_1_4_mcfd.avi,1,4,15,walk,0,0,12.826666666666668,16.926666666666666,test
MCFD,/content/fall_detection_work/MCFD/MCFD/clips/chute15_cam5_0_13.460_17.560_1_5_mcfd.avi,1,5,15,walk,0,0,13.46,17.56,test
MCFD,/content/fall_detection_work/MCFD/MCFD/clips/chute15_cam7_0_13.093_17.193_1_7_mcfd.avi,1,7,15,walk,0,0,13.093333333333334,17.19333333333333,test
MCFD,/content/fall_detection_work/MCFD/MCFD/clips/chute15_cam8_0_12.327_16.427_1_8_mcfd.avi,1,8,15,walk,0,0,12.326666666666668,16.426666666666666,test
MCFD,/content/fall_detection_work/MCFD/MCFD/clips/chute15_cam1_0_12.827_16.927_1_1_mcfd.avi,1,1,15,fall,1,1,16.958666666666666,18.394666666666662,train
MCFD,/content/fall_detection_work/MCFD/MCFD/clips/chute15_cam2_0_12.960_17.060_1_2_mcfd.avi,1,2,15,fall,1,1,17.092,18.528,test
MCFD,/content/fall_detection_work/MCFD/MCFD/clips/chute15_cam3_0_12.960_17.060_1_3_mcfd.avi,1,3,15,fall,1,1,17.092,18.528,val
MCFD,/content/fall_detection_work/MCFD/MCFD/clips/chute15_cam4_0_12.827_16.927_1_4_mcfd.avi,1,4,15,fall,1,1,16.958666666666666,18.394666666666662,test
MCFD,/content/fall_detection_work/MCFD/MCFD/clips/chute15_cam5_0_13.460_17.560_1_5_mcfd.avi,1,5,15,fall,1,1,17.592,19.028,test
MCFD,/content/fall_detection_work/MCFD/MCFD/clips/chute15_cam7_0_13.093_17.193_1_7_mcfd.avi,1,7,15,fall,1,1,17.22533333333333,18.66133333333333,test
MCFD,/content/fall_detection_work/MCFD/MCFD/clips/chute15_cam8_0_12.327_16.427_1_8_mcfd.avi,1,8,15,fall,1,1,16.458666666666666,17.894666666666666,test
MCFD,/content/fall_detection_work/MCFD/MCFD/clips/chute15_cam1_0_12.827_16.927_1_1_mcfd.avi,1,1,15,sitting,4,0,18.426666666666662,21.726666666666667,train
MCFD,/content/fall_detection_work/MCFD/MCFD/clips/chute15_cam2_0_12.960_17.060_1_2_mcfd.avi,1,2,15,sitting,4,0,18.56,21.86,test
MCFD,/content/fall_detection_work/MCFD/MCFD/clips/chute15_cam3_0_12.960_17.060_1_3_mcfd.avi,1,3,15,sitting,4,0,18.56,21.86,val
MCFD,/content/fall_detection_work/MCFD/MCFD/clips/chute15_cam4_0_12.827_16.927_1_4_mcfd.avi,1,4,15,sitting,4,0,18.426666666666662,21.726666666666667,test
MCFD,/content/fall_detection_work/MCFD/MCFD/clips/chute15_cam5_0_13.460_17.560_1_5_mcfd.avi,1,5,15,sitting,4,0,19.06,22.36,test
MCFD,/content/fall_detection_work/MCFD/MCFD/clips/chute15_cam7_0_13.093_17.193_1_7_mcfd.avi,1,7,15,sitting,4,0,18.69333333333333,21.99333333333333,test
MCFD,/content/fall_detection_work/MCFD/MCFD/clips/chute15_cam8_0_12.327_16.427_1_8_mcfd.avi,1,8,15,sitting,4,0,17.926666666666666,21.226666666666667,test
MCFD,/content/fall_detection_work/MCFD/MCFD/clips/chute15_cam1_0_12.827_16.927_1_1_mcfd.avi,1,1,15,stand_up,7,0,21.758666666666667,25.858666666666668,train
MCFD,/content/fall_detection_work/MCFD/MCFD/clips/chute15_cam2_0_12.960_17.060_1_2_mcfd.avi,1,2,15,stand_up,7,0,21.892,25.992,test
MCFD,/content/fall_detection_work/MCFD/MCFD/clips/chute15_cam3_0_12.960_17.060_1_3_mcfd.avi,1,3,15,stand_up,7,0,21.892,25.992,val
MCFD,/content/fall_detection_work/MCFD/MCFD/clips/chute15_cam4_0_12.827_16.927_1_4_mcfd.avi,1,4,15,stand_up,7,0,21.758666666666667,25.858666666666668,test
MCFD,/content/fall_detection_work/MCFD/MCFD/clips/chute15_cam5_0_13.460_17.560_1_5_mcfd.avi,1,5,15,stand_up,7,0,22.392,26.492,test
MCFD,/content/fall_detection_work/MCFD/MCFD/clips/chute15_cam7_0_13.093_17.193_1_7_mcfd.avi,1,7,15,stand_up,7,0,22.02533333333333,26.125333333333334,test
MCFD,/content/fall_detection_work/MCFD/MCFD/clips/chute15_cam8_0_12.327_16.427_1_8_mcfd.avi,1,8,15,stand_up,7,0,21.258666666666667,25.358666666666668,test
MCFD,/content/fall_detection_work/MCFD/MCFD/clips/chute15_cam1_0_12.827_16.927_1_1_mcfd.avi,1,1,15,fall,1,1,25.894666666666662,26.958666666666662,train
MCFD,/content/fall_detection_work/MCFD/MCFD/clips/chute15_cam2_0_12.960_17.060_1_2_mcfd.avi,1,2,15,fall,1,1,26.028,27.092,test
MCFD,/content/fall_detection_work/MCFD/MCFD/clips/chute15_cam3_0_12.960_17.060_1_3_mcfd.avi,1,3,15,fall,1,1,26.028,27.092,val
MCFD,/content/fall_detection_work/MCFD/MCFD/clips/chute15_cam4_0_12.827_16.927_1_4_mcfd.avi,1,4,15,fall,1,1,25.894666666666662,26.958666666666662,test
MCFD,/content/fall_detection_work/MCFD/MCFD/clips/chute15_cam5_0_13.460_17.560_1_5_mcfd.avi,1,5,15,fall,1,1,26.528,27.592,test
MCFD,/content/fall_detection_work/MCFD/MCFD/clips/chute15_cam7_0_13.093_17.193_1_7_mcfd.avi,1,7,15,fall,1,1,26.16133333333333,27.22533333333333,test
MCFD,/content/fall_detection_work/MCFD/MCFD/clips/chute15_cam8_0_12.327_16.427_1_8_mcfd.avi,1,8,15,fall,1,1,25.394666666666662,26.458666666666662,test
MCFD,/content/fall_detection_work/MCFD/MCFD/clips/chute15_cam1_0_12.827_16.927_1_1_mcfd.avi,1,1,15,fallen,2,1,26.994666666666667,29.726666666666667,train
MCFD,/content/fall_detection_work/MCFD/MCFD/clips/chute15_cam2_0_12.960_17.060_1_2_mcfd.avi,1,2,15,fallen,2,1,27.128,29.86,test
MCFD,/content/fall_detection_work/MCFD/MCFD/clips/chute15_cam3_0_12.960_17.060_1_3_mcfd.avi,1,3,15,fallen,2,1,27.128,29.86,val
MCFD,/content/fall_detection_work/MCFD/MCFD/clips/chute15_cam4_0_12.827_16.927_1_4_mcfd.avi,1,4,15,fallen,2,1,26.994666666666667,29.726666666666667,test
MCFD,/content/fall_detection_work/MCFD/MCFD/clips/chute15_cam5_0_13.460_17.560_1_5_mcfd.avi,1,5,15,fallen,2,1,27.628,30.36,test
MCFD,/content/fall_detection_work/MCFD/MCFD/clips/chute15_cam7_0_13.093_17.193_1_7_mcfd.avi,1,7,15,fallen,2,1,27.261333333333333,29.99333333333333,test
MCFD,/content/fall_detection_work/MCFD/MCFD/clips/chute15_cam8_0_12.327_16.427_1_8_mcfd.avi,1,8,15,fallen,2,1,26.494666666666667,29.226666666666667,test
MCFD,/content/fall_detection_work/MCFD/MCFD/clips/chute16_cam1_0_13.341_15.841_1_1_mcfd.avi,1,1,16,walk,0,0,13.340666666666667,15.840666666666667,train
MCFD,/content/fall_detection_work/MCFD/MCFD/clips/chute16_cam2_0_13.541_16.041_1_2_mcfd.avi,1,2,16,walk,0,0,13.540666666666668,16.040666666666667,test
MCFD,/content/fall_detection_work/MCFD/MCFD/clips/chute16_cam3_0_12.574_15.074_1_3_mcfd.avi,1,3,16,walk,0,0,12.574,15.074,val
MCFD,/content/fall_detection_work/MCFD/MCFD/clips/chute16_cam4_0_12.641_15.141_1_4_mcfd.avi,1,4,16,walk,0,0,12.640666666666666,15.140666666666666,test
MCFD,/content/fall_detection_work/MCFD/MCFD/clips/chute16_cam5_0_12.974_15.474_1_5_mcfd.avi,1,5,16,walk,0,0,12.974,15.474,test
MCFD,/content/fall_detection_work/MCFD/MCFD/clips/chute16_cam7_0_12.674_15.174_1_7_mcfd.avi,1,7,16,walk,0,0,12.674,15.174,test
MCFD,/content/fall_detection_work/MCFD/MCFD/clips/chute16_cam8_0_12.674_15.174_1_8_mcfd.avi,1,8,16,walk,0,0,12.674,15.174,test
MCFD,/content/fall_detection_work/MCFD/MCFD/clips/chute16_cam1_0_13.341_15.841_1_1_mcfd.avi,1,1,16,other,9,0,15.872666666666667,19.604666666666667,train
MCFD,/content/fall_detection_work/MCFD/MCFD/clips/chute16_cam2_0_13.541_16.041_1_2_mcfd.avi,1,2,16,other,9,0,16.072666666666667,19.804666666666662,test
MCFD,/content/fall_detection_work/MCFD/MCFD/clips/chute16_cam3_0_12.574_15.074_1_3_mcfd.avi,1,3,16,other,9,0,15.106,18.838,val
MCFD,/content/fall_detection_work/MCFD/MCFD/clips/chute16_cam4_0_12.641_15.141_1_4_mcfd.avi,1,4,16,other,9,0,15.172666666666666,18.904666666666667,test
MCFD,/content/fall_detection_work/MCFD/MCFD/clips/chute16_cam5_0_12.974_15.474_1_5_mcfd.avi,1,5,16,other,9,0,15.506,19.238,test
MCFD,/content/fall_detection_work/MCFD/MCFD/clips/chute16_cam7_0_12.674_15.174_1_7_mcfd.avi,1,7,16,other,9,0,15.206,18.938,test
MCFD,/content/fall_detection_work/MCFD/MCFD/clips/chute16_cam8_0_12.674_15.174_1_8_mcfd.avi,1,8,16,other,9,0,15.206,18.938,test
MCFD,/content/fall_detection_work/MCFD/MCFD/clips/chute16_cam1_0_13.341_15.841_1_1_mcfd.avi,1,1,16,other,9,0,19.640666666666668,23.00466666666667,train
MCFD,/content/fall_detection_work/MCFD/MCFD/clips/chute16_cam2_0_13.541_16.041_1_2_mcfd.avi,1,2,16,other,9,0,19.840666666666667,23.204666666666668,test
MCFD,/content/fall_detection_work/MCFD/MCFD/clips/chute16_cam3_0_12.574_15.074_1_3_mcfd.avi,1,3,16,other,9,0,18.874,22.238000000000003,val
MCFD,/content/fall_detection_work/MCFD/MCFD/clips/chute16_cam4_0_12.641_15.141_1_4_mcfd.avi,1,4,16,other,9,0,18.94066666666667,22.30466666666667,test
MCFD,/content/fall_detection_work/MCFD/MCFD/clips/chute16_cam5_0_12.974_15.474_1_5_mcfd.avi,1,5,16,other,9,0,19.274,22.638,test
MCFD,/content/fall_detection_work/MCFD/MCFD/clips/chute16_cam7_0_12.674_15.174_1_7_mcfd.avi,1,7,16,other,9,0,18.974,22.338,test
MCFD,/content/fall_detection_work/MCFD/MCFD/clips/chute16_cam8_0_12.674_15.174_1_8_mcfd.avi,1,8,16,other,9,0,18.974,22.338,test
MCFD,/content/fall_detection_work/MCFD/MCFD/clips/chute16_cam1_0_13.341_15.841_1_1_mcfd.avi,1,1,16,fall,1,1,23.040666666666667,25.040666666666667,train
MCFD,/content/fall_detection_work/MCFD/MCFD/clips/chute16_cam2_0_13.541_16.041_1_2_mcfd.avi,1,2,16,fall,1,1,23.240666666666662,25.240666666666662,test
MCFD,/content/fall_detection_work/MCFD/MCFD/clips/chute16_cam3_0_12.574_15.074_1_3_mcfd.avi,1,3,16,fall,1,1,22.274,24.274,val
MCFD,/content/fall_detection_work/MCFD/MCFD/clips/chute16_cam4_0_12.641_15.141_1_4_mcfd.avi,1,4,16,fall,1,1,22.340666666666667,24.340666666666667,test
MCFD,/content/fall_detection_work/MCFD/MCFD/clips/chute16_cam5_0_12.974_15.474_1_5_mcfd.avi,1,5,16,fall,1,1,22.674,24.674,test
MCFD,/content/fall_detection_work/MCFD/MCFD/clips/chute16_cam7_0_12.674_15.174_1_7_mcfd.avi,1,7,16,fall,1,1,22.374,24.374,test
MCFD,/content/fall_detection_work/MCFD/MCFD/clips/chute16_cam8_0_12.674_15.174_1_8_mcfd.avi,1,8,16,fall,1,1,22.374,24.374,test
MCFD,/content/fall_detection_work/MCFD/MCFD/clips/chute16_cam1_0_13.341_15.841_1_1_mcfd.avi,1,1,16,sitting,4,0,25.072666666666667,27.904666666666667,train
MCFD,/content/fall_detection_work/MCFD/MCFD/clips/chute16_cam2_0_13.541_16.041_1_2_mcfd.avi,1,2,16,sitting,4,0,25.272666666666662,28.104666666666667,test
MCFD,/content/fall_detection_work/MCFD/MCFD/clips/chute16_cam3_0_12.574_15.074_1_3_mcfd.avi,1,3,16,sitting,4,0,24.306,27.138,val
MCFD,/content/fall_detection_work/MCFD/MCFD/clips/chute16_cam4_0_12.641_15.141_1_4_mcfd.avi,1,4,16,sitting,4,0,24.372666666666667,27.204666666666668,test
MCFD,/content/fall_detection_work/MCFD/MCFD/clips/chute16_cam5_0_12.974_15.474_1_5_mcfd.avi,1,5,16,sitting,4,0,24.706,27.538,test
MCFD,/content/fall_detection_work/MCFD/MCFD/clips/chute16_cam7_0_12.674_15.174_1_7_mcfd.avi,1,7,16,sitting,4,0,24.406,27.238,test
MCFD,/content/fall_detection_work/MCFD/MCFD/clips/chute16_cam8_0_12.674_15.174_1_8_mcfd.avi,1,8,16,sitting,4,0,24.406,27.238,test
MCFD,/content/fall_detection_work/MCFD/MCFD/clips/chute16_cam1_0_13.341_15.841_1_1_mcfd.avi,1,1,16,stand_up,7,0,27.94066666666667,30.340666666666667,train
MCFD,/content/fall_detection_work/MCFD/MCFD/clips/chute16_cam2_0_13.541_16.041_1_2_mcfd.avi,1,2,16,stand_up,7,0,28.140666666666668,30.540666666666667,test
MCFD,/content/fall_detection_work/MCFD/MCFD/clips/chute16_cam3_0_12.574_15.074_1_3_mcfd.avi,1,3,16,stand_up,7,0,27.174000000000003,29.574,val
MCFD,/content/fall_detection_work/MCFD/MCFD/clips/chute16_cam4_0_12.641_15.141_1_4_mcfd.avi,1,4,16,stand_up,7,0,27.24066666666667,29.640666666666668,test
MCFD,/content/fall_detection_work/MCFD/MCFD/clips/chute16_cam5_0_12.974_15.474_1_5_mcfd.avi,1,5,16,stand_up,7,0,27.574,29.974,test
MCFD,/content/fall_detection_work/MCFD/MCFD/clips/chute16_cam7_0_12.674_15.174_1_7_mcfd.avi,1,7,16,stand_up,7,0,27.274,29.674,test
MCFD,/content/fall_detection_work/MCFD/MCFD/clips/chute16_cam8_0_12.674_15.174_1_8_mcfd.avi,1,8,16,stand_up,7,0,27.274,29.674,test
MCFD,/content/fall_detection_work/MCFD/MCFD/clips/chute16_cam1_0_13.341_15.841_1_1_mcfd.avi,1,1,16,fall,1,1,30.372666666666667,32.004666666666665,train
MCFD,/content/fall_detection_work/MCFD/MCFD/clips/chute16_cam2_0_13.541_16.041_1_2_mcfd.avi,1,2,16,fall,1,1,30.572666666666667,32.20466666666667,test
MCFD,/content/fall_detection_work/MCFD/MCFD/clips/chute16_cam3_0_12.574_15.074_1_3_mcfd.avi,1,3,16,fall,1,1,29.606,31.238000000000003,val
MCFD,/content/fall_detection_work/MCFD/MCFD/clips/chute16_cam4_0_12.641_15.141_1_4_mcfd.avi,1,4,16,fall,1,1,29.672666666666668,31.30466666666667,test
MCFD,/content/fall_detection_work/MCFD/MCFD/clips/chute16_cam5_0_12.974_15.474_1_5_mcfd.avi,1,5,16,fall,1,1,30.006,31.638,test
MCFD,/content/fall_detection_work/MCFD/MCFD/clips/chute16_cam7_0_12.674_15.174_1_7_mcfd.avi,1,7,16,fall,1,1,29.706,31.338,test
MCFD,/content/fall_detection_work/MCFD/MCFD/clips/chute16_cam8_0_12.674_15.174_1_8_mcfd.avi,1,8,16,fall,1,1,29.706,31.338,test
MCFD,/content/fall_detection_work/MCFD/MCFD/clips/chute16_cam1_0_13.341_15.841_1_1_mcfd.avi,1,1,16,fallen,2,1,32.04066666666667,34.004666666666665,train
MCFD,/content/fall_detection_work/MCFD/MCFD/clips/chute16_cam2_0_13.541_16.041_1_2_mcfd.avi,1,2,16,fallen,2,1,32.24066666666667,34.20466666666667,test
MCFD,/content/fall_detection_work/MCFD/MCFD/clips/chute16_cam3_0_12.574_15.074_1_3_mcfd.avi,1,3,16,fallen,2,1,31.274,33.238,val
MCFD,/content/fall_detection_work/MCFD/MCFD/clips/chute16_cam4_0_12.641_15.141_1_4_mcfd.avi,1,4,16,fallen,2,1,31.340666666666667,33.30466666666666,test
MCFD,/content/fall_detection_work/MCFD/MCFD/clips/chute16_cam5_0_12.974_15.474_1_5_mcfd.avi,1,5,16,fallen,2,1,31.674,33.638,test
MCFD,/content/fall_detection_work/MCFD/MCFD/clips/chute16_cam7_0_12.674_15.174_1_7_mcfd.avi,1,7,16,fallen,2,1,31.374,33.338,test
MCFD,/content/fall_detection_work/MCFD/MCFD/clips/chute16_cam8_0_12.674_15.174_1_8_mcfd.avi,1,8,16,fallen,2,1,31.374,33.338,test
MCFD,/content/fall_detection_work/MCFD/MCFD/clips/chute17_cam1_0_8.735_10.867_1_1_mcfd.avi,1,1,17,walk,0,0,8.734666666666667,10.866666666666667,train
MCFD,/content/fall_detection_work/MCFD/MCFD/clips/chute17_cam2_0_8.901_11.033_1_2_mcfd.avi,1,2,17,walk,0,0,8.901333333333334,11.033333333333331,test
MCFD,/content/fall_detection_work/MCFD/MCFD/clips/chute17_cam3_0_8.535_10.667_1_3_mcfd.avi,1,3,17,walk,0,0,8.534666666666666,10.666666666666666,val
MCFD,/content/fall_detection_work/MCFD/MCFD/clips/chute17_cam4_0_8.035_10.167_1_4_mcfd.avi,1,4,17,walk,0,0,8.034666666666666,10.166666666666666,test
MCFD,/content/fall_detection_work/MCFD/MCFD/clips/chute17_cam5_0_8.368_10.500_1_5_mcfd.avi,1,5,17,walk,0,0,8.368,10.5,test
MCFD,/content/fall_detection_work/MCFD/MCFD/clips/chute17_cam7_0_9.001_11.133_1_7_mcfd.avi,1,7,17,walk,0,0,9.001333333333333,11.133333333333333,test
MCFD,/content/fall_detection_work/MCFD/MCFD/clips/chute17_cam8_0_8.635_10.767_1_8_mcfd.avi,1,8,17,walk,0,0,8.634666666666668,10.766666666666667,test
MCFD,/content/fall_detection_work/MCFD/MCFD/clips/chute17_cam1_0_8.735_10.867_1_1_mcfd.avi,1,1,17,other,9,0,10.898666666666667,13.298666666666668,train
MCFD,/content/fall_detection_work/MCFD/MCFD/clips/chute17_cam2_0_8.901_11.033_1_2_mcfd.avi,1,2,17,other,9,0,11.065333333333331,13.465333333333334,test
MCFD,/content/fall_detection_work/MCFD/MCFD/clips/chute17_cam3_0_8.535_10.667_1_3_mcfd.avi,1,3,17,other,9,0,10.698666666666666,13.098666666666666,val
MCFD,/content/fall_detection_work/MCFD/MCFD/clips/chute17_cam4_0_8.035_10.167_1_4_mcfd.avi,1,4,17,other,9,0,10.198666666666666,12.598666666666666,test
MCFD,/content/fall_detection_work/MCFD/MCFD/clips/chute17_cam5_0_8.368_10.500_1_5_mcfd.avi,1,5,17,other,9,0,10.532,12.932,test
MCFD,/content/fall_detection_work/MCFD/MCFD/clips/chute17_cam7_0_9.001_11.133_1_7_mcfd.avi,1,7,17,other,9,0,11.165333333333333,13.565333333333331,test
MCFD,/content/fall_detection_work/MCFD/MCFD/clips/chute17_cam8_0_8.635_10.767_1_8_mcfd.avi,1,8,17,other,9,0,10.798666666666668,13.198666666666668,test
MCFD,/content/fall_detection_work/MCFD/MCFD/clips/chute17_cam1_0_8.735_10.867_1_1_mcfd.avi,1,1,17,other,9,0,13.334666666666667,15.698666666666668,train
MCFD,/content/fall_detection_work/MCFD/MCFD/clips/chute17_cam2_0_8.901_11.033_1_2_mcfd.avi,1,2,17,other,9,0,13.501333333333331,15.865333333333334,test
MCFD,/content/fall_detection_work/MCFD/MCFD/clips/chute17_cam3_0_8.535_10.667_1_3_mcfd.avi,1,3,17,other,9,0,13.134666666666666,15.498666666666669,val
MCFD,/content/fall_detection_work/MCFD/MCFD/clips/chute17_cam4_0_8.035_10.167_1_4_mcfd.avi,1,4,17,other,9,0,12.634666666666666,14.998666666666669,test
MCFD,/content/fall_detection_work/MCFD/MCFD/clips/chute17_cam5_0_8.368_10.500_1_5_mcfd.avi,1,5,17,other,9,0,12.968,15.332,test
MCFD,/content/fall_detection_work/MCFD/MCFD/clips/chute17_cam7_0_9.001_11.133_1_7_mcfd.avi,1,7,17,other,9,0,13.601333333333333,15.965333333333334,test
MCFD,/content/fall_detection_work/MCFD/MCFD/clips/chute17_cam8_0_8.635_10.767_1_8_mcfd.avi,1,8,17,other,9,0,13.234666666666667,15.598666666666668,test
MCFD,/content/fall_detection_work/MCFD/MCFD/clips/chute17_cam1_0_8.735_10.867_1_1_mcfd.avi,1,1,17,fall,1,1,15.734666666666667,18.066666666666663,train
MCFD,/content/fall_detection_work/MCFD/MCFD/clips/chute17_cam2_0_8.901_11.033_1_2_mcfd.avi,1,2,17,fall,1,1,15.901333333333334,18.23333333333333,test
MCFD,/content/fall_detection_work/MCFD/MCFD/clips/chute17_cam3_0_8.535_10.667_1_3_mcfd.avi,1,3,17,fall,1,1,15.534666666666666,17.866666666666667,val
MCFD,/content/fall_detection_work/MCFD/MCFD/clips/chute17_cam4_0_8.035_10.167_1_4_mcfd.avi,1,4,17,fall,1,1,15.034666666666666,17.366666666666667,test
MCFD,/content/fall_detection_work/MCFD/MCFD/clips/chute17_cam5_0_8.368_10.500_1_5_mcfd.avi,1,5,17,fall,1,1,15.368,17.7,test
MCFD,/content/fall_detection_work/MCFD/MCFD/clips/chute17_cam7_0_9.001_11.133_1_7_mcfd.avi,1,7,17,fall,1,1,16.001333333333335,18.33333333333333,test
MCFD,/content/fall_detection_work/MCFD/MCFD/clips/chute17_cam8_0_8.635_10.767_1_8_mcfd.avi,1,8,17,fall,1,1,15.634666666666668,17.966666666666665,test
MCFD,/content/fall_detection_work/MCFD/MCFD/clips/chute17_cam1_0_8.735_10.867_1_1_mcfd.avi,1,1,17,sitting,4,0,18.098666666666663,20.436806666666666,train
MCFD,/content/fall_detection_work/MCFD/MCFD/clips/chute17_cam2_0_8.901_11.033_1_2_mcfd.avi,1,2,17,sitting,4,0,18.26533333333333,20.603473333333334,test
MCFD,/content/fall_detection_work/MCFD/MCFD/clips/chute17_cam3_0_8.535_10.667_1_3_mcfd.avi,1,3,17,sitting,4,0,17.898666666666667,20.236806666666663,val
MCFD,/content/fall_detection_work/MCFD/MCFD/clips/chute17_cam4_0_8.035_10.167_1_4_mcfd.avi,1,4,17,sitting,4,0,17.398666666666667,19.736806666666663,test
MCFD,/content/fall_detection_work/MCFD/MCFD/clips/chute17_cam5_0_8.368_10.500_1_5_mcfd.avi,1,5,17,sitting,4,0,17.732,20.07014,test
MCFD,/content/fall_detection_work/MCFD/MCFD/clips/chute17_cam7_0_9.001_11.133_1_7_mcfd.avi,1,7,17,sitting,4,0,18.36533333333333,20.70347333333333,test
MCFD,/content/fall_detection_work/MCFD/MCFD/clips/chute17_cam8_0_8.635_10.767_1_8_mcfd.avi,1,8,17,sitting,4,0,17.998666666666665,20.336806666666664,test
MCFD,/content/fall_detection_work/MCFD/MCFD/clips/chute17_cam1_0_8.735_10.867_1_1_mcfd.avi,1,1,17,fall,1,1,24.698666666666668,26.034666666666663,train
MCFD,/content/fall_detection_work/MCFD/MCFD/clips/chute17_cam2_0_8.901_11.033_1_2_mcfd.avi,1,2,17,fall,1,1,24.865333333333336,26.20133333333333,test
MCFD,/content/fall_detection_work/MCFD/MCFD/clips/chute17_cam3_0_8.535_10.667_1_3_mcfd.avi,1,3,17,fall,1,1,24.49866666666667,25.834666666666667,val
MCFD,/content/fall_detection_work/MCFD/MCFD/clips/chute17_cam4_0_8.035_10.167_1_4_mcfd.avi,1,4,17,fall,1,1,23.99866666666667,25.334666666666667,test
MCFD,/content/fall_detection_work/MCFD/MCFD/clips/chute17_cam5_0_8.368_10.500_1_5_mcfd.avi,1,5,17,fall,1,1,24.332,25.668,test
MCFD,/content/fall_detection_work/MCFD/MCFD/clips/chute17_cam7_0_9.001_11.133_1_7_mcfd.avi,1,7,17,fall,1,1,24.965333333333334,26.30133333333333,test
MCFD,/content/fall_detection_work/MCFD/MCFD/clips/chute17_cam8_0_8.635_10.767_1_8_mcfd.avi,1,8,17,fall,1,1,24.598666666666663,25.934666666666665,test
MCFD,/content/fall_detection_work/MCFD/MCFD/clips/chute17_cam1_0_8.735_10.867_1_1_mcfd.avi,1,1,17,fallen,2,1,26.066666666666663,29.034666666666663,train
MCFD,/content/fall_detection_work/MCFD/MCFD/clips/chute17_cam2_0_8.901_11.033_1_2_mcfd.avi,1,2,17,fallen,2,1,26.23333333333333,29.20133333333333,test
MCFD,/content/fall_detection_work/MCFD/MCFD/clips/chute17_cam3_0_8.535_10.667_1_3_mcfd.avi,1,3,17,fallen,2,1,25.866666666666667,28.834666666666667,val
MCFD,/content/fall_detection_work/MCFD/MCFD/clips/chute17_cam4_0_8.035_10.167_1_4_mcfd.avi,1,4,17,fallen,2,1,25.366666666666667,28.334666666666667,test
MCFD,/content/fall_detection_work/MCFD/MCFD/clips/chute17_cam5_0_8.368_10.500_1_5_mcfd.avi,1,5,17,fallen,2,1,25.7,28.668,test
MCFD,/content/fall_detection_work/MCFD/MCFD/clips/chute17_cam7_0_9.001_11.133_1_7_mcfd.avi,1,7,17,fallen,2,1,26.33333333333333,29.30133333333333,test
MCFD,/content/fall_detection_work/MCFD/MCFD/clips/chute17_cam8_0_8.635_10.767_1_8_mcfd.avi,1,8,17,fallen,2,1,25.966666666666665,28.934666666666665,test
MCFD,/content/fall_detection_work/MCFD/MCFD/clips/chute18_cam1_0_14.204_16.772_1_1_mcfd.avi,1,1,18,walk,0,0,14.204,16.772,train
MCFD,/content/fall_detection_work/MCFD/MCFD/clips/chute18_cam2_0_14.404_16.972_1_2_mcfd.avi,1,2,18,walk,0,0,14.404,16.971999999999998,test
MCFD,/content/fall_detection_work/MCFD/MCFD/clips/chute18_cam3_0_13.771_16.339_1_3_mcfd.avi,1,3,18,walk,0,0,13.770666666666669,16.338666666666665,val
MCFD,/content/fall_detection_work/MCFD/MCFD/clips/chute18_cam4_0_10.904_13.472_1_4_mcfd.avi,1,4,18,walk,0,0,10.904,13.471999999999998,test
MCFD,/content/fall_detection_work/MCFD/MCFD/clips/chute18_cam5_0_13.704_16.272_1_5_mcfd.avi,1,5,18,walk,0,0,13.704,16.272,test
MCFD,/content/fall_detection_work/MCFD/MCFD/clips/chute18_cam7_0_14.537_17.105_1_7_mcfd.avi,1,7,18,walk,0,0,14.537333333333336,17.10533333333333,test
MCFD,/content/fall_detection_work/MCFD/MCFD/clips/chute18_cam8_0_13.471_16.039_1_8_mcfd.avi,1,8,18,walk,0,0,13.470666666666668,16.038666666666664,test
MCFD,/content/fall_detection_work/MCFD/MCFD/clips/chute18_cam1_0_14.204_16.772_1_1_mcfd.avi,1,1,18,sit_down,3,0,16.804,18.504,train
MCFD,/content/fall_detection_work/MCFD/MCFD/clips/chute18_cam2_0_14.404_16.972_1_2_mcfd.avi,1,2,18,sit_down,3,0,17.003999999999998,18.704,test
MCFD,/content/fall_detection_work/MCFD/MCFD/clips/chute18_cam3_0_13.771_16.339_1_3_mcfd.avi,1,3,18,sit_down,3,0,16.370666666666665,18.070666666666668,val
MCFD,/content/fall_detection_work/MCFD/MCFD/clips/chute18_cam4_0_10.904_13.472_1_4_mcfd.avi,1,4,18,sit_down,3,0,13.503999999999998,15.204,test
MCFD,/content/fall_detection_work/MCFD/MCFD/clips/chute18_cam5_0_13.704_16.272_1_5_mcfd.avi,1,5,18,sit_down,3,0,16.304,18.004,test
MCFD,/content/fall_detection_work/MCFD/MCFD/clips/chute18_cam7_0_14.537_17.105_1_7_mcfd.avi,1,7,18,sit_down,3,0,17.13733333333333,18.837333333333333,test
MCFD,/content/fall_detection_work/MCFD/MCFD/clips/chute18_cam8_0_13.471_16.039_1_8_mcfd.avi,1,8,18,sit_down,3,0,16.070666666666664,17.770666666666667,test
MCFD,/content/fall_detection_work/MCFD/MCFD/clips/chute18_cam1_0_14.204_16.772_1_1_mcfd.avi,1,1,18,sitting,4,0,18.54,21.84,train
MCFD,/content/fall_detection_work/MCFD/MCFD/clips/chute18_cam2_0_14.404_16.972_1_2_mcfd.avi,1,2,18,sitting,4,0,18.74,22.04,test
MCFD,/content/fall_detection_work/MCFD/MCFD/clips/chute18_cam3_0_13.771_16.339_1_3_mcfd.avi,1,3,18,sitting,4,0,18.106666666666666,21.406666666666663,val
MCFD,/content/fall_detection_work/MCFD/MCFD/clips/chute18_cam4_0_10.904_13.472_1_4_mcfd.avi,1,4,18,sitting,4,0,15.239999999999998,18.54,test
MCFD,/content/fall_detection_work/MCFD/MCFD/clips/chute18_cam5_0_13.704_16.272_1_5_mcfd.avi,1,5,18,sitting,4,0,18.04,21.34,test
MCFD,/content/fall_detection_work/MCFD/MCFD/clips/chute18_cam7_0_14.537_17.105_1_7_mcfd.avi,1,7,18,sitting,4,0,18.87333333333333,22.17333333333333,test
MCFD,/content/fall_detection_work/MCFD/MCFD/clips/chute18_cam8_0_13.471_16.039_1_8_mcfd.avi,1,8,18,sitting,4,0,17.806666666666665,21.106666666666666,test
MCFD,/content/fall_detection_work/MCFD/MCFD/clips/chute18_cam1_0_14.204_16.772_1_1_mcfd.avi,1,1,18,stand_up,7,0,21.872,23.172,train
MCFD,/content/fall_detection_work/MCFD/MCFD/clips/chute18_cam2_0_14.404_16.972_1_2_mcfd.avi,1,2,18,stand_up,7,0,22.072,23.372,test
MCFD,/content/fall_detection_work/MCFD/MCFD/clips/chute18_cam3_0_13.771_16.339_1_3_mcfd.avi,1,3,18,stand_up,7,0,21.438666666666663,22.738666666666667,val
MCFD,/content/fall_detection_work/MCFD/MCFD/clips/chute18_cam4_0_10.904_13.472_1_4_mcfd.avi,1,4,18,stand_up,7,0,18.572,19.872,test
MCFD,/content/fall_detection_work/MCFD/MCFD/clips/chute18_cam5_0_13.704_16.272_1_5_mcfd.avi,1,5,18,stand_up,7,0,21.372,22.672,test
MCFD,/content/fall_detection_work/MCFD/MCFD/clips/chute18_cam7_0_14.537_17.105_1_7_mcfd.avi,1,7,18,stand_up,7,0,22.20533333333333,23.505333333333333,test
MCFD,/content/fall_detection_work/MCFD/MCFD/clips/chute18_cam8_0_13.471_16.039_1_8_mcfd.avi,1,8,18,stand_up,7,0,21.138666666666666,22.438666666666663,test
MCFD,/content/fall_detection_work/MCFD/MCFD/clips/chute18_cam1_0_14.204_16.772_1_1_mcfd.avi,1,1,18,fall,1,1,23.204,24.204,train
MCFD,/content/fall_detection_work/MCFD/MCFD/clips/chute18_cam2_0_14.404_16.972_1_2_mcfd.avi,1,2,18,fall,1,1,23.404,24.404,test
MCFD,/content/fall_detection_work/MCFD/MCFD/clips/chute18_cam3_0_13.771_16.339_1_3_mcfd.avi,1,3,18,fall,1,1,22.770666666666667,23.770666666666667,val
MCFD,/content/fall_detection_work/MCFD/MCFD/clips/chute18_cam4_0_10.904_13.472_1_4_mcfd.avi,1,4,18,fall,1,1,19.904,20.904,test
MCFD,/content/fall_detection_work/MCFD/MCFD/clips/chute18_cam5_0_13.704_16.272_1_5_mcfd.avi,1,5,18,fall,1,1,22.704,23.704,test
MCFD,/content/fall_detection_work/MCFD/MCFD/clips/chute18_cam7_0_14.537_17.105_1_7_mcfd.avi,1,7,18,fall,1,1,23.537333333333333,24.537333333333333,test
MCFD,/content/fall_detection_work/MCFD/MCFD/clips/chute18_cam8_0_13.471_16.039_1_8_mcfd.avi,1,8,18,fall,1,1,22.470666666666663,23.470666666666663,test
MCFD,/content/fall_detection_work/MCFD/MCFD/clips/chute18_cam1_0_14.204_16.772_1_1_mcfd.avi,1,1,18,fallen,2,1,24.24,28.84,train
MCFD,/content/fall_detection_work/MCFD/MCFD/clips/chute18_cam2_0_14.404_16.972_1_2_mcfd.avi,1,2,18,fallen,2,1,24.44,29.04,test
MCFD,/content/fall_detection_work/MCFD/MCFD/clips/chute18_cam3_0_13.771_16.339_1_3_mcfd.avi,1,3,18,fallen,2,1,23.806666666666665,28.406666666666663,val
MCFD,/content/fall_detection_work/MCFD/MCFD/clips/chute18_cam4_0_10.904_13.472_1_4_mcfd.avi,1,4,18,fallen,2,1,20.94,25.54,test
MCFD,/content/fall_detection_work/MCFD/MCFD/clips/chute18_cam5_0_13.704_16.272_1_5_mcfd.avi,1,5,18,fallen,2,1,23.74,28.34,test
MCFD,/content/fall_detection_work/MCFD/MCFD/clips/chute18_cam7_0_14.537_17.105_1_7_mcfd.avi,1,7,18,fallen,2,1,24.57333333333333,29.17333333333333,test
MCFD,/content/fall_detection_work/MCFD/MCFD/clips/chute18_cam8_0_13.471_16.039_1_8_mcfd.avi,1,8,18,fallen,2,1,23.506666666666664,28.106666666666666,test
MCFD,/content/fall_detection_work/MCFD/MCFD/clips/chute19_cam1_0_9.953_18.053_1_1_mcfd.avi,1,1,19,walk,0,0,9.952666666666667,18.052666666666664,train
MCFD,/content/fall_detection_work/MCFD/MCFD/clips/chute19_cam2_0_10.219_18.319_1_2_mcfd.avi,1,2,19,walk,0,0,10.219333333333331,18.319333333333333,test
MCFD,/content/fall_detection_work/MCFD/MCFD/clips/chute19_cam3_0_9.853_17.953_1_3_mcfd.avi,1,3,19,walk,0,0,9.852666666666668,17.952666666666666,val
MCFD,/content/fall_detection_work/MCFD/MCFD/clips/chute19_cam4_0_9.953_18.053_1_4_mcfd.avi,1,4,19,walk,0,0,9.952666666666667,18.052666666666664,test
MCFD,/content/fall_detection_work/MCFD/MCFD/clips/chute19_cam5_0_9.486_17.586_1_5_mcfd.avi,1,5,19,walk,0,0,9.486,17.586,test
MCFD,/content/fall_detection_work/MCFD/MCFD/clips/chute19_cam7_0_9.319_17.419_1_7_mcfd.avi,1,7,19,walk,0,0,9.319333333333336,17.41933333333333,test
MCFD,/content/fall_detection_work/MCFD/MCFD/clips/chute19_cam8_0_9.986_18.086_1_8_mcfd.avi,1,8,19,walk,0,0,9.986,18.086,test
MCFD,/content/fall_detection_work/MCFD/MCFD/clips/chute19_cam1_0_9.953_18.053_1_1_mcfd.avi,1,1,19,fall,1,1,18.084666666666664,21.452666666666666,train
MCFD,/content/fall_detection_work/MCFD/MCFD/clips/chute19_cam2_0_10.219_18.319_1_2_mcfd.avi,1,2,19,fall,1,1,18.351333333333333,21.71933333333333,test
MCFD,/content/fall_detection_work/MCFD/MCFD/clips/chute19_cam3_0_9.853_17.953_1_3_mcfd.avi,1,3,19,fall,1,1,17.984666666666666,21.352666666666668,val
MCFD,/content/fall_detection_work/MCFD/MCFD/clips/chute19_cam4_0_9.953_18.053_1_4_mcfd.avi,1,4,19,fall,1,1,18.084666666666664,21.452666666666666,test
MCFD,/content/fall_detection_work/MCFD/MCFD/clips/chute19_cam5_0_9.486_17.586_1_5_mcfd.avi,1,5,19,fall,1,1,17.618,20.986,test
MCFD,/content/fall_detection_work/MCFD/MCFD/clips/chute19_cam7_0_9.319_17.419_1_7_mcfd.avi,1,7,19,fall,1,1,17.45133333333333,20.819333333333333,test
MCFD,/content/fall_detection_work/MCFD/MCFD/clips/chute19_cam8_0_9.986_18.086_1_8_mcfd.avi,1,8,19,fall,1,1,18.118,21.486,test
MCFD,/content/fall_detection_work/MCFD/MCFD/clips/chute19_cam1_0_9.953_18.053_1_1_mcfd.avi,1,1,19,fallen,2,1,21.484666666666666,27.120666666666665,train
MCFD,/content/fall_detection_work/MCFD/MCFD/clips/chute19_cam2_0_10.219_18.319_1_2_mcfd.avi,1,2,19,fallen,2,1,21.75133333333333,27.38733333333333,test
MCFD,/content/fall_detection_work/MCFD/MCFD/clips/chute19_cam3_0_9.853_17.953_1_3_mcfd.avi,1,3,19,fallen,2,1,21.384666666666668,27.020666666666667,val
MCFD,/content/fall_detection_work/MCFD/MCFD/clips/chute19_cam4_0_9.953_18.053_1_4_mcfd.avi,1,4,19,fallen,2,1,21.484666666666666,27.120666666666665,test
MCFD,/content/fall_detection_work/MCFD/MCFD/clips/chute19_cam5_0_9.486_17.586_1_5_mcfd.avi,1,5,19,fallen,2,1,21.018,26.654,test
MCFD,/content/fall_detection_work/MCFD/MCFD/clips/chute19_cam7_0_9.319_17.419_1_7_mcfd.avi,1,7,19,fallen,2,1,20.851333333333333,26.48733333333333,test
MCFD,/content/fall_detection_work/MCFD/MCFD/clips/chute19_cam8_0_9.986_18.086_1_8_mcfd.avi,1,8,19,fallen,2,1,21.518,27.154,test
MCFD,/content/fall_detection_work/MCFD/MCFD/clips/chute20_cam1_0_10.668_18.768_1_1_mcfd.avi,1,1,20,walk,0,0,10.668,18.768,train
MCFD,/content/fall_detection_work/MCFD/MCFD/clips/chute20_cam2_0_10.135_18.235_1_2_mcfd.avi,1,2,20,walk,0,0,10.134666666666666,18.234666666666666,test
MCFD,/content/fall_detection_work/MCFD/MCFD/clips/chute20_cam3_0_9.935_18.035_1_3_mcfd.avi,1,3,20,walk,0,0,9.934666666666669,18.034666666666663,val
MCFD,/content/fall_detection_work/MCFD/MCFD/clips/chute20_cam4_0_10.168_18.268_1_4_mcfd.avi,1,4,20,walk,0,0,10.168,18.268,test
MCFD,/content/fall_detection_work/MCFD/MCFD/clips/chute20_cam5_0_10.168_18.268_1_5_mcfd.avi,1,5,20,walk,0,0,10.168,18.268,test
MCFD,/content/fall_detection_work/MCFD/MCFD/clips/chute20_cam7_0_10.001_18.101_1_7_mcfd.avi,1,7,20,walk,0,0,10.001333333333331,18.101333333333333,test
MCFD,/content/fall_detection_work/MCFD/MCFD/clips/chute20_cam8_0_9.835_17.935_1_8_mcfd.avi,1,8,20,walk,0,0,9.834666666666664,17.93466666666667,test
MCFD,/content/fall_detection_work/MCFD/MCFD/clips/chute20_cam1_0_10.668_18.768_1_1_mcfd.avi,1,1,20,fall,1,1,18.804,23.036,train
MCFD,/content/fall_detection_work/MCFD/MCFD/clips/chute20_cam2_0_10.135_18.235_1_2_mcfd.avi,1,2,20,fall,1,1,18.270666666666664,22.502666666666663,test
MCFD,/content/fall_detection_work/MCFD/MCFD/clips/chute20_cam3_0_9.935_18.035_1_3_mcfd.avi,1,3,20,fall,1,1,18.070666666666664,22.302666666666667,val
MCFD,/content/fall_detection_work/MCFD/MCFD/clips/chute20_cam4_0_10.168_18.268_1_4_mcfd.avi,1,4,20,fall,1,1,18.304,22.536,test
MCFD,/content/fall_detection_work/MCFD/MCFD/clips/chute20_cam5_0_10.168_18.268_1_5_mcfd.avi,1,5,20,fall,1,1,18.304,22.536,test
MCFD,/content/fall_detection_work/MCFD/MCFD/clips/chute20_cam7_0_10.001_18.101_1_7_mcfd.avi,1,7,20,fall,1,1,18.13733333333333,22.369333333333334,test
MCFD,/content/fall_detection_work/MCFD/MCFD/clips/chute20_cam8_0_9.835_17.935_1_8_mcfd.avi,1,8,20,fall,1,1,17.970666666666666,22.20266666666667,test
MCFD,/content/fall_detection_work/MCFD/MCFD/clips/chute20_cam1_0_10.668_18.768_1_1_mcfd.avi,1,1,20,fallen,2,1,23.068,27.304,train
MCFD,/content/fall_detection_work/MCFD/MCFD/clips/chute20_cam2_0_10.135_18.235_1_2_mcfd.avi,1,2,20,fallen,2,1,22.534666666666663,26.770666666666664,test
MCFD,/content/fall_detection_work/MCFD/MCFD/clips/chute20_cam3_0_9.935_18.035_1_3_mcfd.avi,1,3,20,fallen,2,1,22.334666666666667,26.570666666666664,val
MCFD,/content/fall_detection_work/MCFD/MCFD/clips/chute20_cam4_0_10.168_18.268_1_4_mcfd.avi,1,4,20,fallen,2,1,22.568,26.804,test
MCFD,/content/fall_detection_work/MCFD/MCFD/clips/chute20_cam5_0_10.168_18.268_1_5_mcfd.avi,1,5,20,fallen,2,1,22.568,26.804,test
MCFD,/content/fall_detection_work/MCFD/MCFD/clips/chute20_cam7_0_10.001_18.101_1_7_mcfd.avi,1,7,20,fallen,2,1,22.401333333333334,26.63733333333333,test
MCFD,/content/fall_detection_work/MCFD/MCFD/clips/chute20_cam8_0_9.835_17.935_1_8_mcfd.avi,1,8,20,fallen,2,1,22.23466666666667,26.470666666666663,test
MCFD,/content/fall_detection_work/MCFD/MCFD/clips/chute01_cam1_0_28.133_33.237_1_1_mcfd.avi,1,1,1,fallen,2,1,37.54933333333334,41.90347333333334,train
MCFD,/content/fall_detection_work/MCFD/MCFD/clips/chute01_cam2_0_28.133_33.237_1_2_mcfd.avi,1,2,1,fallen,2,1,37.54933333333334,41.90347333333334,test
MCFD,/content/fall_detection_work/MCFD/MCFD/clips/chute01_cam3_0_28.299_33.404_1_3_mcfd.avi,1,3,1,fallen,2,1,37.716,42.07014,val
MCFD,/content/fall_detection_work/MCFD/MCFD/clips/chute01_cam4_0_28.166_33.271_1_4_mcfd.avi,1,4,1,fallen,2,1,37.58266666666667,41.93680666666667,test
MCFD,/content/fall_detection_work/MCFD/MCFD/clips/chute01_cam5_0_28.799_33.904_1_5_mcfd.avi,1,5,1,fallen,2,1,38.216,42.57014,test
MCFD,/content/fall_detection_work/MCFD/MCFD/clips/chute01_cam7_0_28.233_33.337_1_7_mcfd.avi,1,7,1,fallen,2,1,37.64933333333333,42.00347333333333,test
MCFD,/content/fall_detection_work/MCFD/MCFD/clips/chute01_cam8_0_28.033_33.137_1_8_mcfd.avi,1,8,1,fallen,2,1,37.449333333333335,41.803473333333336,test
MCFD,/content/fall_detection_work/MCFD/MCFD/clips/chute01_cam1_0_28.133_33.237_1_1_mcfd.avi,1,1,1,stand_up,7,0,41.903333333333336,47.48680333333333,train
MCFD,/content/fall_detection_work/MCFD/MCFD/clips/chute01_cam2_0_28.133_33.237_1_2_mcfd.avi,1,2,1,stand_up,7,0,41.903333333333336,47.48680333333333,test
MCFD,/content/fall_detection_work/MCFD/MCFD/clips/chute01_cam3_0_28.299_33.404_1_3_mcfd.avi,1,3,1,stand_up,7,0,42.07,47.65347,val
MCFD,/content/fall_detection_work/MCFD/MCFD/clips/chute01_cam4_0_28.166_33.271_1_4_mcfd.avi,1,4,1,stand_up,7,0,41.93666666666667,47.520136666666666,test
MCFD,/content/fall_detection_work/MCFD/MCFD/clips/chute01_cam5_0_28.799_33.904_1_5_mcfd.avi,1,5,1,stand_up,7,0,42.57,48.15347,test
MCFD,/content/fall_detection_work/MCFD/MCFD/clips/chute01_cam7_0_28.233_33.337_1_7_mcfd.avi,1,7,1,stand_up,7,0,42.00333333333333,47.58680333333333,test
MCFD,/content/fall_detection_work/MCFD/MCFD/clips/chute01_cam8_0_28.033_33.137_1_8_mcfd.avi,1,8,1,stand_up,7,0,41.803333333333335,47.38680333333333,test
MCFD,/content/fall_detection_work/MCFD/MCFD/clips/chute01_cam1_0_28.133_33.237_1_1_mcfd.avi,1,1,1,walk,0,0,47.48633333333333,48.61180333333333,train
MCFD,/content/fall_detection_work/MCFD/MCFD/clips/chute01_cam2_0_28.133_33.237_1_2_mcfd.avi,1,2,1,walk,0,0,47.48633333333333,48.61180333333333,test
MCFD,/content/fall_detection_work/MCFD/MCFD/clips/chute01_cam3_0_28.299_33.404_1_3_mcfd.avi,1,3,1,walk,0,0,47.653,48.77847,val
MCFD,/content/fall_detection_work/MCFD/MCFD/clips/chute01_cam4_0_28.166_33.271_1_4_mcfd.avi,1,4,1,walk,0,0,47.519666666666666,48.645136666666666,test
MCFD,/content/fall_detection_work/MCFD/MCFD/clips/chute01_cam5_0_28.799_33.904_1_5_mcfd.avi,1,5,1,walk,0,0,48.153,49.27847,test
MCFD,/content/fall_detection_work/MCFD/MCFD/clips/chute01_cam7_0_28.233_33.337_1_7_mcfd.avi,1,7,1,walk,0,0,47.58633333333333,48.71180333333333,test
MCFD,/content/fall_detection_work/MCFD/MCFD/clips/chute01_cam8_0_28.033_33.137_1_8_mcfd.avi,1,8,1,walk,0,0,47.38633333333333,48.51180333333333,test
MCFD,/content/fall_detection_work/MCFD/MCFD/clips/chute01_cam1_0_28.133_33.237_1_1_mcfd.avi,1,1,1,other,9,0,48.61133333333333,50.44514333333333,train
MCFD,/content/fall_detection_work/MCFD/MCFD/clips/chute01_cam2_0_28.133_33.237_1_2_mcfd.avi,1,2,1,other,9,0,48.61133333333333,50.44514333333333,test
MCFD,/content/fall_detection_work/MCFD/MCFD/clips/chute01_cam3_0_28.299_33.404_1_3_mcfd.avi,1,3,1,other,9,0,48.778,50.61181,val
MCFD,/content/fall_detection_work/MCFD/MCFD/clips/chute01_cam4_0_28.166_33.271_1_4_mcfd.avi,1,4,1,other,9,0,48.644666666666666,50.478476666666666,test
MCFD,/content/fall_detection_work/MCFD/MCFD/clips/chute01_cam5_0_28.799_33.904_1_5_mcfd.avi,1,5,1,other,9,0,49.278,51.11181,test
MCFD,/content/fall_detection_work/MCFD/MCFD/clips/chute01_cam7_0_28.233_33.337_1_7_mcfd.avi,1,7,1,other,9,0,48.71133333333333,50.54514333333333,test
MCFD,/content/fall_detection_work/MCFD/MCFD/clips/chute01_cam8_0_28.033_33.137_1_8_mcfd.avi,1,8,1,other,9,0,48.51133333333333,50.34514333333333,test
MCFD,/content/fall_detection_work/MCFD/MCFD/clips/chute01_cam1_0_28.133_33.237_1_1_mcfd.avi,1,1,1,walk,0,0,50.44533333333334,51.48533333333334,train
MCFD,/content/fall_detection_work/MCFD/MCFD/clips/chute01_cam2_0_28.133_33.237_1_2_mcfd.avi,1,2,1,walk,0,0,50.44533333333334,51.48533333333334,test
MCFD,/content/fall_detection_work/MCFD/MCFD/clips/chute01_cam3_0_28.299_33.404_1_3_mcfd.avi,1,3,1,walk,0,0,50.612,51.652,val
MCFD,/content/fall_detection_work/MCFD/MCFD/clips/chute01_cam4_0_28.166_33.271_1_4_mcfd.avi,1,4,1,walk,0,0,50.47866666666667,51.51866666666667,test
MCFD,/content/fall_detection_work/MCFD/MCFD/clips/chute01_cam5_0_28.799_33.904_1_5_mcfd.avi,1,5,1,walk,0,0,51.112,52.152,test
MCFD,/content/fall_detection_work/MCFD/MCFD/clips/chute01_cam7_0_28.233_33.337_1_7_mcfd.avi,1,7,1,walk,0,0,50.54533333333333,51.58533333333333,test
MCFD,/content/fall_detection_work/MCFD/MCFD/clips/chute01_cam8_0_28.033_33.137_1_8_mcfd.avi,1,8,1,walk,0,0,50.345333333333336,51.385333333333335,test
MCFD,/content/fall_detection_work/MCFD/MCFD/clips/chute02_cam1_0_10.970_13.823_1_1_mcfd.avi,1,1,2,fallen,2,1,15.907333333333332,24.678473333333333,train
MCFD,/content/fall_detection_work/MCFD/MCFD/clips/chute02_cam2_0_11.470_14.323_1_2_mcfd.avi,1,2,2,fallen,2,1,16.407333333333334,25.178473333333333,test
MCFD,/content/fall_detection_work/MCFD/MCFD/clips/chute02_cam3_0_10.137_12.990_1_3_mcfd.avi,1,3,2,fallen,2,1,15.074,23.84514,val
MCFD,/content/fall_detection_work/MCFD/MCFD/clips/chute02_cam4_0_10.670_13.523_1_4_mcfd.avi,1,4,2,fallen,2,1,15.607333333333331,24.37847333333333,test
MCFD,/content/fall_detection_work/MCFD/MCFD/clips/chute02_cam5_0_10.737_13.590_1_5_mcfd.avi,1,5,2,fallen,2,1,15.674,24.44514,test
MCFD,/content/fall_detection_work/MCFD/MCFD/clips/chute02_cam7_0_11.237_14.090_1_7_mcfd.avi,1,7,2,fallen,2,1,16.174,24.94514,test
MCFD,/content/fall_detection_work/MCFD/MCFD/clips/chute02_cam8_0_10.337_13.190_1_8_mcfd.avi,1,8,2,fallen,2,1,15.274,24.04514,test
MCFD,/content/fall_detection_work/MCFD/MCFD/clips/chute02_cam1_0_10.970_13.823_1_1_mcfd.avi,1,1,2,stand_up,7,0,24.67833333333333,27.803473333333333,train
MCFD,/content/fall_detection_work/MCFD/MCFD/clips/chute02_cam2_0_11.470_14.323_1_2_mcfd.avi,1,2,2,stand_up,7,0,25.17833333333333,28.303473333333333,test
MCFD,/content/fall_detection_work/MCFD/MCFD/clips/chute02_cam3_0_10.137_12.990_1_3_mcfd.avi,1,3,2,stand_up,7,0,23.845,26.97014,val
MCFD,/content/fall_detection_work/MCFD/MCFD/clips/chute02_cam4_0_10.670_13.523_1_4_mcfd.avi,1,4,2,stand_up,7,0,24.37833333333333,27.50347333333333,test
MCFD,/content/fall_detection_work/MCFD/MCFD/clips/chute02_cam5_0_10.737_13.590_1_5_mcfd.avi,1,5,2,stand_up,7,0,24.445,27.57014,test
MCFD,/content/fall_detection_work/MCFD/MCFD/clips/chute02_cam7_0_11.237_14.090_1_7_mcfd.avi,1,7,2,stand_up,7,0,24.945,28.07014,test
MCFD,/content/fall_detection_work/MCFD/MCFD/clips/chute02_cam8_0_10.337_13.190_1_8_mcfd.avi,1,8,2,stand_up,7,0,24.045,27.17014,test
MCFD,/content/fall_detection_work/MCFD/MCFD/clips/chute02_cam1_0_10.970_13.823_1_1_mcfd.avi,1,1,2,walk,0,0,27.80333333333333,28.200333333333333,train
MCFD,/content/fall_detection_work/MCFD/MCFD/clips/chute02_cam2_0_11.470_14.323_1_2_mcfd.avi,1,2,2,walk,0,0,28.30333333333333,28.700333333333333,test
MCFD,/content/fall_detection_work/MCFD/MCFD/clips/chute02_cam3_0_10.137_12.990_1_3_mcfd.avi,1,3,2,walk,0,0,26.97,27.367,val
MCFD,/content/fall_detection_work/MCFD/MCFD/clips/chute02_cam4_0_10.670_13.523_1_4_mcfd.avi,1,4,2,walk,0,0,27.50333333333333,27.90033333333333,test
MCFD,/content/fall_detection_work/MCFD/MCFD/clips/chute02_cam5_0_10.737_13.590_1_5_mcfd.avi,1,5,2,walk,0,0,27.57,27.967,test
MCFD,/content/fall_detection_work/MCFD/MCFD/clips/chute02_cam7_0_11.237_14.090_1_7_mcfd.avi,1,7,2,walk,0,0,28.07,28.467,test
MCFD,/content/fall_detection_work/MCFD/MCFD/clips/chute02_cam8_0_10.337_13.190_1_8_mcfd.avi,1,8,2,walk,0,0,27.17,27.567,test
MCFD,/content/fall_detection_work/MCFD/MCFD/clips/chute03_cam1_0_12.012_19.581_1_1_mcfd.avi,1,1,3,fallen,2,1,22.345333333333333,28.011803333333333,train
MCFD,/content/fall_detection_work/MCFD/MCFD/clips/chute03_cam2_0_12.145_19.715_1_2_mcfd.avi,1,2,3,fallen,2,1,22.478666666666665,28.145136666666662,test
MCFD,/content/fall_detection_work/MCFD/MCFD/clips/chute03_cam3_0_11.878_19.448_1_3_mcfd.avi,1,3,3,fallen,2,1,22.212,27.87847,val
MCFD,/content/fall_detection_work/MCFD/MCFD/clips/chute03_cam4_0_12.145_19.715_1_4_mcfd.avi,1,4,3,fallen,2,1,22.478666666666665,28.145136666666662,test
MCFD,/content/fall_detection_work/MCFD/MCFD/clips/chute03_cam5_0_12.778_20.348_1_5_mcfd.avi,1,5,3,fallen,2,1,23.112,28.77847,test
MCFD,/content/fall_detection_work/MCFD/MCFD/clips/chute03_cam7_0_12.278_19.848_1_7_mcfd.avi,1,7,3,fallen,2,1,22.612,28.27847,test
MCFD,/content/fall_detection_work/MCFD/MCFD/clips/chute03_cam8_0_11.612_19.181_1_8_mcfd.avi,1,8,3,fallen,2,1,21.94533333333333,27.61180333333333,test
MCFD,/content/fall_detection_work/MCFD/MCFD/clips/chute03_cam1_0_12.012_19.581_1_1_mcfd.avi,1,1,3,stand_up,7,0,28.011333333333333,30.782643333333333,train
MCFD,/content/fall_detection_work/MCFD/MCFD/clips/chute03_cam2_0_12.145_19.715_1_2_mcfd.avi,1,2,3,stand_up,7,0,28.144666666666662,30.915976666666666,test
MCFD,/content/fall_detection_work/MCFD/MCFD/clips/chute03_cam3_0_11.878_19.448_1_3_mcfd.avi,1,3,3,stand_up,7,0,27.878,30.64931,val
MCFD,/content/fall_detection_work/MCFD/MCFD/clips/chute03_cam4_0_12.145_19.715_1_4_mcfd.avi,1,4,3,stand_up,7,0,28.144666666666662,30.915976666666666,test
MCFD,/content/fall_detection_work/MCFD/MCFD/clips/chute03_cam5_0_12.778_20.348_1_5_mcfd.avi,1,5,3,stand_up,7,0,28.778,31.54931,test
MCFD,/content/fall_detection_work/MCFD/MCFD/clips/chute03_cam7_0_12.278_19.848_1_7_mcfd.avi,1,7,3,stand_up,7,0,28.278,31.04931,test
MCFD,/content/fall_detection_work/MCFD/MCFD/clips/chute03_cam8_0_11.612_19.181_1_8_mcfd.avi,1,8,3,stand_up,7,0,27.61133333333333,30.38264333333333,test
MCFD,/content/fall_detection_work/MCFD/MCFD/clips/chute04_cam1_0_9.953_12.521_1_1_mcfd.avi,1,1,4,fallen,2,1,13.870333333333331,14.953473333333331,train
MCFD,/content/fall_detection_work/MCFD/MCFD/clips/chute04_cam2_0_10.187_12.755_1_2_mcfd.avi,1,2,4,fallen,2,1,14.103666666666667,15.186806666666667,test
MCFD,/content/fall_detection_work/MCFD/MCFD/clips/chute04_cam3_0_10.153_12.721_1_3_mcfd.avi,1,3,4,fallen,2,1,14.070333333333334,15.153473333333334,val
MCFD,/content/fall_detection_work/MCFD/MCFD/clips/chute04_cam4_0_7.553_10.121_1_4_mcfd.avi,1,4,4,fallen,2,1,11.470333333333333,12.553473333333333,test
MCFD,/content/fall_detection_work/MCFD/MCFD/clips/chute04_cam5_0_9.820_12.388_1_5_mcfd.avi,1,5,4,fallen,2,1,13.737,14.82014,test
MCFD,/content/fall_detection_work/MCFD/MCFD/clips/chute04_cam7_0_10.320_12.888_1_7_mcfd.avi,1,7,4,fallen,2,1,14.237,15.32014,test
MCFD,/content/fall_detection_work/MCFD/MCFD/clips/chute04_cam8_0_9.420_11.988_1_8_mcfd.avi,1,8,4,fallen,2,1,13.337,14.42014,test
MCFD,/content/fall_detection_work/MCFD/MCFD/clips/chute04_cam1_0_9.953_12.521_1_1_mcfd.avi,1,1,4,stand_up,7,0,14.953333333333331,22.78680333333333,train
MCFD,/content/fall_detection_work/MCFD/MCFD/clips/chute04_cam2_0_10.187_12.755_1_2_mcfd.avi,1,2,4,stand_up,7,0,15.186666666666667,23.020136666666662,test
MCFD,/content/fall_detection_work/MCFD/MCFD/clips/chute04_cam3_0_10.153_12.721_1_3_mcfd.avi,1,3,4,stand_up,7,0,15.153333333333334,22.98680333333333,val
MCFD,/content/fall_detection_work/MCFD/MCFD/clips/chute04_cam4_0_7.553_10.121_1_4_mcfd.avi,1,4,4,stand_up,7,0,12.553333333333336,20.386803333333333,test
MCFD,/content/fall_detection_work/MCFD/MCFD/clips/chute04_cam5_0_9.820_12.388_1_5_mcfd.avi,1,5,4,stand_up,7,0,14.82,22.65347,test
MCFD,/content/fall_detection_work/MCFD/MCFD/clips/chute04_cam7_0_10.320_12.888_1_7_mcfd.avi,1,7,4,stand_up,7,0,15.32,23.15347,test
MCFD,/content/fall_detection_work/MCFD/MCFD/clips/chute04_cam8_0_9.420_11.988_1_8_mcfd.avi,1,8,4,stand_up,7,0,14.42,22.25347,test
MCFD,/content/fall_detection_work/MCFD/MCFD/clips/chute04_cam1_0_9.953_12.521_1_1_mcfd.avi,1,1,4,fall,1,1,22.78633333333333,24.49514333333333,train
MCFD,/content/fall_detection_work/MCFD/MCFD/clips/chute04_cam2_0_10.187_12.755_1_2_mcfd.avi,1,2,4,fall,1,1,23.019666666666662,24.728476666666666,test
MCFD,/content/fall_detection_work/MCFD/MCFD/clips/chute04_cam3_0_10.153_12.721_1_3_mcfd.avi,1,3,4,fall,1,1,22.98633333333333,24.69514333333333,val
MCFD,/content/fall_detection_work/MCFD/MCFD/clips/chute04_cam4_0_7.553_10.121_1_4_mcfd.avi,1,4,4,fall,1,1,20.386333333333333,22.095143333333333,test
MCFD,/content/fall_detection_work/MCFD/MCFD/clips/chute04_cam5_0_9.820_12.388_1_5_mcfd.avi,1,5,4,fall,1,1,22.653,24.36181,test
MCFD,/content/fall_detection_work/MCFD/MCFD/clips/chute04_cam7_0_10.320_12.888_1_7_mcfd.avi,1,7,4,fall,1,1,23.153,24.86181,test
MCFD,/content/fall_detection_work/MCFD/MCFD/clips/chute04_cam8_0_9.420_11.988_1_8_mcfd.avi,1,8,4,fall,1,1,22.253,23.96181,test
MCFD,/content/fall_detection_work/MCFD/MCFD/clips/chute04_cam1_0_9.953_12.521_1_1_mcfd.avi,1,1,4,fallen,2,1,24.49533333333333,29.78680333333333,train
MCFD,/content/fall_detection_work/MCFD/MCFD/clips/chute04_cam2_0_10.187_12.755_1_2_mcfd.avi,1,2,4,fallen,2,1,24.728666666666665,30.020136666666662,test
MCFD,/content/fall_detection_work/MCFD/MCFD/clips/chute04_cam3_0_10.153_12.721_1_3_mcfd.avi,1,3,4,fallen,2,1,24.69533333333333,29.98680333333333,val
MCFD,/content/fall_detection_work/MCFD/MCFD/clips/chute04_cam4_0_7.553_10.121_1_4_mcfd.avi,1,4,4,fallen,2,1,22.095333333333333,27.386803333333333,test
MCFD,/content/fall_detection_work/MCFD/MCFD/clips/chute04_cam5_0_9.820_12.388_1_5_mcfd.avi,1,5,4,fallen,2,1,24.362,29.65347,test
MCFD,/content/fall_detection_work/MCFD/MCFD/clips/chute04_cam7_0_10.320_12.888_1_7_mcfd.avi,1,7,4,fallen,2,1,24.862,30.15347,test
MCFD,/content/fall_detection_work/MCFD/MCFD/clips/chute04_cam8_0_9.420_11.988_1_8_mcfd.avi,1,8,4,fallen,2,1,23.962,29.25347,test
MCFD,/content/fall_detection_work/MCFD/MCFD/clips/chute04_cam1_0_9.953_12.521_1_1_mcfd.avi,1,1,4,stand_up,7,0,29.78633333333333,33.41180333333333,train
MCFD,/content/fall_detection_work/MCFD/MCFD/clips/chute04_cam2_0_10.187_12.755_1_2_mcfd.avi,1,2,4,stand_up,7,0,30.019666666666662,33.645136666666666,test
MCFD,/content/fall_detection_work/MCFD/MCFD/clips/chute04_cam3_0_10.153_12.721_1_3_mcfd.avi,1,3,4,stand_up,7,0,29.98633333333333,33.611803333333334,val
MCFD,/content/fall_detection_work/MCFD/MCFD/clips/chute04_cam4_0_7.553_10.121_1_4_mcfd.avi,1,4,4,stand_up,7,0,27.386333333333333,31.011803333333333,test
MCFD,/content/fall_detection_work/MCFD/MCFD/clips/chute04_cam5_0_9.820_12.388_1_5_mcfd.avi,1,5,4,stand_up,7,0,29.653,33.27847,test
MCFD,/content/fall_detection_work/MCFD/MCFD/clips/chute04_cam7_0_10.320_12.888_1_7_mcfd.avi,1,7,4,stand_up,7,0,30.153,33.77847,test
MCFD,/content/fall_detection_work/MCFD/MCFD/clips/chute04_cam8_0_9.420_11.988_1_8_mcfd.avi,1,8,4,stand_up,7,0,29.253,32.87847,test
MCFD,/content/fall_detection_work/MCFD/MCFD/clips/chute04_cam1_0_9.953_12.521_1_1_mcfd.avi,1,1,4,walk,0,0,33.41133333333333,35.42930333333333,train
MCFD,/content/fall_detection_work/MCFD/MCFD/clips/chute04_cam2_0_10.187_12.755_1_2_mcfd.avi,1,2,4,walk,0,0,33.644666666666666,35.662636666666664,test
MCFD,/content/fall_detection_work/MCFD/MCFD/clips/chute04_cam3_0_10.153_12.721_1_3_mcfd.avi,1,3,4,walk,0,0,33.611333333333334,35.62930333333333,val
MCFD,/content/fall_detection_work/MCFD/MCFD/clips/chute04_cam4_0_7.553_10.121_1_4_mcfd.avi,1,4,4,walk,0,0,31.011333333333333,33.02930333333333,test
MCFD,/content/fall_detection_work/MCFD/MCFD/clips/chute04_cam5_0_9.820_12.388_1_5_mcfd.avi,1,5,4,walk,0,0,33.278,35.29597,test
MCFD,/content/fall_detection_work/MCFD/MCFD/clips/chute04_cam7_0_10.320_12.888_1_7_mcfd.avi,1,7,4,walk,0,0,33.778,35.79597,test
MCFD,/content/fall_detection_work/MCFD/MCFD/clips/chute04_cam8_0_9.420_11.988_1_8_mcfd.avi,1,8,4,walk,0,0,32.878,34.89597,test
MCFD,/content/fall_detection_work/MCFD/MCFD/clips/chute05_cam1_0_9.766_10.613_1_1_mcfd.avi,1,1,5,stand_up,7,0,15.280666666666669,21.203476666666663,train
MCFD,/content/fall_detection_work/MCFD/MCFD/clips/chute05_cam2_0_9.999_10.846_1_2_mcfd.avi,1,2,5,stand_up,7,0,15.514,21.43681,test
MCFD,/content/fall_detection_work/MCFD/MCFD/clips/chute05_cam3_0_9.366_10.213_1_3_mcfd.avi,1,3,5,stand_up,7,0,14.880666666666666,20.803476666666665,val
MCFD,/content/fall_detection_work/MCFD/MCFD/clips/chute05_cam4_0_9.566_10.413_1_4_mcfd.avi,1,4,5,stand_up,7,0,15.080666666666668,21.003476666666664,test
MCFD,/content/fall_detection_work/MCFD/MCFD/clips/chute05_cam5_0_9.799_10.646_1_5_mcfd.avi,1,5,5,stand_up,7,0,15.314,21.23681,test
MCFD,/content/fall_detection_work/MCFD/MCFD/clips/chute05_cam7_0_10.066_10.913_1_7_mcfd.avi,1,7,5,stand_up,7,0,15.580666666666668,21.503476666666664,test
MCFD,/content/fall_detection_work/MCFD/MCFD/clips/chute05_cam8_0_10.133_10.979_1_8_mcfd.avi,1,8,5,stand_up,7,0,15.647333333333334,21.57014333333333,test
MCFD,/content/fall_detection_work/MCFD/MCFD/clips/chute05_cam1_0_9.766_10.613_1_1_mcfd.avi,1,1,5,other,9,0,21.203666666666663,25.825976666666666,train
MCFD,/content/fall_detection_work/MCFD/MCFD/clips/chute05_cam2_0_9.999_10.846_1_2_mcfd.avi,1,2,5,other,9,0,21.437,26.05931,test
MCFD,/content/fall_detection_work/MCFD/MCFD/clips/chute05_cam3_0_9.366_10.213_1_3_mcfd.avi,1,3,5,other,9,0,20.803666666666665,25.425976666666667,val
MCFD,/content/fall_detection_work/MCFD/MCFD/clips/chute05_cam4_0_9.566_10.413_1_4_mcfd.avi,1,4,5,other,9,0,21.003666666666664,25.625976666666663,test
MCFD,/content/fall_detection_work/MCFD/MCFD/clips/chute05_cam5_0_9.799_10.646_1_5_mcfd.avi,1,5,5,other,9,0,21.237,25.85931,test
MCFD,/content/fall_detection_work/MCFD/MCFD/clips/chute05_cam7_0_10.066_10.913_1_7_mcfd.avi,1,7,5,other,9,0,21.503666666666664,26.125976666666663,test
MCFD,/content/fall_detection_work/MCFD/MCFD/clips/chute05_cam8_0_10.133_10.979_1_8_mcfd.avi,1,8,5,other,9,0,21.57033333333333,26.192643333333333,test
MCFD,/content/fall_detection_work/MCFD/MCFD/clips/chute06_cam1_0_10.999_19.935_1_1_mcfd.avi,1,1,6,fallen,2,1,22.35333333333333,38.97847333333333,train
MCFD,/content/fall_detection_work/MCFD/MCFD/clips/chute06_cam2_0_14.333_23.269_1_2_mcfd.avi,1,2,6,fallen,2,1,25.686666666666667,42.31180666666667,test
MCFD,/content/fall_detection_work/MCFD/MCFD/clips/chute06_cam3_0_14.533_23.469_1_3_mcfd.avi,1,3,6,fallen,2,1,25.886666666666667,42.51180666666667,val
MCFD,/content/fall_detection_work/MCFD/MCFD/clips/chute06_cam4_0_13.999_22.935_1_4_mcfd.avi,1,4,6,fallen,2,1,25.35333333333333,41.97847333333333,test
MCFD,/content/fall_detection_work/MCFD/MCFD/clips/chute06_cam5_0_13.966_22.902_1_5_mcfd.avi,1,5,6,fallen,2,1,25.32,41.94514,test
MCFD,/content/fall_detection_work/MCFD/MCFD/clips/chute06_cam7_0_14.466_23.402_1_7_mcfd.avi,1,7,6,fallen,2,1,25.82,42.44514,test
MCFD,/content/fall_detection_work/MCFD/MCFD/clips/chute06_cam8_0_13.966_22.902_1_8_mcfd.avi,1,8,6,fallen,2,1,25.32,41.94514,test
MCFD,/content/fall_detection_work/MCFD/MCFD/clips/chute06_cam1_0_10.999_19.935_1_1_mcfd.avi,1,1,6,stand_up,7,0,38.97833333333333,42.32930333333333,train
MCFD,/content/fall_detection_work/MCFD/MCFD/clips/chute06_cam2_0_14.333_23.269_1_2_mcfd.avi,1,2,6,stand_up,7,0,42.31166666666667,45.66263666666666,test
MCFD,/content/fall_detection_work/MCFD/MCFD/clips/chute06_cam3_0_14.533_23.469_1_3_mcfd.avi,1,3,6,stand_up,7,0,42.51166666666667,45.86263666666667,val
MCFD,/content/fall_detection_work/MCFD/MCFD/clips/chute06_cam4_0_13.999_22.935_1_4_mcfd.avi,1,4,6,stand_up,7,0,41.97833333333333,45.32930333333333,test
MCFD,/content/fall_detection_work/MCFD/MCFD/clips/chute06_cam5_0_13.966_22.902_1_5_mcfd.avi,1,5,6,stand_up,7,0,41.945,45.29597,test
MCFD,/content/fall_detection_work/MCFD/MCFD/clips/chute06_cam7_0_14.466_23.402_1_7_mcfd.avi,1,7,6,stand_up,7,0,42.445,45.79597,test
MCFD,/content/fall_detection_work/MCFD/MCFD/clips/chute06_cam8_0_13.966_22.902_1_8_mcfd.avi,1,8,6,stand_up,7,0,41.945,45.29597,test
MCFD,/content/fall_detection_work/MCFD/MCFD/clips/chute07_cam1_0_11.741_17.310_1_1_mcfd.avi,1,1,7,fallen,2,1,19.491,24.99014,train
MCFD,/content/fall_detection_work/MCFD/MCFD/clips/chute07_cam2_0_11.274_16.843_1_2_mcfd.avi,1,2,7,fallen,2,1,19.02433333333333,24.52347333333333,test
MCFD,/content/fall_detection_work/MCFD/MCFD/clips/chute07_cam3_0_11.341_16.910_1_3_mcfd.avi,1,3,7,fallen,2,1,19.091,24.59014,val
MCFD,/content/fall_detection_work/MCFD/MCFD/clips/chute07_cam4_0_10.808_16.377_1_4_mcfd.avi,1,4,7,fallen,2,1,18.557666666666663,24.056806666666667,test
MCFD,/content/fall_detection_work/MCFD/MCFD/clips/chute07_cam5_0_10.841_16.410_1_5_mcfd.avi,1,5,7,fallen,2,1,18.591,24.09014,test
MCFD,/content/fall_detection_work/MCFD/MCFD/clips/chute07_cam7_0_11.408_16.977_1_7_mcfd.avi,1,7,7,fallen,2,1,19.157666666666668,24.656806666666668,test
MCFD,/content/fall_detection_work/MCFD/MCFD/clips/chute07_cam8_0_11.474_17.043_1_8_mcfd.avi,1,8,7,fallen,2,1,19.22433333333333,24.72347333333333,test
MCFD,/content/fall_detection_work/MCFD/MCFD/clips/chute07_cam1_0_11.741_17.310_1_1_mcfd.avi,1,1,7,stand_up,7,0,24.99,28.63681,train
MCFD,/content/fall_detection_work/MCFD/MCFD/clips/chute07_cam2_0_11.274_16.843_1_2_mcfd.avi,1,2,7,stand_up,7,0,24.523333333333333,28.17014333333333,test
MCFD,/content/fall_detection_work/MCFD/MCFD/clips/chute07_cam3_0_11.341_16.910_1_3_mcfd.avi,1,3,7,stand_up,7,0,24.59,28.23681,val
MCFD,/content/fall_detection_work/MCFD/MCFD/clips/chute07_cam4_0_10.808_16.377_1_4_mcfd.avi,1,4,7,stand_up,7,0,24.056666666666665,27.703476666666663,test
MCFD,/content/fall_detection_work/MCFD/MCFD/clips/chute07_cam5_0_10.841_16.410_1_5_mcfd.avi,1,5,7,stand_up,7,0,24.09,27.73681,test
MCFD,/content/fall_detection_work/MCFD/MCFD/clips/chute07_cam7_0_11.408_16.977_1_7_mcfd.avi,1,7,7,stand_up,7,0,24.656666666666663,28.303476666666665,test
MCFD,/content/fall_detection_work/MCFD/MCFD/clips/chute07_cam8_0_11.474_17.043_1_8_mcfd.avi,1,8,7,stand_up,7,0,24.723333333333333,28.37014333333333,test
MCFD,/content/fall_detection_work/MCFD/MCFD/clips/chute07_cam1_0_11.741_17.310_1_1_mcfd.avi,1,1,7,fall,1,1,28.637,29.92847,train
MCFD,/content/fall_detection_work/MCFD/MCFD/clips/chute07_cam2_0_11.274_16.843_1_2_mcfd.avi,1,2,7,fall,1,1,28.17033333333333,29.46180333333333,test
MCFD,/content/fall_detection_work/MCFD/MCFD/clips/chute07_cam3_0_11.341_16.910_1_3_mcfd.avi,1,3,7,fall,1,1,28.237,29.52847,val
MCFD,/content/fall_detection_work/MCFD/MCFD/clips/chute07_cam4_0_10.808_16.377_1_4_mcfd.avi,1,4,7,fall,1,1,27.703666666666663,28.995136666666664,test
MCFD,/content/fall_detection_work/MCFD/MCFD/clips/chute07_cam5_0_10.841_16.410_1_5_mcfd.avi,1,5,7,fall,1,1,27.737,29.02847,test
MCFD,/content/fall_detection_work/MCFD/MCFD/clips/chute07_cam7_0_11.408_16.977_1_7_mcfd.avi,1,7,7,fall,1,1,28.303666666666665,29.595136666666665,test
MCFD,/content/fall_detection_work/MCFD/MCFD/clips/chute07_cam8_0_11.474_17.043_1_8_mcfd.avi,1,8,7,fall,1,1,28.37033333333333,29.66180333333333,test
MCFD,/content/fall_detection_work/MCFD/MCFD/clips/chute07_cam1_0_11.741_17.310_1_1_mcfd.avi,1,1,7,stand_up,7,0,29.928,31.38431,train
MCFD,/content/fall_detection_work/MCFD/MCFD/clips/chute07_cam2_0_11.274_16.843_1_2_mcfd.avi,1,2,7,stand_up,7,0,29.46133333333333,30.91764333333333,test
MCFD,/content/fall_detection_work/MCFD/MCFD/clips/chute07_cam3_0_11.341_16.910_1_3_mcfd.avi,1,3,7,stand_up,7,0,29.528,30.98431,val
MCFD,/content/fall_detection_work/MCFD/MCFD/clips/chute07_cam4_0_10.808_16.377_1_4_mcfd.avi,1,4,7,stand_up,7,0,28.994666666666664,30.450976666666666,test
MCFD,/content/fall_detection_work/MCFD/MCFD/clips/chute07_cam5_0_10.841_16.410_1_5_mcfd.avi,1,5,7,stand_up,7,0,29.028,30.48431,test
MCFD,/content/fall_detection_work/MCFD/MCFD/clips/chute07_cam7_0_11.408_16.977_1_7_mcfd.avi,1,7,7,stand_up,7,0,29.594666666666665,31.050976666666667,test
MCFD,/content/fall_detection_work/MCFD/MCFD/clips/chute07_cam8_0_11.474_17.043_1_8_mcfd.avi,1,8,7,stand_up,7,0,29.66133333333333,31.117643333333334,test
MCFD,/content/fall_detection_work/MCFD/MCFD/clips/chute08_cam1_0_7.878_12.687_1_1_mcfd.avi,1,1,8,stand_up,7,0,16.355333333333334,23.29514333333333,train
MCFD,/content/fall_detection_work/MCFD/MCFD/clips/chute08_cam2_0_7.445_12.254_1_2_mcfd.avi,1,2,8,stand_up,7,0,15.922,22.86181,test
MCFD,/content/fall_detection_work/MCFD/MCFD/clips/chute08_cam3_0_4.812_9.621_1_3_mcfd.avi,1,3,8,stand_up,7,0,13.288666666666668,20.228476666666666,val
MCFD,/content/fall_detection_work/MCFD/MCFD/clips/chute08_cam4_0_7.512_12.321_1_4_mcfd.avi,1,4,8,stand_up,7,0,15.988666666666669,22.928476666666665,test
MCFD,/content/fall_detection_work/MCFD/MCFD/clips/chute08_cam5_0_6.945_11.754_1_5_mcfd.avi,1,5,8,stand_up,7,0,15.422,22.36181,test
MCFD,/content/fall_detection_work/MCFD/MCFD/clips/chute08_cam7_0_7.545_12.354_1_7_mcfd.avi,1,7,8,stand_up,7,0,16.022000000000002,22.96181,test
MCFD,/content/fall_detection_work/MCFD/MCFD/clips/chute08_cam8_0_6.678_11.487_1_8_mcfd.avi,1,8,8,stand_up,7,0,15.155333333333331,22.095143333333333,test
MCFD,/content/fall_detection_work/MCFD/MCFD/clips/chute08_cam1_0_7.878_12.687_1_1_mcfd.avi,1,1,8,walk,0,0,23.29533333333333,24.31533333333333,train
MCFD,/content/fall_detection_work/MCFD/MCFD/clips/chute08_cam2_0_7.445_12.254_1_2_mcfd.avi,1,2,8,walk,0,0,22.862,23.882,test
MCFD,/content/fall_detection_work/MCFD/MCFD/clips/chute08_cam3_0_4.812_9.621_1_3_mcfd.avi,1,3,8,walk,0,0,20.228666666666665,21.24866666666667,val
MCFD,/content/fall_detection_work/MCFD/MCFD/clips/chute08_cam4_0_7.512_12.321_1_4_mcfd.avi,1,4,8,walk,0,0,22.928666666666665,23.948666666666668,test
MCFD,/content/fall_detection_work/MCFD/MCFD/clips/chute08_cam5_0_6.945_11.754_1_5_mcfd.avi,1,5,8,walk,0,0,22.362,23.382,test
MCFD,/content/fall_detection_work/MCFD/MCFD/clips/chute08_cam7_0_7.545_12.354_1_7_mcfd.avi,1,7,8,walk,0,0,22.962,23.982000000000003,test
MCFD,/content/fall_detection_work/MCFD/MCFD/clips/chute08_cam8_0_6.678_11.487_1_8_mcfd.avi,1,8,8,walk,0,0,22.095333333333333,23.115333333333336,test
MCFD,/content/fall_detection_work/MCFD/MCFD/clips/chute09_cam1_0_10.216_16.273_1_1_mcfd.avi,1,1,9,fallen,2,1,22.903666666666663,28.299306666666663,train
MCFD,/content/fall_detection_work/MCFD/MCFD/clips/chute09_cam2_0_9.916_15.973_1_2_mcfd.avi,1,2,9,fallen,2,1,22.603666666666665,27.999306666666666,test
MCFD,/content/fall_detection_work/MCFD/MCFD/clips/chute09_cam3_0_9.649_15.706_1_3_mcfd.avi,1,3,9,fallen,2,1,22.337,27.73264,val
MCFD,/content/fall_detection_work/MCFD/MCFD/clips/chute09_cam4_0_10.249_16.306_1_4_mcfd.avi,1,4,9,fallen,2,1,22.937,28.33264,test
MCFD,/content/fall_detection_work/MCFD/MCFD/clips/chute09_cam5_0_10.049_16.106_1_5_mcfd.avi,1,5,9,fallen,2,1,22.737,28.13264,test
MCFD,/content/fall_detection_work/MCFD/MCFD/clips/chute09_cam7_0_10.016_16.073_1_7_mcfd.avi,1,7,9,fallen,2,1,22.703666666666663,28.099306666666664,test
MCFD,/content/fall_detection_work/MCFD/MCFD/clips/chute09_cam8_0_9.616_15.673_1_8_mcfd.avi,1,8,9,fallen,2,1,22.303666666666665,27.699306666666665,test
MCFD,/content/fall_detection_work/MCFD/MCFD/clips/chute09_cam1_0_10.216_16.273_1_1_mcfd.avi,1,1,9,stand_up,7,0,28.299666666666667,31.027636666666663,train
MCFD,/content/fall_detection_work/MCFD/MCFD/clips/chute09_cam2_0_9.916_15.973_1_2_mcfd.avi,1,2,9,stand_up,7,0,27.999666666666663,30.727636666666665,test
MCFD,/content/fall_detection_work/MCFD/MCFD/clips/chute09_cam3_0_9.649_15.706_1_3_mcfd.avi,1,3,9,stand_up,7,0,27.733,30.46097,val
MCFD,/content/fall_detection_work/MCFD/MCFD/clips/chute09_cam4_0_10.249_16.306_1_4_mcfd.avi,1,4,9,stand_up,7,0,28.333,31.06097,test
MCFD,/content/fall_detection_work/MCFD/MCFD/clips/chute09_cam5_0_10.049_16.106_1_5_mcfd.avi,1,5,9,stand_up,7,0,28.133,30.86097,test
MCFD,/content/fall_detection_work/MCFD/MCFD/clips/chute09_cam7_0_10.016_16.073_1_7_mcfd.avi,1,7,9,stand_up,7,0,28.099666666666664,30.827636666666663,test
MCFD,/content/fall_detection_work/MCFD/MCFD/clips/chute09_cam8_0_9.616_15.673_1_8_mcfd.avi,1,8,9,stand_up,7,0,27.699666666666666,30.427636666666665,test
MCFD,/content/fall_detection_work/MCFD/MCFD/clips/chute10_cam1_0_10.553_16.013_1_1_mcfd.avi,1,1,10,fall,1,1,17.386666666666667,18.720136666666665,train
MCFD,/content/fall_detection_work/MCFD/MCFD/clips/chute10_cam2_0_10.587_16.046_1_2_mcfd.avi,1,2,10,fall,1,1,17.42,18.75347,test
MCFD,/content/fall_detection_work/MCFD/MCFD/clips/chute10_cam3_0_10.720_16.179_1_3_mcfd.avi,1,3,10,fall,1,1,17.553333333333335,18.886803333333333,val
MCFD,/content/fall_detection_work/MCFD/MCFD/clips/chute10_cam4_0_11.187_16.646_1_4_mcfd.avi,1,4,10,fall,1,1,18.02,19.35347,test
MCFD,/content/fall_detection_work/MCFD/MCFD/clips/chute10_cam5_0_10.487_15.946_1_5_mcfd.avi,1,5,10,fall,1,1,17.32,18.65347,test
MCFD,/content/fall_detection_work/MCFD/MCFD/clips/chute10_cam7_0_10.720_16.179_1_7_mcfd.avi,1,7,10,fall,1,1,17.553333333333335,18.886803333333333,test
MCFD,/content/fall_detection_work/MCFD/MCFD/clips/chute10_cam8_0_10.087_15.546_1_8_mcfd.avi,1,8,10,fall,1,1,16.92,18.25347,test
MCFD,/content/fall_detection_work/MCFD/MCFD/clips/chute10_cam1_0_10.553_16.013_1_1_mcfd.avi,1,1,10,stand_up,7,0,20.907636666666665,29.240976666666665,train
MCFD,/content/fall_detection_work/MCFD/MCFD/clips/chute10_cam2_0_10.587_16.046_1_2_mcfd.avi,1,2,10,stand_up,7,0,20.94097,29.27431,test
MCFD,/content/fall_detection_work/MCFD/MCFD/clips/chute10_cam3_0_10.720_16.179_1_3_mcfd.avi,1,3,10,stand_up,7,0,21.074303333333333,29.407643333333333,val
MCFD,/content/fall_detection_work/MCFD/MCFD/clips/chute10_cam4_0_11.187_16.646_1_4_mcfd.avi,1,4,10,stand_up,7,0,21.54097,29.87431,test
MCFD,/content/fall_detection_work/MCFD/MCFD/clips/chute10_cam5_0_10.487_15.946_1_5_mcfd.avi,1,5,10,stand_up,7,0,20.84097,29.17431,test
MCFD,/content/fall_detection_work/MCFD/MCFD/clips/chute10_cam7_0_10.720_16.179_1_7_mcfd.avi,1,7,10,stand_up,7,0,21.074303333333333,29.407643333333333,test
MCFD,/content/fall_detection_work/MCFD/MCFD/clips/chute10_cam8_0_10.087_15.546_1_8_mcfd.avi,1,8,10,stand_up,7,0,20.44097,28.77431,test
MCFD,/content/fall_detection_work/MCFD/MCFD/clips/chute10_cam1_0_10.553_16.013_1_1_mcfd.avi,1,1,10,walk,0,0,29.240666666666662,31.583476666666662,train
MCFD,/content/fall_detection_work/MCFD/MCFD/clips/chute10_cam2_0_10.587_16.046_1_2_mcfd.avi,1,2,10,walk,0,0,29.274,31.61681,test
MCFD,/content/fall_detection_work/MCFD/MCFD/clips/chute10_cam3_0_10.720_16.179_1_3_mcfd.avi,1,3,10,walk,0,0,29.407333333333334,31.75014333333333,val
MCFD,/content/fall_detection_work/MCFD/MCFD/clips/chute10_cam4_0_11.187_16.646_1_4_mcfd.avi,1,4,10,walk,0,0,29.874,32.21681,test
MCFD,/content/fall_detection_work/MCFD/MCFD/clips/chute10_cam5_0_10.487_15.946_1_5_mcfd.avi,1,5,10,walk,0,0,29.174,31.51681,test
MCFD,/content/fall_detection_work/MCFD/MCFD/clips/chute10_cam7_0_10.720_16.179_1_7_mcfd.avi,1,7,10,walk,0,0,29.407333333333334,31.75014333333333,test
MCFD,/content/fall_detection_work/MCFD/MCFD/clips/chute10_cam8_0_10.087_15.546_1_8_mcfd.avi,1,8,10,walk,0,0,28.774,31.11681,test
MCFD,/content/fall_detection_work/MCFD/MCFD/clips/chute11_cam1_0_13.274_16.403_1_1_mcfd.avi,1,1,11,fallen,2,1,18.003666666666664,24.940976666666664,train
MCFD,/content/fall_detection_work/MCFD/MCFD/clips/chute11_cam2_0_12.641_15.769_1_2_mcfd.avi,1,2,11,fallen,2,1,17.37033333333333,24.30764333333333,test
MCFD,/content/fall_detection_work/MCFD/MCFD/clips/chute11_cam3_0_13.174_16.303_1_3_mcfd.avi,1,3,11,fallen,2,1,17.903666666666666,24.840976666666663,val
MCFD,/content/fall_detection_work/MCFD/MCFD/clips/chute11_cam4_0_12.974_16.103_1_4_mcfd.avi,1,4,11,fallen,2,1,17.703666666666663,24.640976666666663,test
MCFD,/content/fall_detection_work/MCFD/MCFD/clips/chute11_cam5_0_12.508_15.636_1_5_mcfd.avi,1,5,11,fallen,2,1,17.237,24.17431,test
MCFD,/content/fall_detection_work/MCFD/MCFD/clips/chute11_cam7_0_12.741_15.869_1_7_mcfd.avi,1,7,11,fallen,2,1,17.470333333333333,24.407643333333333,test
MCFD,/content/fall_detection_work/MCFD/MCFD/clips/chute11_cam8_0_12.908_16.036_1_8_mcfd.avi,1,8,11,fallen,2,1,17.636999999999997,24.57431,test
MCFD,/content/fall_detection_work/MCFD/MCFD/clips/chute11_cam1_0_13.274_16.403_1_1_mcfd.avi,1,1,11,stand_up,7,0,24.940666666666665,27.582636666666662,train
MCFD,/content/fall_detection_work/MCFD/MCFD/clips/chute11_cam2_0_12.641_15.769_1_2_mcfd.avi,1,2,11,stand_up,7,0,24.30733333333333,26.949303333333333,test
MCFD,/content/fall_detection_work/MCFD/MCFD/clips/chute11_cam3_0_13.174_16.303_1_3_mcfd.avi,1,3,11,stand_up,7,0,24.840666666666667,27.482636666666668,val
MCFD,/content/fall_detection_work/MCFD/MCFD/clips/chute11_cam4_0_12.974_16.103_1_4_mcfd.avi,1,4,11,stand_up,7,0,24.640666666666664,27.282636666666665,test
MCFD,/content/fall_detection_work/MCFD/MCFD/clips/chute11_cam5_0_12.508_15.636_1_5_mcfd.avi,1,5,11,stand_up,7,0,24.174,26.81597,test
MCFD,/content/fall_detection_work/MCFD/MCFD/clips/chute11_cam7_0_12.741_15.869_1_7_mcfd.avi,1,7,11,stand_up,7,0,24.407333333333334,27.04930333333333,test
MCFD,/content/fall_detection_work/MCFD/MCFD/clips/chute11_cam8_0_12.908_16.036_1_8_mcfd.avi,1,8,11,stand_up,7,0,24.574,27.21597,test
MCFD,/content/fall_detection_work/MCFD/MCFD/clips/chute13_cam1_0_10.583_14.883_1_1_mcfd.avi,1,1,13,stand_up,7,0,23.89133333333333,27.95133333333333,train
MCFD,/content/fall_detection_work/MCFD/MCFD/clips/chute13_cam2_0_11.150_15.450_1_2_mcfd.avi,1,2,13,stand_up,7,0,24.458,28.518,test
MCFD,/content/fall_detection_work/MCFD/MCFD/clips/chute13_cam3_0_10.050_14.350_1_3_mcfd.avi,1,3,13,stand_up,7,0,23.358,27.418000000000003,val
MCFD,/content/fall_detection_work/MCFD/MCFD/clips/chute13_cam4_0_10.283_14.583_1_4_mcfd.avi,1,4,13,stand_up,7,0,23.59133333333333,27.651333333333334,test
MCFD,/content/fall_detection_work/MCFD/MCFD/clips/chute13_cam5_0_10.950_15.250_1_5_mcfd.avi,1,5,13,stand_up,7,0,24.258,28.318,test
MCFD,/content/fall_detection_work/MCFD/MCFD/clips/chute13_cam7_0_11.250_15.550_1_7_mcfd.avi,1,7,13,stand_up,7,0,24.558,28.618,test
MCFD,/content/fall_detection_work/MCFD/MCFD/clips/chute13_cam8_0_10.483_14.783_1_8_mcfd.avi,1,8,13,stand_up,7,0,23.79133333333333,27.851333333333336,test
MCFD,/content/fall_detection_work/MCFD/MCFD/clips/chute17_cam1_0_8.735_10.867_1_1_mcfd.avi,1,1,17,stand_up,7,0,20.436666666666667,24.666666666666668,train
MCFD,/content/fall_detection_work/MCFD/MCFD/clips/chute17_cam2_0_8.901_11.033_1_2_mcfd.avi,1,2,17,stand_up,7,0,20.60333333333333,24.833333333333336,test
MCFD,/content/fall_detection_work/MCFD/MCFD/clips/chute17_cam3_0_8.535_10.667_1_3_mcfd.avi,1,3,17,stand_up,7,0,20.236666666666668,24.46666666666667,val
MCFD,/content/fall_detection_work/MCFD/MCFD/clips/chute17_cam4_0_8.035_10.167_1_4_mcfd.avi,1,4,17,stand_up,7,0,19.736666666666668,23.96666666666667,test
MCFD,/content/fall_detection_work/MCFD/MCFD/clips/chute17_cam5_0_8.368_10.500_1_5_mcfd.avi,1,5,17,stand_up,7,0,20.07,24.3,test
MCFD,/content/fall_detection_work/MCFD/MCFD/clips/chute17_cam7_0_9.001_11.133_1_7_mcfd.avi,1,7,17,stand_up,7,0,20.703333333333333,24.933333333333334,test
MCFD,/content/fall_detection_work/MCFD/MCFD/clips/chute17_cam8_0_8.635_10.767_1_8_mcfd.avi,1,8,17,stand_up,7,0,20.336666666666662,24.566666666666663,test
MCFD,/content/fall_detection_work/MCFD/MCFD/clips/chute21_cam1_0_14.637_19.082_1_1_mcfd.avi,1,1,21,walk,0,0,14.63681,19.082,train
MCFD,/content/fall_detection_work/MCFD/MCFD/clips/chute21_cam2_0_14.970_19.415_1_2_mcfd.avi,1,2,21,walk,0,0,14.970143333333333,19.415333333333333,test
MCFD,/content/fall_detection_work/MCFD/MCFD/clips/chute21_cam3_0_14.703_19.149_1_3_mcfd.avi,1,3,21,walk,0,0,14.703476666666669,19.148666666666664,val
MCFD,/content/fall_detection_work/MCFD/MCFD/clips/chute21_cam4_0_14.070_18.515_1_4_mcfd.avi,1,4,21,walk,0,0,14.070143333333334,18.51533333333333,test
MCFD,/content/fall_detection_work/MCFD/MCFD/clips/chute21_cam5_0_14.237_18.682_1_5_mcfd.avi,1,5,21,walk,0,0,14.23681,18.682,test
MCFD,/content/fall_detection_work/MCFD/MCFD/clips/chute21_cam7_0_15.037_19.482_1_7_mcfd.avi,1,7,21,walk,0,0,15.03681,19.482,test
MCFD,/content/fall_detection_work/MCFD/MCFD/clips/chute21_cam8_0_13.970_18.415_1_8_mcfd.avi,1,8,21,walk,0,0,13.970143333333333,18.415333333333333,test
MCFD,/content/fall_detection_work/MCFD/MCFD/clips/chute21_cam1_0_14.637_19.082_1_1_mcfd.avi,1,1,21,sit_down,3,0,19.082,21.79,train
MCFD,/content/fall_detection_work/MCFD/MCFD/clips/chute21_cam2_0_14.970_19.415_1_2_mcfd.avi,1,2,21,sit_down,3,0,19.415333333333333,22.12333333333333,test
MCFD,/content/fall_detection_work/MCFD/MCFD/clips/chute21_cam3_0_14.703_19.149_1_3_mcfd.avi,1,3,21,sit_down,3,0,19.148666666666664,21.856666666666666,val
MCFD,/content/fall_detection_work/MCFD/MCFD/clips/chute21_cam4_0_14.070_18.515_1_4_mcfd.avi,1,4,21,sit_down,3,0,18.51533333333333,21.223333333333333,test
MCFD,/content/fall_detection_work/MCFD/MCFD/clips/chute21_cam5_0_14.237_18.682_1_5_mcfd.avi,1,5,21,sit_down,3,0,18.682,21.39,test
MCFD,/content/fall_detection_work/MCFD/MCFD/clips/chute21_cam7_0_15.037_19.482_1_7_mcfd.avi,1,7,21,sit_down,3,0,19.482,22.19,test
MCFD,/content/fall_detection_work/MCFD/MCFD/clips/chute21_cam8_0_13.970_18.415_1_8_mcfd.avi,1,8,21,sit_down,3,0,18.415333333333333,21.12333333333333,test
MCFD,/content/fall_detection_work/MCFD/MCFD/clips/chute21_cam1_0_14.637_19.082_1_1_mcfd.avi,1,1,21,sitting,4,0,21.822,27.99,train
MCFD,/content/fall_detection_work/MCFD/MCFD/clips/chute21_cam2_0_14.970_19.415_1_2_mcfd.avi,1,2,21,sitting,4,0,22.15533333333333,28.32333333333333,test
MCFD,/content/fall_detection_work/MCFD/MCFD/clips/chute21_cam3_0_14.703_19.149_1_3_mcfd.avi,1,3,21,sitting,4,0,21.888666666666666,28.056666666666665,val
MCFD,/content/fall_detection_work/MCFD/MCFD/clips/chute21_cam4_0_14.070_18.515_1_4_mcfd.avi,1,4,21,sitting,4,0,21.255333333333333,27.42333333333333,test
MCFD,/content/fall_detection_work/MCFD/MCFD/clips/chute21_cam5_0_14.237_18.682_1_5_mcfd.avi,1,5,21,sitting,4,0,21.422,27.59,test
MCFD,/content/fall_detection_work/MCFD/MCFD/clips/chute21_cam7_0_15.037_19.482_1_7_mcfd.avi,1,7,21,sitting,4,0,22.222,28.39,test
MCFD,/content/fall_detection_work/MCFD/MCFD/clips/chute21_cam8_0_13.970_18.415_1_8_mcfd.avi,1,8,21,sitting,4,0,21.15533333333333,27.32333333333333,test
MCFD,/content/fall_detection_work/MCFD/MCFD/clips/chute21_cam1_0_14.637_19.082_1_1_mcfd.avi,1,1,21,stand_up,7,0,28.022,30.29,train
MCFD,/content/fall_detection_work/MCFD/MCFD/clips/chute21_cam2_0_14.970_19.415_1_2_mcfd.avi,1,2,21,stand_up,7,0,28.35533333333333,30.62333333333333,test
MCFD,/content/fall_detection_work/MCFD/MCFD/clips/chute21_cam3_0_14.703_19.149_1_3_mcfd.avi,1,3,21,stand_up,7,0,28.088666666666665,30.356666666666666,val
MCFD,/content/fall_detection_work/MCFD/MCFD/clips/chute21_cam4_0_14.070_18.515_1_4_mcfd.avi,1,4,21,stand_up,7,0,27.45533333333333,29.723333333333333,test
MCFD,/content/fall_detection_work/MCFD/MCFD/clips/chute21_cam5_0_14.237_18.682_1_5_mcfd.avi,1,5,21,stand_up,7,0,27.622,29.89,test
MCFD,/content/fall_detection_work/MCFD/MCFD/clips/chute21_cam7_0_15.037_19.482_1_7_mcfd.avi,1,7,21,stand_up,7,0,28.422,30.69,test
MCFD,/content/fall_detection_work/MCFD/MCFD/clips/chute21_cam8_0_13.970_18.415_1_8_mcfd.avi,1,8,21,stand_up,7,0,27.35533333333333,29.62333333333333,test
MCFD,/content/fall_detection_work/MCFD/MCFD/clips/chute21_cam1_0_14.637_19.082_1_1_mcfd.avi,1,1,21,fall,1,1,30.322,32.014,train
MCFD,/content/fall_detection_work/MCFD/MCFD/clips/chute21_cam2_0_14.970_19.415_1_2_mcfd.avi,1,2,21,fall,1,1,30.65533333333333,32.34733333333333,test
MCFD,/content/fall_detection_work/MCFD/MCFD/clips/chute21_cam3_0_14.703_19.149_1_3_mcfd.avi,1,3,21,fall,1,1,30.388666666666666,32.080666666666666,val
MCFD,/content/fall_detection_work/MCFD/MCFD/clips/chute21_cam4_0_14.070_18.515_1_4_mcfd.avi,1,4,21,fall,1,1,29.755333333333333,31.447333333333333,test
MCFD,/content/fall_detection_work/MCFD/MCFD/clips/chute21_cam5_0_14.237_18.682_1_5_mcfd.avi,1,5,21,fall,1,1,29.922,31.614,test
MCFD,/content/fall_detection_work/MCFD/MCFD/clips/chute21_cam7_0_15.037_19.482_1_7_mcfd.avi,1,7,21,fall,1,1,30.722,32.414,test
MCFD,/content/fall_detection_work/MCFD/MCFD/clips/chute21_cam8_0_13.970_18.415_1_8_mcfd.avi,1,8,21,fall,1,1,29.65533333333333,31.34733333333333,test
MCFD,/content/fall_detection_work/MCFD/MCFD/clips/chute22_cam1_0_10.085_19.329_1_1_mcfd.avi,1,1,22,walk,0,0,10.085333333333336,19.32933333333333,train
MCFD,/content/fall_detection_work/MCFD/MCFD/clips/chute22_cam2_0_11.619_20.863_1_2_mcfd.avi,1,2,22,walk,0,0,11.618666666666668,20.862666666666662,test
MCFD,/content/fall_detection_work/MCFD/MCFD/clips/chute22_cam3_0_11.785_21.029_1_3_mcfd.avi,1,3,22,walk,0,0,11.785333333333334,21.029333333333334,val
MCFD,/content/fall_detection_work/MCFD/MCFD/clips/chute22_cam4_0_11.452_20.696_1_4_mcfd.avi,1,4,22,walk,0,0,11.452,20.696,test
MCFD,/content/fall_detection_work/MCFD/MCFD/clips/chute22_cam5_0_11.852_21.096_1_5_mcfd.avi,1,5,22,walk,0,0,11.852,21.096,test
MCFD,/content/fall_detection_work/MCFD/MCFD/clips/chute22_cam7_0_11.652_20.896_1_7_mcfd.avi,1,7,22,walk,0,0,11.652,20.896,test
MCFD,/content/fall_detection_work/MCFD/MCFD/clips/chute22_cam8_0_11.219_20.463_1_8_mcfd.avi,1,8,22,walk,0,0,11.218666666666667,20.462666666666667,test
MCFD,/content/fall_detection_work/MCFD/MCFD/clips/chute22_cam1_0_10.085_19.329_1_1_mcfd.avi,1,1,22,sit_down,3,0,19.365333333333336,22.62933333333333,train
MCFD,/content/fall_detection_work/MCFD/MCFD/clips/chute22_cam2_0_11.619_20.863_1_2_mcfd.avi,1,2,22,sit_down,3,0,20.898666666666667,24.162666666666667,test
MCFD,/content/fall_detection_work/MCFD/MCFD/clips/chute22_cam3_0_11.785_21.029_1_3_mcfd.avi,1,3,22,sit_down,3,0,21.06533333333333,24.32933333333333,val
MCFD,/content/fall_detection_work/MCFD/MCFD/clips/chute22_cam4_0_11.452_20.696_1_4_mcfd.avi,1,4,22,sit_down,3,0,20.732000000000003,23.996,test
MCFD,/content/fall_detection_work/MCFD/MCFD/clips/chute22_cam5_0_11.852_21.096_1_5_mcfd.avi,1,5,22,sit_down,3,0,21.132,24.396,test
MCFD,/content/fall_detection_work/MCFD/MCFD/clips/chute22_cam7_0_11.652_20.896_1_7_mcfd.avi,1,7,22,sit_down,3,0,20.932,24.196,test
MCFD,/content/fall_detection_work/MCFD/MCFD/clips/chute22_cam8_0_11.219_20.463_1_8_mcfd.avi,1,8,22,sit_down,3,0,20.49866666666667,23.762666666666668,test
MCFD,/content/fall_detection_work/MCFD/MCFD/clips/chute22_cam1_0_10.085_19.329_1_1_mcfd.avi,1,1,22,sitting,4,0,22.665333333333333,24.365333333333336,train
MCFD,/content/fall_detection_work/MCFD/MCFD/clips/chute22_cam2_0_11.619_20.863_1_2_mcfd.avi,1,2,22,sitting,4,0,24.198666666666664,25.898666666666667,test
MCFD,/content/fall_detection_work/MCFD/MCFD/clips/chute22_cam3_0_11.785_21.029_1_3_mcfd.avi,1,3,22,sitting,4,0,24.36533333333333,26.06533333333333,val
MCFD,/content/fall_detection_work/MCFD/MCFD/clips/chute22_cam4_0_11.452_20.696_1_4_mcfd.avi,1,4,22,sitting,4,0,24.032,25.732000000000003,test
MCFD,/content/fall_detection_work/MCFD/MCFD/clips/chute22_cam5_0_11.852_21.096_1_5_mcfd.avi,1,5,22,sitting,4,0,24.432,26.132,test
MCFD,/content/fall_detection_work/MCFD/MCFD/clips/chute22_cam7_0_11.652_20.896_1_7_mcfd.avi,1,7,22,sitting,4,0,24.232,25.932,test
MCFD,/content/fall_detection_work/MCFD/MCFD/clips/chute22_cam8_0_11.219_20.463_1_8_mcfd.avi,1,8,22,sitting,4,0,23.798666666666666,25.49866666666667,test
MCFD,/content/fall_detection_work/MCFD/MCFD/clips/chute22_cam1_0_10.085_19.329_1_1_mcfd.avi,1,1,22,stand_up,7,0,24.397333333333336,25.32933333333333,train
MCFD,/content/fall_detection_work/MCFD/MCFD/clips/chute22_cam2_0_11.619_20.863_1_2_mcfd.avi,1,2,22,stand_up,7,0,25.930666666666667,26.862666666666662,test
MCFD,/content/fall_detection_work/MCFD/MCFD/clips/chute22_cam3_0_11.785_21.029_1_3_mcfd.avi,1,3,22,stand_up,7,0,26.09733333333333,27.029333333333334,val
MCFD,/content/fall_detection_work/MCFD/MCFD/clips/chute22_cam4_0_11.452_20.696_1_4_mcfd.avi,1,4,22,stand_up,7,0,25.764000000000003,26.696,test
MCFD,/content/fall_detection_work/MCFD/MCFD/clips/chute22_cam5_0_11.852_21.096_1_5_mcfd.avi,1,5,22,stand_up,7,0,26.164,27.096,test
MCFD,/content/fall_detection_work/MCFD/MCFD/clips/chute22_cam7_0_11.652_20.896_1_7_mcfd.avi,1,7,22,stand_up,7,0,25.964,26.896,test
MCFD,/content/fall_detection_work/MCFD/MCFD/clips/chute22_cam8_0_11.219_20.463_1_8_mcfd.avi,1,8,22,stand_up,7,0,25.53066666666667,26.462666666666667,test
MCFD,/content/fall_detection_work/MCFD/MCFD/clips/chute22_cam1_0_10.085_19.329_1_1_mcfd.avi,1,1,22,fall,1,1,25.365333333333336,27.409333333333333,train
MCFD,/content/fall_detection_work/MCFD/MCFD/clips/chute22_cam2_0_11.619_20.863_1_2_mcfd.avi,1,2,22,fall,1,1,26.898666666666667,28.942666666666664,test
MCFD,/content/fall_detection_work/MCFD/MCFD/clips/chute22_cam3_0_11.785_21.029_1_3_mcfd.avi,1,3,22,fall,1,1,27.06533333333333,29.10933333333333,val
MCFD,/content/fall_detection_work/MCFD/MCFD/clips/chute22_cam4_0_11.452_20.696_1_4_mcfd.avi,1,4,22,fall,1,1,26.732000000000003,28.776,test
MCFD,/content/fall_detection_work/MCFD/MCFD/clips/chute22_cam5_0_11.852_21.096_1_5_mcfd.avi,1,5,22,fall,1,1,27.132,29.176,test
MCFD,/content/fall_detection_work/MCFD/MCFD/clips/chute22_cam7_0_11.652_20.896_1_7_mcfd.avi,1,7,22,fall,1,1,26.932,28.976,test
MCFD,/content/fall_detection_work/MCFD/MCFD/clips/chute22_cam8_0_11.219_20.463_1_8_mcfd.avi,1,8,22,fall,1,1,26.49866666666667,28.542666666666666,test
MCFD,/content/fall_detection_work/MCFD/MCFD/clips/chute23_cam1_0_12.393_18.373_1_1_mcfd.avi,1,1,23,walk,0,0,18.993333333333336,21.57433333333333,train
MCFD,/content/fall_detection_work/MCFD/MCFD/clips/chute23_cam2_0_13.093_19.073_1_2_mcfd.avi,1,2,23,walk,0,0,19.69333333333333,22.27433333333333,test
MCFD,/content/fall_detection_work/MCFD/MCFD/clips/chute23_cam3_0_13.093_19.073_1_3_mcfd.avi,1,3,23,walk,0,0,19.69333333333333,22.27433333333333,val
MCFD,/content/fall_detection_work/MCFD/MCFD/clips/chute23_cam4_0_12.860_18.840_1_4_mcfd.avi,1,4,23,walk,0,0,19.46,22.041,test
MCFD,/content/fall_detection_work/MCFD/MCFD/clips/chute23_cam5_0_13.160_19.140_1_5_mcfd.avi,1,5,23,walk,0,0,19.76,22.341,test
MCFD,/content/fall_detection_work/MCFD/MCFD/clips/chute23_cam7_0_13.027_19.007_1_7_mcfd.avi,1,7,23,walk,0,0,19.62666666666667,22.207666666666668,test
MCFD,/content/fall_detection_work/MCFD/MCFD/clips/chute23_cam8_0_11.360_17.340_1_8_mcfd.avi,1,8,23,walk,0,0,17.96,20.541,test
MCFD,/content/fall_detection_work/MCFD/MCFD/clips/chute23_cam1_0_12.393_18.373_1_1_mcfd.avi,1,1,23,stand_up,7,0,51.94133333333333,55.34514333333333,train
MCFD,/content/fall_detection_work/MCFD/MCFD/clips/chute23_cam2_0_13.093_19.073_1_2_mcfd.avi,1,2,23,stand_up,7,0,52.64133333333333,56.04514333333333,test
MCFD,/content/fall_detection_work/MCFD/MCFD/clips/chute23_cam3_0_13.093_19.073_1_3_mcfd.avi,1,3,23,stand_up,7,0,52.64133333333333,56.04514333333333,val
MCFD,/content/fall_detection_work/MCFD/MCFD/clips/chute23_cam4_0_12.860_18.840_1_4_mcfd.avi,1,4,23,stand_up,7,0,52.408,55.81181,test
MCFD,/content/fall_detection_work/MCFD/MCFD/clips/chute23_cam5_0_13.160_19.140_1_5_mcfd.avi,1,5,23,stand_up,7,0,52.708,56.11181,test
MCFD,/content/fall_detection_work/MCFD/MCFD/clips/chute23_cam7_0_13.027_19.007_1_7_mcfd.avi,1,7,23,stand_up,7,0,52.574666666666666,55.978476666666666,test
MCFD,/content/fall_detection_work/MCFD/MCFD/clips/chute23_cam8_0_11.360_17.340_1_8_mcfd.avi,1,8,23,stand_up,7,0,50.908,54.31181,test
MCFD,/content/fall_detection_work/MCFD/MCFD/clips/chute23_cam1_0_12.393_18.373_1_1_mcfd.avi,1,1,23,walk,0,0,62.60533333333333,88.26180333333333,train
MCFD,/content/fall_detection_work/MCFD/MCFD/clips/chute23_cam2_0_13.093_19.073_1_2_mcfd.avi,1,2,23,walk,0,0,63.30533333333333,88.96180333333334,test
MCFD,/content/fall_detection_work/MCFD/MCFD/clips/chute23_cam3_0_13.093_19.073_1_3_mcfd.avi,1,3,23,walk,0,0,63.30533333333333,88.96180333333334,val
MCFD,/content/fall_detection_work/MCFD/MCFD/clips/chute23_cam4_0_12.860_18.840_1_4_mcfd.avi,1,4,23,walk,0,0,63.072,88.72847,test
MCFD,/content/fall_detection_work/MCFD/MCFD/clips/chute23_cam5_0_13.160_19.140_1_5_mcfd.avi,1,5,23,walk,0,0,63.372,89.02847,test
MCFD,/content/fall_detection_work/MCFD/MCFD/clips/chute23_cam7_0_13.027_19.007_1_7_mcfd.avi,1,7,23,walk,0,0,63.23866666666667,88.89513666666666,test
MCFD,/content/fall_detection_work/MCFD/MCFD/clips/chute23_cam8_0_11.360_17.340_1_8_mcfd.avi,1,8,23,walk,0,0,61.572,87.22847,test
MCFD,/content/fall_detection_work/MCFD/MCFD/clips/chute23_cam1_0_12.393_18.373_1_1_mcfd.avi,1,1,23,lying,6,0,91.53233333333334,93.92847333333332,train
MCFD,/content/fall_detection_work/MCFD/MCFD/clips/chute23_cam2_0_13.093_19.073_1_2_mcfd.avi,1,2,23,lying,6,0,92.23233333333334,94.62847333333332,test
MCFD,/content/fall_detection_work/MCFD/MCFD/clips/chute23_cam3_0_13.093_19.073_1_3_mcfd.avi,1,3,23,lying,6,0,92.23233333333334,94.62847333333332,val
MCFD,/content/fall_detection_work/MCFD/MCFD/clips/chute23_cam4_0_12.860_18.840_1_4_mcfd.avi,1,4,23,lying,6,0,91.999,94.39514,test
MCFD,/content/fall_detection_work/MCFD/MCFD/clips/chute23_cam5_0_13.160_19.140_1_5_mcfd.avi,1,5,23,lying,6,0,92.299,94.69514,test
MCFD,/content/fall_detection_work/MCFD/MCFD/clips/chute23_cam7_0_13.027_19.007_1_7_mcfd.avi,1,7,23,lying,6,0,92.16566666666668,94.56180666666666,test
MCFD,/content/fall_detection_work/MCFD/MCFD/clips/chute23_cam8_0_11.360_17.340_1_8_mcfd.avi,1,8,23,lying,6,0,90.499,92.89514,test
MCFD,/content/fall_detection_work/MCFD/MCFD/clips/chute23_cam1_0_12.393_18.373_1_1_mcfd.avi,1,1,23,stand_up,7,0,93.92833333333331,101.82430333333332,train
MCFD,/content/fall_detection_work/MCFD/MCFD/clips/chute23_cam2_0_13.093_19.073_1_2_mcfd.avi,1,2,23,stand_up,7,0,94.62833333333332,102.52430333333334,test
MCFD,/content/fall_detection_work/MCFD/MCFD/clips/chute23_cam3_0_13.093_19.073_1_3_mcfd.avi,1,3,23,stand_up,7,0,94.62833333333332,102.52430333333334,val
MCFD,/content/fall_detection_work/MCFD/MCFD/clips/chute23_cam4_0_12.860_18.840_1_4_mcfd.avi,1,4,23,stand_up,7,0,94.395,102.29097,test
MCFD,/content/fall_detection_work/MCFD/MCFD/clips/chute23_cam5_0_13.160_19.140_1_5_mcfd.avi,1,5,23,stand_up,7,0,94.695,102.59097,test
MCFD,/content/fall_detection_work/MCFD/MCFD/clips/chute23_cam7_0_13.027_19.007_1_7_mcfd.avi,1,7,23,stand_up,7,0,94.56166666666664,102.45763666666666,test
MCFD,/content/fall_detection_work/MCFD/MCFD/clips/chute23_cam8_0_11.360_17.340_1_8_mcfd.avi,1,8,23,stand_up,7,0,92.895,100.79097,test
MCFD,/content/fall_detection_work/MCFD/MCFD/clips/chute23_cam1_0_12.393_18.373_1_1_mcfd.avi,1,1,23,lie_down,5,0,106.63633333333334,109.51333333333334,train
MCFD,/content/fall_detection_work/MCFD/MCFD/clips/chute23_cam2_0_13.093_19.073_1_2_mcfd.avi,1,2,23,lie_down,5,0,107.33633333333334,110.21333333333334,test
MCFD,/content/fall_detection_work/MCFD/MCFD/clips/chute23_cam3_0_13.093_19.073_1_3_mcfd.avi,1,3,23,lie_down,5,0,107.33633333333334,110.21333333333334,val
MCFD,/content/fall_detection_work/MCFD/MCFD/clips/chute23_cam4_0_12.860_18.840_1_4_mcfd.avi,1,4,23,lie_down,5,0,107.103,109.98,test
MCFD,/content/fall_detection_work/MCFD/MCFD/clips/chute23_cam5_0_13.160_19.140_1_5_mcfd.avi,1,5,23,lie_down,5,0,107.403,110.28,test
MCFD,/content/fall_detection_work/MCFD/MCFD/clips/chute23_cam7_0_13.027_19.007_1_7_mcfd.avi,1,7,23,lie_down,5,0,107.26966666666668,110.14666666666666,test
MCFD,/content/fall_detection_work/MCFD/MCFD/clips/chute23_cam8_0_11.360_17.340_1_8_mcfd.avi,1,8,23,lie_down,5,0,105.603,108.48,test
MCFD,/content/fall_detection_work/MCFD/MCFD/clips/chute23_cam1_0_12.393_18.373_1_1_mcfd.avi,1,1,23,stand_up,7,0,113.63633333333334,119.92847333333332,train
MCFD,/content/fall_detection_work/MCFD/MCFD/clips/chute23_cam2_0_13.093_19.073_1_2_mcfd.avi,1,2,23,stand_up,7,0,114.33633333333334,120.62847333333332,test
MCFD,/content/fall_detection_work/MCFD/MCFD/clips/chute23_cam3_0_13.093_19.073_1_3_mcfd.avi,1,3,23,stand_up,7,0,114.33633333333334,120.62847333333332,val
MCFD,/content/fall_detection_work/MCFD/MCFD/clips/chute23_cam4_0_12.860_18.840_1_4_mcfd.avi,1,4,23,stand_up,7,0,114.103,120.39514,test
MCFD,/content/fall_detection_work/MCFD/MCFD/clips/chute23_cam5_0_13.160_19.140_1_5_mcfd.avi,1,5,23,stand_up,7,0,114.403,120.69514,test
MCFD,/content/fall_detection_work/MCFD/MCFD/clips/chute23_cam7_0_13.027_19.007_1_7_mcfd.avi,1,7,23,stand_up,7,0,114.26966666666668,120.56180666666666,test
MCFD,/content/fall_detection_work/MCFD/MCFD/clips/chute23_cam8_0_11.360_17.340_1_8_mcfd.avi,1,8,23,stand_up,7,0,112.603,118.89514,test
MCFD,/content/fall_detection_work/MCFD/MCFD/clips/chute23_cam1_0_12.393_18.373_1_1_mcfd.avi,1,1,23,sit_down,3,0,140.32433333333333,143.40533333333332,train
MCFD,/content/fall_detection_work/MCFD/MCFD/clips/chute23_cam2_0_13.093_19.073_1_2_mcfd.avi,1,2,23,sit_down,3,0,141.02433333333337,144.10533333333333,test
MCFD,/content/fall_detection_work/MCFD/MCFD/clips/chute23_cam3_0_13.093_19.073_1_3_mcfd.avi,1,3,23,sit_down,3,0,141.02433333333337,144.10533333333333,val
MCFD,/content/fall_detection_work/MCFD/MCFD/clips/chute23_cam4_0_12.860_18.840_1_4_mcfd.avi,1,4,23,sit_down,3,0,140.791,143.872,test
MCFD,/content/fall_detection_work/MCFD/MCFD/clips/chute23_cam5_0_13.160_19.140_1_5_mcfd.avi,1,5,23,sit_down,3,0,141.091,144.172,test
MCFD,/content/fall_detection_work/MCFD/MCFD/clips/chute23_cam7_0_13.027_19.007_1_7_mcfd.avi,1,7,23,sit_down,3,0,140.95766666666668,144.03866666666667,test
MCFD,/content/fall_detection_work/MCFD/MCFD/clips/chute23_cam8_0_11.360_17.340_1_8_mcfd.avi,1,8,23,sit_down,3,0,139.291,142.372,test
MCFD,/content/fall_detection_work/MCFD/MCFD/clips/chute23_cam1_0_12.393_18.373_1_1_mcfd.avi,1,1,23,sitting,4,0,143.44133333333332,149.29847333333333,train
MCFD,/content/fall_detection_work/MCFD/MCFD/clips/chute23_cam2_0_13.093_19.073_1_2_mcfd.avi,1,2,23,sitting,4,0,144.14133333333334,149.99847333333335,test
MCFD,/content/fall_detection_work/MCFD/MCFD/clips/chute23_cam3_0_13.093_19.073_1_3_mcfd.avi,1,3,23,sitting,4,0,144.14133333333334,149.99847333333335,val
MCFD,/content/fall_detection_work/MCFD/MCFD/clips/chute23_cam4_0_12.860_18.840_1_4_mcfd.avi,1,4,23,sitting,4,0,143.908,149.76514,test
MCFD,/content/fall_detection_work/MCFD/MCFD/clips/chute23_cam5_0_13.160_19.140_1_5_mcfd.avi,1,5,23,sitting,4,0,144.208,150.06514,test
MCFD,/content/fall_detection_work/MCFD/MCFD/clips/chute23_cam7_0_13.027_19.007_1_7_mcfd.avi,1,7,23,sitting,4,0,144.07466666666667,149.9318066666667,test
MCFD,/content/fall_detection_work/MCFD/MCFD/clips/chute23_cam8_0_11.360_17.340_1_8_mcfd.avi,1,8,23,sitting,4,0,142.408,148.26514,test
MCFD,/content/fall_detection_work/MCFD/MCFD/clips/chute23_cam1_0_12.393_18.373_1_1_mcfd.avi,1,1,23,stand_up,7,0,149.30533333333332,151.82430333333332,train
MCFD,/content/fall_detection_work/MCFD/MCFD/clips/chute23_cam2_0_13.093_19.073_1_2_mcfd.avi,1,2,23,stand_up,7,0,150.00533333333334,152.52430333333334,test
MCFD,/content/fall_detection_work/MCFD/MCFD/clips/chute23_cam3_0_13.093_19.073_1_3_mcfd.avi,1,3,23,stand_up,7,0,150.00533333333334,152.52430333333334,val
MCFD,/content/fall_detection_work/MCFD/MCFD/clips/chute23_cam4_0_12.860_18.840_1_4_mcfd.avi,1,4,23,stand_up,7,0,149.772,152.29097,test
MCFD,/content/fall_detection_work/MCFD/MCFD/clips/chute23_cam5_0_13.160_19.140_1_5_mcfd.avi,1,5,23,stand_up,7,0,150.072,152.59097,test
MCFD,/content/fall_detection_work/MCFD/MCFD/clips/chute23_cam7_0_13.027_19.007_1_7_mcfd.avi,1,7,23,stand_up,7,0,149.93866666666668,152.45763666666667,test
MCFD,/content/fall_detection_work/MCFD/MCFD/clips/chute23_cam8_0_11.360_17.340_1_8_mcfd.avi,1,8,23,stand_up,7,0,148.272,150.79097,test
MCFD,/content/fall_detection_work/MCFD/MCFD/clips/chute24_cam1_0_10.015_31.675_1_1_mcfd.avi,1,1,24,walk,0,0,10.014666666666669,31.674666666666667,train
MCFD,/content/fall_detection_work/MCFD/MCFD/clips/chute24_cam2_0_11.115_32.775_1_2_mcfd.avi,1,2,24,walk,0,0,11.114666666666666,32.77466666666667,test
MCFD,/content/fall_detection_work/MCFD/MCFD/clips/chute24_cam3_0_10.148_31.808_1_3_mcfd.avi,1,3,24,walk,0,0,10.148,31.808,val
MCFD,/content/fall_detection_work/MCFD/MCFD/clips/chute24_cam4_0_9.915_31.575_1_4_mcfd.avi,1,4,24,walk,0,0,9.914666666666664,31.574666666666666,test
MCFD,/content/fall_detection_work/MCFD/MCFD/clips/chute24_cam5_0_11.148_32.808_1_5_mcfd.avi,1,5,24,walk,0,0,11.148,32.808,test
MCFD,/content/fall_detection_work/MCFD/MCFD/clips/chute24_cam7_0_11.015_32.675_1_7_mcfd.avi,1,7,24,walk,0,0,11.014666666666669,32.67466666666667,test
MCFD,/content/fall_detection_work/MCFD/MCFD/clips/chute24_cam8_0_9.948_31.608_1_8_mcfd.avi,1,8,24,walk,0,0,9.948,31.608,test
MCFD,/content/fall_detection_work/MCFD/MCFD/clips/chute24_cam1_0_10.015_31.675_1_1_mcfd.avi,1,1,24,other,9,0,31.70666666666667,43.03866666666666,train
MCFD,/content/fall_detection_work/MCFD/MCFD/clips/chute24_cam2_0_11.115_32.775_1_2_mcfd.avi,1,2,24,other,9,0,32.80666666666667,44.138666666666666,test
MCFD,/content/fall_detection_work/MCFD/MCFD/clips/chute24_cam3_0_10.148_31.808_1_3_mcfd.avi,1,3,24,other,9,0,31.840000000000003,43.172,val
MCFD,/content/fall_detection_work/MCFD/MCFD/clips/chute24_cam4_0_9.915_31.575_1_4_mcfd.avi,1,4,24,other,9,0,31.60666666666667,42.93866666666666,test
MCFD,/content/fall_detection_work/MCFD/MCFD/clips/chute24_cam5_0_11.148_32.808_1_5_mcfd.avi,1,5,24,other,9,0,32.84,44.172,test
MCFD,/content/fall_detection_work/MCFD/MCFD/clips/chute24_cam7_0_11.015_32.675_1_7_mcfd.avi,1,7,24,other,9,0,32.70666666666667,44.03866666666666,test
MCFD,/content/fall_detection_work/MCFD/MCFD/clips/chute24_cam8_0_9.948_31.608_1_8_mcfd.avi,1,8,24,other,9,0,31.640000000000004,42.972,test
MCFD,/content/fall_detection_work/MCFD/MCFD/clips/chute24_cam1_0_10.015_31.675_1_1_mcfd.avi,1,1,24,other,9,0,43.074666666666666,47.53866666666666,train
MCFD,/content/fall_detection_work/MCFD/MCFD/clips/chute24_cam2_0_11.115_32.775_1_2_mcfd.avi,1,2,24,other,9,0,44.17466666666667,48.638666666666666,test
MCFD,/content/fall_detection_work/MCFD/MCFD/clips/chute24_cam3_0_10.148_31.808_1_3_mcfd.avi,1,3,24,other,9,0,43.208,47.672,val
MCFD,/content/fall_detection_work/MCFD/MCFD/clips/chute24_cam4_0_9.915_31.575_1_4_mcfd.avi,1,4,24,other,9,0,42.97466666666666,47.43866666666666,test
MCFD,/content/fall_detection_work/MCFD/MCFD/clips/chute24_cam5_0_11.148_32.808_1_5_mcfd.avi,1,5,24,other,9,0,44.208,48.672,test
MCFD,/content/fall_detection_work/MCFD/MCFD/clips/chute24_cam7_0_11.015_32.675_1_7_mcfd.avi,1,7,24,other,9,0,44.074666666666666,48.53866666666666,test
MCFD,/content/fall_detection_work/MCFD/MCFD/clips/chute24_cam8_0_9.948_31.608_1_8_mcfd.avi,1,8,24,other,9,0,43.008,47.472,test
MCFD,/content/fall_detection_work/MCFD/MCFD/clips/chute24_cam1_0_10.015_31.675_1_1_mcfd.avi,1,1,24,other,9,0,47.574666666666666,57.53866666666666,train
MCFD,/content/fall_detection_work/MCFD/MCFD/clips/chute24_cam2_0_11.115_32.775_1_2_mcfd.avi,1,2,24,other,9,0,48.67466666666667,58.638666666666666,test
MCFD,/content/fall_detection_work/MCFD/MCFD/clips/chute24_cam3_0_10.148_31.808_1_3_mcfd.avi,1,3,24,other,9,0,47.708,57.672,val
MCFD,/content/fall_detection_work/MCFD/MCFD/clips/chute24_cam4_0_9.915_31.575_1_4_mcfd.avi,1,4,24,other,9,0,47.47466666666666,57.43866666666666,test
MCFD,/content/fall_detection_work/MCFD/MCFD/clips/chute24_cam5_0_11.148_32.808_1_5_mcfd.avi,1,5,24,other,9,0,48.708,58.672,test
MCFD,/content/fall_detection_work/MCFD/MCFD/clips/chute24_cam7_0_11.015_32.675_1_7_mcfd.avi,1,7,24,other,9,0,48.574666666666666,58.53866666666666,test
MCFD,/content/fall_detection_work/MCFD/MCFD/clips/chute24_cam8_0_9.948_31.608_1_8_mcfd.avi,1,8,24,other,9,0,47.508,57.472,test
MCFD,/content/fall_detection_work/MCFD/MCFD/clips/chute24_cam1_0_10.015_31.675_1_1_mcfd.avi,1,1,24,other,9,0,57.574666666666666,62.00666666666667,train
MCFD,/content/fall_detection_work/MCFD/MCFD/clips/chute24_cam2_0_11.115_32.775_1_2_mcfd.avi,1,2,24,other,9,0,58.67466666666667,63.10666666666667,test
MCFD,/content/fall_detection_work/MCFD/MCFD/clips/chute24_cam3_0_10.148_31.808_1_3_mcfd.avi,1,3,24,other,9,0,57.708,62.14,val
MCFD,/content/fall_detection_work/MCFD/MCFD/clips/chute24_cam4_0_9.915_31.575_1_4_mcfd.avi,1,4,24,other,9,0,57.47466666666666,61.906666666666666,test
MCFD,/content/fall_detection_work/MCFD/MCFD/clips/chute24_cam5_0_11.148_32.808_1_5_mcfd.avi,1,5,24,other,9,0,58.708,63.14,test
MCFD,/content/fall_detection_work/MCFD/MCFD/clips/chute24_cam7_0_11.015_32.675_1_7_mcfd.avi,1,7,24,other,9,0,58.574666666666666,63.00666666666667,test
MCFD,/content/fall_detection_work/MCFD/MCFD/clips/chute24_cam8_0_9.948_31.608_1_8_mcfd.avi,1,8,24,other,9,0,57.508,61.94,test
MCFD,/content/fall_detection_work/MCFD/MCFD/clips/chute24_cam1_0_10.015_31.675_1_1_mcfd.avi,1,1,24,other,9,0,62.03866666666666,82.20666666666666,train
MCFD,/content/fall_detection_work/MCFD/MCFD/clips/chute24_cam2_0_11.115_32.775_1_2_mcfd.avi,1,2,24,other,9,0,63.138666666666666,83.30666666666667,test
MCFD,/content/fall_detection_work/MCFD/MCFD/clips/chute24_cam3_0_10.148_31.808_1_3_mcfd.avi,1,3,24,other,9,0,62.172,82.34,val
MCFD,/content/fall_detection_work/MCFD/MCFD/clips/chute24_cam4_0_9.915_31.575_1_4_mcfd.avi,1,4,24,other,9,0,61.93866666666666,82.10666666666667,test
MCFD,/content/fall_detection_work/MCFD/MCFD/clips/chute24_cam5_0_11.148_32.808_1_5_mcfd.avi,1,5,24,other,9,0,63.172,83.34,test
MCFD,/content/fall_detection_work/MCFD/MCFD/clips/chute24_cam7_0_11.015_32.675_1_7_mcfd.avi,1,7,24,other,9,0,63.03866666666666,83.20666666666666,test
MCFD,/content/fall_detection_work/MCFD/MCFD/clips/chute24_cam8_0_9.948_31.608_1_8_mcfd.avi,1,8,24,other,9,0,61.972,82.14,test
MCFD,/content/fall_detection_work/MCFD/MCFD/clips/chute24_cam1_0_10.015_31.675_1_1_mcfd.avi,1,1,24,other,9,0,82.23866666666666,85.43866666666666,train
MCFD,/content/fall_detection_work/MCFD/MCFD/clips/chute24_cam2_0_11.115_32.775_1_2_mcfd.avi,1,2,24,other,9,0,83.33866666666667,86.53866666666667,test
MCFD,/content/fall_detection_work/MCFD/MCFD/clips/chute24_cam3_0_10.148_31.808_1_3_mcfd.avi,1,3,24,other,9,0,82.372,85.572,val
MCFD,/content/fall_detection_work/MCFD/MCFD/clips/chute24_cam4_0_9.915_31.575_1_4_mcfd.avi,1,4,24,other,9,0,82.13866666666667,85.33866666666667,test
MCFD,/content/fall_detection_work/MCFD/MCFD/clips/chute24_cam5_0_11.148_32.808_1_5_mcfd.avi,1,5,24,other,9,0,83.372,86.572,test
MCFD,/content/fall_detection_work/MCFD/MCFD/clips/chute24_cam7_0_11.015_32.675_1_7_mcfd.avi,1,7,24,other,9,0,83.23866666666666,86.43866666666666,test
MCFD,/content/fall_detection_work/MCFD/MCFD/clips/chute24_cam8_0_9.948_31.608_1_8_mcfd.avi,1,8,24,other,9,0,82.172,85.372,test
MCFD,/content/fall_detection_work/MCFD/MCFD/clips/chute24_cam1_0_10.015_31.675_1_1_mcfd.avi,1,1,24,other,9,0,85.47466666666666,100.53866666666666,train
MCFD,/content/fall_detection_work/MCFD/MCFD/clips/chute24_cam2_0_11.115_32.775_1_2_mcfd.avi,1,2,24,other,9,0,86.57466666666667,101.63866666666668,test
MCFD,/content/fall_detection_work/MCFD/MCFD/clips/chute24_cam3_0_10.148_31.808_1_3_mcfd.avi,1,3,24,other,9,0,85.608,100.672,val
MCFD,/content/fall_detection_work/MCFD/MCFD/clips/chute24_cam4_0_9.915_31.575_1_4_mcfd.avi,1,4,24,other,9,0,85.37466666666667,100.43866666666666,test
MCFD,/content/fall_detection_work/MCFD/MCFD/clips/chute24_cam5_0_11.148_32.808_1_5_mcfd.avi,1,5,24,other,9,0,86.608,101.672,test
MCFD,/content/fall_detection_work/MCFD/MCFD/clips/chute24_cam7_0_11.015_32.675_1_7_mcfd.avi,1,7,24,other,9,0,86.47466666666666,101.53866666666666,test
MCFD,/content/fall_detection_work/MCFD/MCFD/clips/chute24_cam8_0_9.948_31.608_1_8_mcfd.avi,1,8,24,other,9,0,85.408,100.472,test
MCFD,/content/fall_detection_work/MCFD/MCFD/clips/chute24_cam1_0_10.015_31.675_1_1_mcfd.avi,1,1,24,other,9,0,100.57466666666666,103.37466666666666,train
MCFD,/content/fall_detection_work/MCFD/MCFD/clips/chute24_cam2_0_11.115_32.775_1_2_mcfd.avi,1,2,24,other,9,0,101.67466666666668,104.47466666666666,test
MCFD,/content/fall_detection_work/MCFD/MCFD/clips/chute24_cam3_0_10.148_31.808_1_3_mcfd.avi,1,3,24,other,9,0,100.708,103.508,val
MCFD,/content/fall_detection_work/MCFD/MCFD/clips/chute24_cam4_0_9.915_31.575_1_4_mcfd.avi,1,4,24,other,9,0,100.47466666666666,103.27466666666666,test
MCFD,/content/fall_detection_work/MCFD/MCFD/clips/chute24_cam5_0_11.148_32.808_1_5_mcfd.avi,1,5,24,other,9,0,101.708,104.508,test
MCFD,/content/fall_detection_work/MCFD/MCFD/clips/chute24_cam7_0_11.015_32.675_1_7_mcfd.avi,1,7,24,other,9,0,101.57466666666666,104.37466666666666,test
MCFD,/content/fall_detection_work/MCFD/MCFD/clips/chute24_cam8_0_9.948_31.608_1_8_mcfd.avi,1,8,24,other,9,0,100.508,103.308,test
MCFD,/content/fall_detection_work/MCFD/MCFD/clips/chute24_cam1_0_10.015_31.675_1_1_mcfd.avi,1,1,24,walk,0,0,103.40666666666668,107.30666666666666,train
MCFD,/content/fall_detection_work/MCFD/MCFD/clips/chute24_cam2_0_11.115_32.775_1_2_mcfd.avi,1,2,24,walk,0,0,104.50666666666667,108.40666666666668,test
MCFD,/content/fall_detection_work/MCFD/MCFD/clips/chute24_cam3_0_10.148_31.808_1_3_mcfd.avi,1,3,24,walk,0,0,103.54,107.44,val
MCFD,/content/fall_detection_work/MCFD/MCFD/clips/chute24_cam4_0_9.915_31.575_1_4_mcfd.avi,1,4,24,walk,0,0,103.30666666666669,107.20666666666666,test
MCFD,/content/fall_detection_work/MCFD/MCFD/clips/chute24_cam5_0_11.148_32.808_1_5_mcfd.avi,1,5,24,walk,0,0,104.54,108.44,test
MCFD,/content/fall_detection_work/MCFD/MCFD/clips/chute24_cam7_0_11.015_32.675_1_7_mcfd.avi,1,7,24,walk,0,0,104.40666666666668,108.30666666666666,test
MCFD,/content/fall_detection_work/MCFD/MCFD/clips/chute24_cam8_0_9.948_31.608_1_8_mcfd.avi,1,8,24,walk,0,0,103.34,107.24,test
MCFD,/content/fall_detection_work/MCFD/MCFD/clips/chute24_cam1_0_10.015_31.675_1_1_mcfd.avi,1,1,24,walk,0,0,107.33866666666664,110.97466666666666,train
MCFD,/content/fall_detection_work/MCFD/MCFD/clips/chute24_cam2_0_11.115_32.775_1_2_mcfd.avi,1,2,24,walk,0,0,108.43866666666666,112.07466666666669,test
MCFD,/content/fall_detection_work/MCFD/MCFD/clips/chute24_cam3_0_10.148_31.808_1_3_mcfd.avi,1,3,24,walk,0,0,107.472,111.108,val
MCFD,/content/fall_detection_work/MCFD/MCFD/clips/chute24_cam4_0_9.915_31.575_1_4_mcfd.avi,1,4,24,walk,0,0,107.23866666666666,110.87466666666668,test
MCFD,/content/fall_detection_work/MCFD/MCFD/clips/chute24_cam5_0_11.148_32.808_1_5_mcfd.avi,1,5,24,walk,0,0,108.472,112.108,test
MCFD,/content/fall_detection_work/MCFD/MCFD/clips/chute24_cam7_0_11.015_32.675_1_7_mcfd.avi,1,7,24,walk,0,0,108.33866666666664,111.97466666666666,test
MCFD,/content/fall_detection_work/MCFD/MCFD/clips/chute24_cam8_0_9.948_31.608_1_8_mcfd.avi,1,8,24,walk,0,0,107.272,110.908,test
MCFD,/content/fall_detection_work/MCFD/MCFD/clips/chute24_cam1_0_10.015_31.675_1_1_mcfd.avi,1,1,24,other,9,0,111.00666666666666,117.77013666666666,train
MCFD,/content/fall_detection_work/MCFD/MCFD/clips/chute24_cam2_0_11.115_32.775_1_2_mcfd.avi,1,2,24,other,9,0,112.10666666666668,118.87013666666668,test
MCFD,/content/fall_detection_work/MCFD/MCFD/clips/chute24_cam3_0_10.148_31.808_1_3_mcfd.avi,1,3,24,other,9,0,111.14,117.90347,val
MCFD,/content/fall_detection_work/MCFD/MCFD/clips/chute24_cam4_0_9.915_31.575_1_4_mcfd.avi,1,4,24,other,9,0,110.90666666666668,117.67013666666666,test
MCFD,/content/fall_detection_work/MCFD/MCFD/clips/chute24_cam5_0_11.148_32.808_1_5_mcfd.avi,1,5,24,other,9,0,112.14,118.90347,test
MCFD,/content/fall_detection_work/MCFD/MCFD/clips/chute24_cam7_0_11.015_32.675_1_7_mcfd.avi,1,7,24,other,9,0,112.00666666666666,118.77013666666666,test
MCFD,/content/fall_detection_work/MCFD/MCFD/clips/chute24_cam8_0_9.948_31.608_1_8_mcfd.avi,1,8,24,other,9,0,110.94,117.70347,test
MCFD,/content/fall_detection_work/MCFD/MCFD/clips/chute21_cam1_0_14.637_19.082_1_1_mcfd.avi,1,1,21,fallen,2,1,32.014,36.99097,train
MCFD,/content/fall_detection_work/MCFD/MCFD/clips/chute21_cam2_0_14.970_19.415_1_2_mcfd.avi,1,2,21,fallen,2,1,32.34733333333333,37.32430333333333,test
MCFD,/content/fall_detection_work/MCFD/MCFD/clips/chute21_cam3_0_14.703_19.149_1_3_mcfd.avi,1,3,21,fallen,2,1,32.080666666666666,37.05763666666667,val
MCFD,/content/fall_detection_work/MCFD/MCFD/clips/chute21_cam4_0_14.070_18.515_1_4_mcfd.avi,1,4,21,fallen,2,1,31.447333333333333,36.42430333333333,test
MCFD,/content/fall_detection_work/MCFD/MCFD/clips/chute21_cam5_0_14.237_18.682_1_5_mcfd.avi,1,5,21,fallen,2,1,31.614,36.59097,test
MCFD,/content/fall_detection_work/MCFD/MCFD/clips/chute21_cam7_0_15.037_19.482_1_7_mcfd.avi,1,7,21,fallen,2,1,32.414,37.39097,test
MCFD,/content/fall_detection_work/MCFD/MCFD/clips/chute21_cam8_0_13.970_18.415_1_8_mcfd.avi,1,8,21,fallen,2,1,31.34733333333333,36.32430333333333,test
MCFD,/content/fall_detection_work/MCFD/MCFD/clips/chute21_cam1_0_14.637_19.082_1_1_mcfd.avi,1,1,21,stand_up,7,0,36.991,40.53264,train
MCFD,/content/fall_detection_work/MCFD/MCFD/clips/chute21_cam2_0_14.970_19.415_1_2_mcfd.avi,1,2,21,stand_up,7,0,37.324333333333335,40.865973333333336,test
MCFD,/content/fall_detection_work/MCFD/MCFD/clips/chute21_cam3_0_14.703_19.149_1_3_mcfd.avi,1,3,21,stand_up,7,0,37.05766666666667,40.59930666666667,val
MCFD,/content/fall_detection_work/MCFD/MCFD/clips/chute21_cam4_0_14.070_18.515_1_4_mcfd.avi,1,4,21,stand_up,7,0,36.42433333333334,39.96597333333334,test
MCFD,/content/fall_detection_work/MCFD/MCFD/clips/chute21_cam5_0_14.237_18.682_1_5_mcfd.avi,1,5,21,stand_up,7,0,36.591,40.13264,test
MCFD,/content/fall_detection_work/MCFD/MCFD/clips/chute21_cam7_0_15.037_19.482_1_7_mcfd.avi,1,7,21,stand_up,7,0,37.391,40.93264,test
MCFD,/content/fall_detection_work/MCFD/MCFD/clips/chute21_cam8_0_13.970_18.415_1_8_mcfd.avi,1,8,21,stand_up,7,0,36.324333333333335,39.865973333333336,test
MCFD,/content/fall_detection_work/MCFD/MCFD/clips/chute21_cam1_0_14.637_19.082_1_1_mcfd.avi,1,1,21,walk,0,0,40.533,41.067,train
MCFD,/content/fall_detection_work/MCFD/MCFD/clips/chute21_cam2_0_14.970_19.415_1_2_mcfd.avi,1,2,21,walk,0,0,40.86633333333334,41.400333333333336,test
MCFD,/content/fall_detection_work/MCFD/MCFD/clips/chute21_cam3_0_14.703_19.149_1_3_mcfd.avi,1,3,21,walk,0,0,40.59966666666667,41.13366666666667,val
MCFD,/content/fall_detection_work/MCFD/MCFD/clips/chute21_cam4_0_14.070_18.515_1_4_mcfd.avi,1,4,21,walk,0,0,39.96633333333334,40.50033333333334,test
MCFD,/content/fall_detection_work/MCFD/MCFD/clips/chute21_cam5_0_14.237_18.682_1_5_mcfd.avi,1,5,21,walk,0,0,40.133,40.667,test
MCFD,/content/fall_detection_work/MCFD/MCFD/clips/chute21_cam7_0_15.037_19.482_1_7_mcfd.avi,1,7,21,walk,0,0,40.933,41.467,test
MCFD,/content/fall_detection_work/MCFD/MCFD/clips/chute21_cam8_0_13.970_18.415_1_8_mcfd.avi,1,8,21,walk,0,0,39.86633333333334,40.400333333333336,test
MCFD,/content/fall_detection_work/MCFD/MCFD/clips/chute22_cam1_0_10.085_19.329_1_1_mcfd.avi,1,1,22,fallen,2,1,27.409333333333333,30.79733333333333,train
MCFD,/content/fall_detection_work/MCFD/MCFD/clips/chute22_cam2_0_11.619_20.863_1_2_mcfd.avi,1,2,22,fallen,2,1,28.942666666666664,32.330666666666666,test
MCFD,/content/fall_detection_work/MCFD/MCFD/clips/chute22_cam3_0_11.785_21.029_1_3_mcfd.avi,1,3,22,fallen,2,1,29.10933333333333,32.49733333333333,val
MCFD,/content/fall_detection_work/MCFD/MCFD/clips/chute22_cam4_0_11.452_20.696_1_4_mcfd.avi,1,4,22,fallen,2,1,28.776,32.164,test
MCFD,/content/fall_detection_work/MCFD/MCFD/clips/chute22_cam5_0_11.852_21.096_1_5_mcfd.avi,1,5,22,fallen,2,1,29.176,32.564,test
MCFD,/content/fall_detection_work/MCFD/MCFD/clips/chute22_cam7_0_11.652_20.896_1_7_mcfd.avi,1,7,22,fallen,2,1,28.976,32.364,test
MCFD,/content/fall_detection_work/MCFD/MCFD/clips/chute22_cam8_0_11.219_20.463_1_8_mcfd.avi,1,8,22,fallen,2,1,28.542666666666666,31.930666666666667,test
MCFD,/content/fall_detection_work/MCFD/MCFD/clips/chute22_cam1_0_10.085_19.329_1_1_mcfd.avi,1,1,22,stand_up,7,0,30.79733333333333,36.26180333333333,train
MCFD,/content/fall_detection_work/MCFD/MCFD/clips/chute22_cam2_0_11.619_20.863_1_2_mcfd.avi,1,2,22,stand_up,7,0,32.330666666666666,37.79513666666666,test
MCFD,/content/fall_detection_work/MCFD/MCFD/clips/chute22_cam3_0_11.785_21.029_1_3_mcfd.avi,1,3,22,stand_up,7,0,32.49733333333333,37.96180333333333,val
MCFD,/content/fall_detection_work/MCFD/MCFD/clips/chute22_cam4_0_11.452_20.696_1_4_mcfd.avi,1,4,22,stand_up,7,0,32.164,37.62847,test
MCFD,/content/fall_detection_work/MCFD/MCFD/clips/chute22_cam5_0_11.852_21.096_1_5_mcfd.avi,1,5,22,stand_up,7,0,32.564,38.02847,test
MCFD,/content/fall_detection_work/MCFD/MCFD/clips/chute22_cam7_0_11.652_20.896_1_7_mcfd.avi,1,7,22,stand_up,7,0,32.364,37.82847,test
MCFD,/content/fall_detection_work/MCFD/MCFD/clips/chute22_cam8_0_11.219_20.463_1_8_mcfd.avi,1,8,22,stand_up,7,0,31.930666666666667,37.395136666666666,test
MCFD,/content/fall_detection_work/MCFD/MCFD/clips/chute22_cam1_0_10.085_19.329_1_1_mcfd.avi,1,1,22,walk,0,0,36.26133333333333,36.73333333333333,train
MCFD,/content/fall_detection_work/MCFD/MCFD/clips/chute22_cam2_0_11.619_20.863_1_2_mcfd.avi,1,2,22,walk,0,0,37.79466666666666,38.266666666666666,test
MCFD,/content/fall_detection_work/MCFD/MCFD/clips/chute22_cam3_0_11.785_21.029_1_3_mcfd.avi,1,3,22,walk,0,0,37.96133333333333,38.43333333333333,val
MCFD,/content/fall_detection_work/MCFD/MCFD/clips/chute22_cam4_0_11.452_20.696_1_4_mcfd.avi,1,4,22,walk,0,0,37.628,38.1,test
MCFD,/content/fall_detection_work/MCFD/MCFD/clips/chute22_cam5_0_11.852_21.096_1_5_mcfd.avi,1,5,22,walk,0,0,38.028,38.5,test
MCFD,/content/fall_detection_work/MCFD/MCFD/clips/chute22_cam7_0_11.652_20.896_1_7_mcfd.avi,1,7,22,walk,0,0,37.828,38.3,test
MCFD,/content/fall_detection_work/MCFD/MCFD/clips/chute22_cam8_0_11.219_20.463_1_8_mcfd.avi,1,8,22,walk,0,0,37.394666666666666,37.86666666666667,test
MCFD,/content/fall_detection_work/MCFD/MCFD/clips/chute23_cam1_0_12.393_18.373_1_1_mcfd.avi,1,1,23,other,9,0,21.57433333333333,24.345143333333333,train
MCFD,/content/fall_detection_work/MCFD/MCFD/clips/chute23_cam2_0_13.093_19.073_1_2_mcfd.avi,1,2,23,other,9,0,22.27433333333333,25.04514333333333,test
MCFD,/content/fall_detection_work/MCFD/MCFD/clips/chute23_cam3_0_13.093_19.073_1_3_mcfd.avi,1,3,23,other,9,0,22.27433333333333,25.04514333333333,val
MCFD,/content/fall_detection_work/MCFD/MCFD/clips/chute23_cam4_0_12.860_18.840_1_4_mcfd.avi,1,4,23,other,9,0,22.041,24.81181,test
MCFD,/content/fall_detection_work/MCFD/MCFD/clips/chute23_cam5_0_13.160_19.140_1_5_mcfd.avi,1,5,23,other,9,0,22.341,25.11181,test
MCFD,/content/fall_detection_work/MCFD/MCFD/clips/chute23_cam7_0_13.027_19.007_1_7_mcfd.avi,1,7,23,other,9,0,22.207666666666668,24.978476666666666,test
MCFD,/content/fall_detection_work/MCFD/MCFD/clips/chute23_cam8_0_11.360_17.340_1_8_mcfd.avi,1,8,23,other,9,0,20.541,23.31181,test
MCFD,/content/fall_detection_work/MCFD/MCFD/clips/chute23_cam1_0_12.393_18.373_1_1_mcfd.avi,1,1,23,walk,0,0,12.393333333333333,18.37333333333333,train
MCFD,/content/fall_detection_work/MCFD/MCFD/clips/chute23_cam2_0_13.093_19.073_1_2_mcfd.avi,1,2,23,walk,0,0,13.093333333333334,19.07333333333333,test
MCFD,/content/fall_detection_work/MCFD/MCFD/clips/chute23_cam3_0_13.093_19.073_1_3_mcfd.avi,1,3,23,walk,0,0,13.093333333333334,19.07333333333333,val
MCFD,/content/fall_detection_work/MCFD/MCFD/clips/chute23_cam4_0_12.860_18.840_1_4_mcfd.avi,1,4,23,walk,0,0,12.86,18.84,test
MCFD,/content/fall_detection_work/MCFD/MCFD/clips/chute23_cam5_0_13.160_19.140_1_5_mcfd.avi,1,5,23,walk,0,0,13.16,19.14,test
MCFD,/content/fall_detection_work/MCFD/MCFD/clips/chute23_cam7_0_13.027_19.007_1_7_mcfd.avi,1,7,23,walk,0,0,13.026666666666667,19.006666666666668,test
MCFD,/content/fall_detection_work/MCFD/MCFD/clips/chute23_cam8_0_11.360_17.340_1_8_mcfd.avi,1,8,23,walk,0,0,11.36,17.34,test
MCFD,/content/fall_detection_work/MCFD/MCFD/clips/chute23_cam1_0_12.393_18.373_1_1_mcfd.avi,1,1,23,standing,8,0,18.39333333333333,18.993333333333336,train
MCFD,/content/fall_detection_work/MCFD/MCFD/clips/chute23_cam2_0_13.093_19.073_1_2_mcfd.avi,1,2,23,standing,8,0,19.093333333333334,19.69333333333333,test
MCFD,/content/fall_detection_work/MCFD/MCFD/clips/chute23_cam3_0_13.093_19.073_1_3_mcfd.avi,1,3,23,standing,8,0,19.093333333333334,19.69333333333333,val
MCFD,/content/fall_detection_work/MCFD/MCFD/clips/chute23_cam4_0_12.860_18.840_1_4_mcfd.avi,1,4,23,standing,8,0,18.86,19.46,test
MCFD,/content/fall_detection_work/MCFD/MCFD/clips/chute23_cam5_0_13.160_19.140_1_5_mcfd.avi,1,5,23,standing,8,0,19.16,19.76,test
MCFD,/content/fall_detection_work/MCFD/MCFD/clips/chute23_cam7_0_13.027_19.007_1_7_mcfd.avi,1,7,23,standing,8,0,19.026666666666667,19.62666666666667,test
MCFD,/content/fall_detection_work/MCFD/MCFD/clips/chute23_cam8_0_11.360_17.340_1_8_mcfd.avi,1,8,23,standing,8,0,17.36,17.96,test
MCFD,/content/fall_detection_work/MCFD/MCFD/clips/chute23_cam1_0_12.393_18.373_1_1_mcfd.avi,1,1,23,walk,0,0,24.345333333333333,50.51180333333333,train
MCFD,/content/fall_detection_work/MCFD/MCFD/clips/chute23_cam2_0_13.093_19.073_1_2_mcfd.avi,1,2,23,walk,0,0,25.04533333333333,51.21180333333333,test
MCFD,/content/fall_detection_work/MCFD/MCFD/clips/chute23_cam3_0_13.093_19.073_1_3_mcfd.avi,1,3,23,walk,0,0,25.04533333333333,51.21180333333333,val
MCFD,/content/fall_detection_work/MCFD/MCFD/clips/chute23_cam4_0_12.860_18.840_1_4_mcfd.avi,1,4,23,walk,0,0,24.812,50.97847,test
MCFD,/content/fall_detection_work/MCFD/MCFD/clips/chute23_cam5_0_13.160_19.140_1_5_mcfd.avi,1,5,23,walk,0,0,25.112,51.27847,test
MCFD,/content/fall_detection_work/MCFD/MCFD/clips/chute23_cam7_0_13.027_19.007_1_7_mcfd.avi,1,7,23,walk,0,0,24.978666666666665,51.145136666666666,test
MCFD,/content/fall_detection_work/MCFD/MCFD/clips/chute23_cam8_0_11.360_17.340_1_8_mcfd.avi,1,8,23,walk,0,0,23.312,49.47847,test
MCFD,/content/fall_detection_work/MCFD/MCFD/clips/chute23_cam1_0_12.393_18.373_1_1_mcfd.avi,1,1,23,fall,1,1,50.51133333333333,51.94133333333333,train
MCFD,/content/fall_detection_work/MCFD/MCFD/clips/chute23_cam2_0_13.093_19.073_1_2_mcfd.avi,1,2,23,fall,1,1,51.21133333333333,52.64133333333333,test
MCFD,/content/fall_detection_work/MCFD/MCFD/clips/chute23_cam3_0_13.093_19.073_1_3_mcfd.avi,1,3,23,fall,1,1,51.21133333333333,52.64133333333333,val
MCFD,/content/fall_detection_work/MCFD/MCFD/clips/chute23_cam4_0_12.860_18.840_1_4_mcfd.avi,1,4,23,fall,1,1,50.978,52.408,test
MCFD,/content/fall_detection_work/MCFD/MCFD/clips/chute23_cam5_0_13.160_19.140_1_5_mcfd.avi,1,5,23,fall,1,1,51.278,52.708,test
MCFD,/content/fall_detection_work/MCFD/MCFD/clips/chute23_cam7_0_13.027_19.007_1_7_mcfd.avi,1,7,23,fall,1,1,51.144666666666666,52.574666666666666,test
MCFD,/content/fall_detection_work/MCFD/MCFD/clips/chute23_cam8_0_11.360_17.340_1_8_mcfd.avi,1,8,23,fall,1,1,49.478,50.908,test
MCFD,/content/fall_detection_work/MCFD/MCFD/clips/chute23_cam1_0_12.393_18.373_1_1_mcfd.avi,1,1,23,walk,0,0,55.345333333333336,57.76180333333333,train
MCFD,/content/fall_detection_work/MCFD/MCFD/clips/chute23_cam2_0_13.093_19.073_1_2_mcfd.avi,1,2,23,walk,0,0,56.04533333333333,58.46180333333333,test
MCFD,/content/fall_detection_work/MCFD/MCFD/clips/chute23_cam3_0_13.093_19.073_1_3_mcfd.avi,1,3,23,walk,0,0,56.04533333333333,58.46180333333333,val
MCFD,/content/fall_detection_work/MCFD/MCFD/clips/chute23_cam4_0_12.860_18.840_1_4_mcfd.avi,1,4,23,walk,0,0,55.812000000000005,58.22847,test
MCFD,/content/fall_detection_work/MCFD/MCFD/clips/chute23_cam5_0_13.160_19.140_1_5_mcfd.avi,1,5,23,walk,0,0,56.112,58.52847,test
MCFD,/content/fall_detection_work/MCFD/MCFD/clips/chute23_cam7_0_13.027_19.007_1_7_mcfd.avi,1,7,23,walk,0,0,55.97866666666667,58.395136666666666,test
MCFD,/content/fall_detection_work/MCFD/MCFD/clips/chute23_cam8_0_11.360_17.340_1_8_mcfd.avi,1,8,23,walk,0,0,54.312000000000005,56.72847,test
MCFD,/content/fall_detection_work/MCFD/MCFD/clips/chute23_cam1_0_12.393_18.373_1_1_mcfd.avi,1,1,23,other,9,0,57.76133333333333,62.57333333333334,train
MCFD,/content/fall_detection_work/MCFD/MCFD/clips/chute23_cam2_0_13.093_19.073_1_2_mcfd.avi,1,2,23,other,9,0,58.46133333333333,63.27333333333333,test
MCFD,/content/fall_detection_work/MCFD/MCFD/clips/chute23_cam3_0_13.093_19.073_1_3_mcfd.avi,1,3,23,other,9,0,58.46133333333333,63.27333333333333,val
MCFD,/content/fall_detection_work/MCFD/MCFD/clips/chute23_cam4_0_12.860_18.840_1_4_mcfd.avi,1,4,23,other,9,0,58.228,63.040000000000006,test
MCFD,/content/fall_detection_work/MCFD/MCFD/clips/chute23_cam5_0_13.160_19.140_1_5_mcfd.avi,1,5,23,other,9,0,58.528,63.34,test
MCFD,/content/fall_detection_work/MCFD/MCFD/clips/chute23_cam7_0_13.027_19.007_1_7_mcfd.avi,1,7,23,other,9,0,58.394666666666666,63.20666666666667,test
MCFD,/content/fall_detection_work/MCFD/MCFD/clips/chute23_cam8_0_11.360_17.340_1_8_mcfd.avi,1,8,23,other,9,0,56.728,61.540000000000006,test
MCFD,/content/fall_detection_work/MCFD/MCFD/clips/chute23_cam1_0_12.393_18.373_1_1_mcfd.avi,1,1,23,lie_down,5,0,88.26133333333334,91.53264333333334,train
MCFD,/content/fall_detection_work/MCFD/MCFD/clips/chute23_cam2_0_13.093_19.073_1_2_mcfd.avi,1,2,23,lie_down,5,0,88.96133333333334,92.23264333333334,test
MCFD,/content/fall_detection_work/MCFD/MCFD/clips/chute23_cam3_0_13.093_19.073_1_3_mcfd.avi,1,3,23,lie_down,5,0,88.96133333333334,92.23264333333334,val
MCFD,/content/fall_detection_work/MCFD/MCFD/clips/chute23_cam4_0_12.860_18.840_1_4_mcfd.avi,1,4,23,lie_down,5,0,88.72800000000001,91.99931,test
MCFD,/content/fall_detection_work/MCFD/MCFD/clips/chute23_cam5_0_13.160_19.140_1_5_mcfd.avi,1,5,23,lie_down,5,0,89.028,92.29931,test
MCFD,/content/fall_detection_work/MCFD/MCFD/clips/chute23_cam7_0_13.027_19.007_1_7_mcfd.avi,1,7,23,lie_down,5,0,88.89466666666667,92.16597666666668,test
MCFD,/content/fall_detection_work/MCFD/MCFD/clips/chute23_cam8_0_11.360_17.340_1_8_mcfd.avi,1,8,23,lie_down,5,0,87.22800000000001,90.49931,test
MCFD,/content/fall_detection_work/MCFD/MCFD/clips/chute23_cam1_0_12.393_18.373_1_1_mcfd.avi,1,1,23,walk,0,0,101.82433333333331,105.88680333333332,train
MCFD,/content/fall_detection_work/MCFD/MCFD/clips/chute23_cam2_0_13.093_19.073_1_2_mcfd.avi,1,2,23,walk,0,0,102.52433333333332,106.58680333333334,test
MCFD,/content/fall_detection_work/MCFD/MCFD/clips/chute23_cam3_0_13.093_19.073_1_3_mcfd.avi,1,3,23,walk,0,0,102.52433333333332,106.58680333333334,val
MCFD,/content/fall_detection_work/MCFD/MCFD/clips/chute23_cam4_0_12.860_18.840_1_4_mcfd.avi,1,4,23,walk,0,0,102.291,106.35347,test
MCFD,/content/fall_detection_work/MCFD/MCFD/clips/chute23_cam5_0_13.160_19.140_1_5_mcfd.avi,1,5,23,walk,0,0,102.591,106.65347,test
MCFD,/content/fall_detection_work/MCFD/MCFD/clips/chute23_cam7_0_13.027_19.007_1_7_mcfd.avi,1,7,23,walk,0,0,102.45766666666664,106.52013666666666,test
MCFD,/content/fall_detection_work/MCFD/MCFD/clips/chute23_cam8_0_11.360_17.340_1_8_mcfd.avi,1,8,23,walk,0,0,100.791,104.85347,test
MCFD,/content/fall_detection_work/MCFD/MCFD/clips/chute23_cam1_0_12.393_18.373_1_1_mcfd.avi,1,1,23,sit_down,3,0,105.88633333333334,106.63680333333332,train
MCFD,/content/fall_detection_work/MCFD/MCFD/clips/chute23_cam2_0_13.093_19.073_1_2_mcfd.avi,1,2,23,sit_down,3,0,106.58633333333334,107.33680333333334,test
MCFD,/content/fall_detection_work/MCFD/MCFD/clips/chute23_cam3_0_13.093_19.073_1_3_mcfd.avi,1,3,23,sit_down,3,0,106.58633333333334,107.33680333333334,val
MCFD,/content/fall_detection_work/MCFD/MCFD/clips/chute23_cam4_0_12.860_18.840_1_4_mcfd.avi,1,4,23,sit_down,3,0,106.353,107.10347,test
MCFD,/content/fall_detection_work/MCFD/MCFD/clips/chute23_cam5_0_13.160_19.140_1_5_mcfd.avi,1,5,23,sit_down,3,0,106.653,107.40347,test
MCFD,/content/fall_detection_work/MCFD/MCFD/clips/chute23_cam7_0_13.027_19.007_1_7_mcfd.avi,1,7,23,sit_down,3,0,106.51966666666668,107.27013666666666,test
MCFD,/content/fall_detection_work/MCFD/MCFD/clips/chute23_cam8_0_11.360_17.340_1_8_mcfd.avi,1,8,23,sit_down,3,0,104.853,105.60347,test
MCFD,/content/fall_detection_work/MCFD/MCFD/clips/chute23_cam1_0_12.393_18.373_1_1_mcfd.avi,1,1,23,lying,6,0,109.51333333333334,113.63680333333332,train
MCFD,/content/fall_detection_work/MCFD/MCFD/clips/chute23_cam2_0_13.093_19.073_1_2_mcfd.avi,1,2,23,lying,6,0,110.21333333333334,114.33680333333334,test
MCFD,/content/fall_detection_work/MCFD/MCFD/clips/chute23_cam3_0_13.093_19.073_1_3_mcfd.avi,1,3,23,lying,6,0,110.21333333333334,114.33680333333334,val
MCFD,/content/fall_detection_work/MCFD/MCFD/clips/chute23_cam4_0_12.860_18.840_1_4_mcfd.avi,1,4,23,lying,6,0,109.98,114.10347,test
MCFD,/content/fall_detection_work/MCFD/MCFD/clips/chute23_cam5_0_13.160_19.140_1_5_mcfd.avi,1,5,23,lying,6,0,110.28,114.40347,test
MCFD,/content/fall_detection_work/MCFD/MCFD/clips/chute23_cam7_0_13.027_19.007_1_7_mcfd.avi,1,7,23,lying,6,0,110.14666666666666,114.27013666666666,test
MCFD,/content/fall_detection_work/MCFD/MCFD/clips/chute23_cam8_0_11.360_17.340_1_8_mcfd.avi,1,8,23,lying,6,0,108.48,112.60347,test
MCFD,/content/fall_detection_work/MCFD/MCFD/clips/chute23_cam1_0_12.393_18.373_1_1_mcfd.avi,1,1,23,fall,1,1,119.92833333333331,121.01180333333332,train
MCFD,/content/fall_detection_work/MCFD/MCFD/clips/chute23_cam2_0_13.093_19.073_1_2_mcfd.avi,1,2,23,fall,1,1,120.62833333333332,121.71180333333334,test
MCFD,/content/fall_detection_work/MCFD/MCFD/clips/chute23_cam3_0_13.093_19.073_1_3_mcfd.avi,1,3,23,fall,1,1,120.62833333333332,121.71180333333334,val
MCFD,/content/fall_detection_work/MCFD/MCFD/clips/chute23_cam4_0_12.860_18.840_1_4_mcfd.avi,1,4,23,fall,1,1,120.395,121.47847,test
MCFD,/content/fall_detection_work/MCFD/MCFD/clips/chute23_cam5_0_13.160_19.140_1_5_mcfd.avi,1,5,23,fall,1,1,120.695,121.77847,test
MCFD,/content/fall_detection_work/MCFD/MCFD/clips/chute23_cam7_0_13.027_19.007_1_7_mcfd.avi,1,7,23,fall,1,1,120.56166666666664,121.64513666666666,test
MCFD,/content/fall_detection_work/MCFD/MCFD/clips/chute23_cam8_0_11.360_17.340_1_8_mcfd.avi,1,8,23,fall,1,1,118.895,119.97847,test
MCFD,/content/fall_detection_work/MCFD/MCFD/clips/chute23_cam1_0_12.393_18.373_1_1_mcfd.avi,1,1,23,stand_up,7,0,121.01133333333334,125.40764333333334,train
MCFD,/content/fall_detection_work/MCFD/MCFD/clips/chute23_cam2_0_13.093_19.073_1_2_mcfd.avi,1,2,23,stand_up,7,0,121.71133333333334,126.10764333333334,test
MCFD,/content/fall_detection_work/MCFD/MCFD/clips/chute23_cam3_0_13.093_19.073_1_3_mcfd.avi,1,3,23,stand_up,7,0,121.71133333333334,126.10764333333334,val
MCFD,/content/fall_detection_work/MCFD/MCFD/clips/chute23_cam4_0_12.860_18.840_1_4_mcfd.avi,1,4,23,stand_up,7,0,121.478,125.87431,test
MCFD,/content/fall_detection_work/MCFD/MCFD/clips/chute23_cam5_0_13.160_19.140_1_5_mcfd.avi,1,5,23,stand_up,7,0,121.778,126.17431,test
MCFD,/content/fall_detection_work/MCFD/MCFD/clips/chute23_cam7_0_13.027_19.007_1_7_mcfd.avi,1,7,23,stand_up,7,0,121.64466666666668,126.04097666666668,test
MCFD,/content/fall_detection_work/MCFD/MCFD/clips/chute23_cam8_0_11.360_17.340_1_8_mcfd.avi,1,8,23,stand_up,7,0,119.978,124.37431,test
MCFD,/content/fall_detection_work/MCFD/MCFD/clips/chute23_cam1_0_12.393_18.373_1_1_mcfd.avi,1,1,23,other,9,0,125.40733333333334,137.4076433333333,train
MCFD,/content/fall_detection_work/MCFD/MCFD/clips/chute23_cam2_0_13.093_19.073_1_2_mcfd.avi,1,2,23,other,9,0,126.10733333333334,138.10764333333333,test
MCFD,/content/fall_detection_work/MCFD/MCFD/clips/chute23_cam3_0_13.093_19.073_1_3_mcfd.avi,1,3,23,other,9,0,126.10733333333334,138.10764333333333,val
MCFD,/content/fall_detection_work/MCFD/MCFD/clips/chute23_cam4_0_12.860_18.840_1_4_mcfd.avi,1,4,23,other,9,0,125.874,137.87430999999998,test
MCFD,/content/fall_detection_work/MCFD/MCFD/clips/chute23_cam5_0_13.160_19.140_1_5_mcfd.avi,1,5,23,other,9,0,126.174,138.17431,test
MCFD,/content/fall_detection_work/MCFD/MCFD/clips/chute23_cam7_0_13.027_19.007_1_7_mcfd.avi,1,7,23,other,9,0,126.04066666666668,138.0409766666667,test
MCFD,/content/fall_detection_work/MCFD/MCFD/clips/chute23_cam8_0_11.360_17.340_1_8_mcfd.avi,1,8,23,other,9,0,124.374,136.37430999999998,test
MCFD,/content/fall_detection_work/MCFD/MCFD/clips/chute23_cam1_0_12.393_18.373_1_1_mcfd.avi,1,1,23,walk,0,0,137.40733333333333,140.32430333333332,train
MCFD,/content/fall_detection_work/MCFD/MCFD/clips/chute23_cam2_0_13.093_19.073_1_2_mcfd.avi,1,2,23,walk,0,0,138.10733333333334,141.02430333333334,test
MCFD,/content/fall_detection_work/MCFD/MCFD/clips/chute23_cam3_0_13.093_19.073_1_3_mcfd.avi,1,3,23,walk,0,0,138.10733333333334,141.02430333333334,val
MCFD,/content/fall_detection_work/MCFD/MCFD/clips/chute23_cam4_0_12.860_18.840_1_4_mcfd.avi,1,4,23,walk,0,0,137.874,140.79097,test
MCFD,/content/fall_detection_work/MCFD/MCFD/clips/chute23_cam5_0_13.160_19.140_1_5_mcfd.avi,1,5,23,walk,0,0,138.174,141.09097,test
MCFD,/content/fall_detection_work/MCFD/MCFD/clips/chute23_cam7_0_13.027_19.007_1_7_mcfd.avi,1,7,23,walk,0,0,138.04066666666668,140.95763666666667,test
MCFD,/content/fall_detection_work/MCFD/MCFD/clips/chute23_cam8_0_11.360_17.340_1_8_mcfd.avi,1,8,23,walk,0,0,136.374,139.29097,test
MCFD,/content/fall_detection_work/MCFD/MCFD/clips/chute23_cam1_0_12.393_18.373_1_1_mcfd.avi,1,1,23,standing,8,0,171.26180333333332,173.44930333333332,train
MCFD,/content/fall_detection_work/MCFD/MCFD/clips/chute23_cam2_0_13.093_19.073_1_2_mcfd.avi,1,2,23,standing,8,0,171.96180333333334,174.14930333333334,test
MCFD,/content/fall_detection_work/MCFD/MCFD/clips/chute23_cam3_0_13.093_19.073_1_3_mcfd.avi,1,3,23,standing,8,0,171.96180333333334,174.14930333333334,val
MCFD,/content/fall_detection_work/MCFD/MCFD/clips/chute23_cam4_0_12.860_18.840_1_4_mcfd.avi,1,4,23,standing,8,0,171.72847,173.91597,test
MCFD,/content/fall_detection_work/MCFD/MCFD/clips/chute23_cam5_0_13.160_19.140_1_5_mcfd.avi,1,5,23,standing,8,0,172.02847,174.21597,test
MCFD,/content/fall_detection_work/MCFD/MCFD/clips/chute23_cam7_0_13.027_19.007_1_7_mcfd.avi,1,7,23,standing,8,0,171.89513666666667,174.08263666666667,test
MCFD,/content/fall_detection_work/MCFD/MCFD/clips/chute23_cam8_0_11.360_17.340_1_8_mcfd.avi,1,8,23,standing,8,0,170.22847,172.41597,test
MCFD,/content/fall_detection_work/MCFD/MCFD/clips/chute23_cam1_0_12.393_18.373_1_1_mcfd.avi,1,1,23,walk,0,0,151.82433333333333,171.2613333333333,train
MCFD,/content/fall_detection_work/MCFD/MCFD/clips/chute23_cam2_0_13.093_19.073_1_2_mcfd.avi,1,2,23,walk,0,0,152.52433333333337,171.96133333333333,test
MCFD,/content/fall_detection_work/MCFD/MCFD/clips/chute23_cam3_0_13.093_19.073_1_3_mcfd.avi,1,3,23,walk,0,0,152.52433333333337,171.96133333333333,val
MCFD,/content/fall_detection_work/MCFD/MCFD/clips/chute23_cam4_0_12.860_18.840_1_4_mcfd.avi,1,4,23,walk,0,0,152.291,171.72799999999998,test
MCFD,/content/fall_detection_work/MCFD/MCFD/clips/chute23_cam5_0_13.160_19.140_1_5_mcfd.avi,1,5,23,walk,0,0,152.591,172.028,test
MCFD,/content/fall_detection_work/MCFD/MCFD/clips/chute23_cam7_0_13.027_19.007_1_7_mcfd.avi,1,7,23,walk,0,0,152.45766666666668,171.89466666666667,test
MCFD,/content/fall_detection_work/MCFD/MCFD/clips/chute23_cam8_0_11.360_17.340_1_8_mcfd.avi,1,8,23,walk,0,0,150.791,170.22799999999998,test
MCFD,/content/fall_detection_work/MCFD/MCFD/clips/chute23_cam1_0_12.393_18.373_1_1_mcfd.avi,1,1,23,walk,0,0,173.44933333333333,179.55014333333332,train
MCFD,/content/fall_detection_work/MCFD/MCFD/clips/chute23_cam2_0_13.093_19.073_1_2_mcfd.avi,1,2,23,walk,0,0,174.14933333333337,180.2501433333333,test
MCFD,/content/fall_detection_work/MCFD/MCFD/clips/chute23_cam3_0_13.093_19.073_1_3_mcfd.avi,1,3,23,walk,0,0,174.14933333333337,180.2501433333333,val
MCFD,/content/fall_detection_work/MCFD/MCFD/clips/chute23_cam4_0_12.860_18.840_1_4_mcfd.avi,1,4,23,walk,0,0,173.916,180.01681,test
MCFD,/content/fall_detection_work/MCFD/MCFD/clips/chute23_cam5_0_13.160_19.140_1_5_mcfd.avi,1,5,23,walk,0,0,174.216,180.31681,test
MCFD,/content/fall_detection_work/MCFD/MCFD/clips/chute23_cam7_0_13.027_19.007_1_7_mcfd.avi,1,7,23,walk,0,0,174.08266666666668,180.18347666666668,test
MCFD,/content/fall_detection_work/MCFD/MCFD/clips/chute23_cam8_0_11.360_17.340_1_8_mcfd.avi,1,8,23,walk,0,0,172.416,178.51681,test
MCFD,/content/fall_detection_work/MCFD/MCFD/clips/chute24_cam1_0_10.015_31.675_1_1_mcfd.avi,1,1,24,standing,8,0,117.76966666666668,121.62180666666666,train
MCFD,/content/fall_detection_work/MCFD/MCFD/clips/chute24_cam2_0_11.115_32.775_1_2_mcfd.avi,1,2,24,standing,8,0,118.86966666666667,122.72180666666668,test
MCFD,/content/fall_detection_work/MCFD/MCFD/clips/chute24_cam3_0_10.148_31.808_1_3_mcfd.avi,1,3,24,standing,8,0,117.903,121.75514,val
MCFD,/content/fall_detection_work/MCFD/MCFD/clips/chute24_cam4_0_9.915_31.575_1_4_mcfd.avi,1,4,24,standing,8,0,117.66966666666669,121.52180666666666,test
MCFD,/content/fall_detection_work/MCFD/MCFD/clips/chute24_cam5_0_11.148_32.808_1_5_mcfd.avi,1,5,24,standing,8,0,118.903,122.75514,test
MCFD,/content/fall_detection_work/MCFD/MCFD/clips/chute24_cam7_0_11.015_32.675_1_7_mcfd.avi,1,7,24,standing,8,0,118.76966666666668,122.62180666666666,test
MCFD,/content/fall_detection_work/MCFD/MCFD/clips/chute24_cam8_0_9.948_31.608_1_8_mcfd.avi,1,8,24,standing,8,0,117.703,121.55514,test
GMDCSA24,/content/fall_detection_work/GMDCSA24/ekramalam-GMDCSA24-A-Dataset-for-Human-Fall-Detection-in-Videos-5abac76/Subject 1/ADL/01.mp4,Subject_1,1,subject1_adl_01,sitting,4,0,0.0,0.5,train
GMDCSA24,/content/fall_detection_work/GMDCSA24/ekramalam-GMDCSA24-A-Dataset-for-Human-Fall-Detection-in-Videos-5abac76/Subject 1/ADL/02.mp4,Subject_1,1,subject1_adl_02,sitting,4,0,0.0,0.4,train
GMDCSA24,/content/fall_detection_work/GMDCSA24/ekramalam-GMDCSA24-A-Dataset-for-Human-Fall-Detection-in-Videos-5abac76/Subject 1/ADL/03.mp4,Subject_1,1,subject1_adl_03,sitting,4,0,0.0,0.4,train
GMDCSA24,/content/fall_detection_work/GMDCSA24/ekramalam-GMDCSA24-A-Dataset-for-Human-Fall-Detection-in-Videos-5abac76/Subject 1/ADL/04.mp4,Subject_1,1,subject1_adl_04,lying,6,0,0.0,1.14,train
GMDCSA24,/content/fall_detection_work/GMDCSA24/ekramalam-GMDCSA24-A-Dataset-for-Human-Fall-Detection-in-Videos-5abac76/Subject 1/ADL/06.mp4,Subject_1,1,subject1_adl_06,sitting,4,0,0.0,0.7,train
GMDCSA24,/content/fall_detection_work/GMDCSA24/ekramalam-GMDCSA24-A-Dataset-for-Human-Fall-Detection-in-Videos-5abac76/Subject 1/ADL/07.mp4,Subject_1,1,subject1_adl_07,other,9,0,0.0,7.52,train
GMDCSA24,/content/fall_detection_work/GMDCSA24/ekramalam-GMDCSA24-A-Dataset-for-Human-Fall-Detection-in-Videos-5abac76/Subject 1/ADL/08.mp4,Subject_1,1,subject1_adl_08,walk,0,0,0.0,6.28,train
GMDCSA24,/content/fall_detection_work/GMDCSA24/ekramalam-GMDCSA24-A-Dataset-for-Human-Fall-Detection-in-Videos-5abac76/Subject 1/ADL/09.mp4,Subject_1,1,subject1_adl_09,other,9,0,0.0,4.98,train
GMDCSA24,/content/fall_detection_work/GMDCSA24/ekramalam-GMDCSA24-A-Dataset-for-Human-Fall-Detection-in-Videos-5abac76/Subject 1/ADL/10.mp4,Subject_1,1,subject1_adl_10,other,9,0,0.0,3.92,train
GMDCSA24,/content/fall_detection_work/GMDCSA24/ekramalam-GMDCSA24-A-Dataset-for-Human-Fall-Detection-in-Videos-5abac76/Subject 1/ADL/11.mp4,Subject_1,1,subject1_adl_11,walk,0,0,0.0,1.94,train
GMDCSA24,/content/fall_detection_work/GMDCSA24/ekramalam-GMDCSA24-A-Dataset-for-Human-Fall-Detection-in-Videos-5abac76/Subject 1/ADL/14.mp4,Subject_1,1,subject1_adl_14,sitting,4,0,0.0,0.44,train
GMDCSA24,/content/fall_detection_work/GMDCSA24/ekramalam-GMDCSA24-A-Dataset-for-Human-Fall-Detection-in-Videos-5abac76/Subject 1/ADL/15.mp4,Subject_1,1,subject1_adl_15,walk,0,0,0.0,1.28,train
GMDCSA24,/content/fall_detection_work/GMDCSA24/ekramalam-GMDCSA24-A-Dataset-for-Human-Fall-Detection-in-Videos-5abac76/Subject 1/ADL/16.mp4,Subject_1,1,subject1_adl_16,sitting,4,0,0.0,3.52,train
GMDCSA24,/content/fall_detection_work/GMDCSA24/ekramalam-GMDCSA24-A-Dataset-for-Human-Fall-Detection-in-Videos-5abac76/Subject 1/Fall/01.mp4,Subject_1,1,subject1_fall_01,sitting,4,0,0.0,2.28,train
GMDCSA24,/content/fall_detection_work/GMDCSA24/ekramalam-GMDCSA24-A-Dataset-for-Human-Fall-Detection-in-Videos-5abac76/Subject 1/Fall/02.mp4,Subject_1,1,subject1_fall_02,sitting,4,0,0.0,1.14,train
GMDCSA24,/content/fall_detection_work/GMDCSA24/ekramalam-GMDCSA24-A-Dataset-for-Human-Fall-Detection-in-Videos-5abac76/Subject 1/Fall/03.mp4,Subject_1,1,subject1_fall_03,sitting,4,0,0.0,0.8,train
GMDCSA24,/content/fall_detection_work/GMDCSA24/ekramalam-GMDCSA24-A-Dataset-for-Human-Fall-Detection-in-Videos-5abac76/Subject 1/Fall/04.mp4,Subject_1,1,subject1_fall_04,sitting,4,0,0.0,0.72,train
GMDCSA24,/content/fall_detection_work/GMDCSA24/ekramalam-GMDCSA24-A-Dataset-for-Human-Fall-Detection-in-Videos-5abac76/Subject 1/ADL/12.mp4,Subject_1,1,subject1_adl_12,other,9,0,0.0,2.58,train
GMDCSA24,/content/fall_detection_work/GMDCSA24/ekramalam-GMDCSA24-A-Dataset-for-Human-Fall-Detection-in-Videos-5abac76/Subject 1/ADL/13.mp4,Subject_1,1,subject1_adl_13,standing,8,0,0.0,0.64,train
GMDCSA24,/content/fall_detection_work/GMDCSA24/ekramalam-GMDCSA24-A-Dataset-for-Human-Fall-Detection-in-Videos-5abac76/Subject 1/Fall/06.mp4,Subject_1,1,subject1_fall_06,walk,0,0,0.0,2.24,train
GMDCSA24,/content/fall_detection_work/GMDCSA24/ekramalam-GMDCSA24-A-Dataset-for-Human-Fall-Detection-in-Videos-5abac76/Subject 1/Fall/07.mp4,Subject_1,1,subject1_fall_07,walk,0,0,0.0,1.0,train
GMDCSA24,/content/fall_detection_work/GMDCSA24/ekramalam-GMDCSA24-A-Dataset-for-Human-Fall-Detection-in-Videos-5abac76/Subject 1/Fall/08.mp4,Subject_1,1,subject1_fall_08,walk,0,0,0.0,0.76,train
GMDCSA24,/content/fall_detection_work/GMDCSA24/ekramalam-GMDCSA24-A-Dataset-for-Human-Fall-Detection-in-Videos-5abac76/Subject 1/Fall/09.mp4,Subject_1,1,subject1_fall_09,standing,8,0,0.0,0.64,train
GMDCSA24,/content/fall_detection_work/GMDCSA24/ekramalam-GMDCSA24-A-Dataset-for-Human-Fall-Detection-in-Videos-5abac76/Subject 1/Fall/10.mp4,Subject_1,1,subject1_fall_10,standing,8,0,0.0,0.72,train
GMDCSA24,/content/fall_detection_work/GMDCSA24/ekramalam-GMDCSA24-A-Dataset-for-Human-Fall-Detection-in-Videos-5abac76/Subject 1/Fall/11.mp4,Subject_1,1,subject1_fall_11,standing,8,0,0.0,0.52,train
GMDCSA24,/content/fall_detection_work/GMDCSA24/ekramalam-GMDCSA24-A-Dataset-for-Human-Fall-Detection-in-Videos-5abac76/Subject 1/Fall/12.mp4,Subject_1,1,subject1_fall_12,standing,8,0,0.0,1.66,train
GMDCSA24,/content/fall_detection_work/GMDCSA24/ekramalam-GMDCSA24-A-Dataset-for-Human-Fall-Detection-in-Videos-5abac76/Subject 1/Fall/14.mp4,Subject_1,1,subject1_fall_14,standing,8,0,0.0,0.02,train
GMDCSA24,/content/fall_detection_work/GMDCSA24/ekramalam-GMDCSA24-A-Dataset-for-Human-Fall-Detection-in-Videos-5abac76/Subject 1/Fall/15.mp4,Subject_1,1,subject1_fall_15,sitting,4,0,0.0,0.26,train
GMDCSA24,/content/fall_detection_work/GMDCSA24/ekramalam-GMDCSA24-A-Dataset-for-Human-Fall-Detection-in-Videos-5abac76/Subject 1/Fall/16.mp4,Subject_1,1,subject1_fall_16,sitting,4,0,0.0,1.52,train
GMDCSA24,/content/fall_detection_work/GMDCSA24/ekramalam-GMDCSA24-A-Dataset-for-Human-Fall-Detection-in-Videos-5abac76/Subject 1/Fall/05.mp4,Subject_1,1,subject1_fall_05,walk,0,0,0.0,1.76,train
GMDCSA24,/content/fall_detection_work/GMDCSA24/ekramalam-GMDCSA24-A-Dataset-for-Human-Fall-Detection-in-Videos-5abac76/Subject 1/Fall/13.mp4,Subject_1,1,subject1_fall_13,fall,1,1,0.0,1.92,train
GMDCSA24,/content/fall_detection_work/GMDCSA24/ekramalam-GMDCSA24-A-Dataset-for-Human-Fall-Detection-in-Videos-5abac76/Subject 1/Fall/14.mp4,Subject_1,1,subject1_fall_14,fall,1,1,0.014,2.274,train
GMDCSA24,/content/fall_detection_work/GMDCSA24/ekramalam-GMDCSA24-A-Dataset-for-Human-Fall-Detection-in-Videos-5abac76/Subject 1/Fall/15.mp4,Subject_1,1,subject1_fall_15,fall,1,1,0.26,3.62,train
GMDCSA24,/content/fall_detection_work/GMDCSA24/ekramalam-GMDCSA24-A-Dataset-for-Human-Fall-Detection-in-Videos-5abac76/Subject 1/ADL/02.mp4,Subject_1,1,subject1_adl_02,lie_down,5,0,0.4,2.58,train
GMDCSA24,/content/fall_detection_work/GMDCSA24/ekramalam-GMDCSA24-A-Dataset-for-Human-Fall-Detection-in-Videos-5abac76/Subject 1/ADL/03.mp4,Subject_1,1,subject1_adl_03,lie_down,5,0,0.4,1.9,train
GMDCSA24,/content/fall_detection_work/GMDCSA24/ekramalam-GMDCSA24-A-Dataset-for-Human-Fall-Detection-in-Videos-5abac76/Subject 1/ADL/14.mp4,Subject_1,1,subject1_adl_14,stand_up,7,0,0.44,1.62,train
GMDCSA24,/content/fall_detection_work/GMDCSA24/ekramalam-GMDCSA24-A-Dataset-for-Human-Fall-Detection-in-Videos-5abac76/Subject 1/ADL/01.mp4,Subject_1,1,subject1_adl_01,lie_down,5,0,0.5,2.8,train
GMDCSA24,/content/fall_detection_work/GMDCSA24/ekramalam-GMDCSA24-A-Dataset-for-Human-Fall-Detection-in-Videos-5abac76/Subject 1/Fall/11.mp4,Subject_1,1,subject1_fall_11,fall,1,1,0.52,2.7,train
GMDCSA24,/content/fall_detection_work/GMDCSA24/ekramalam-GMDCSA24-A-Dataset-for-Human-Fall-Detection-in-Videos-5abac76/Subject 1/ADL/13.mp4,Subject_1,1,subject1_adl_13,walk,0,0,0.64,2.52,train
GMDCSA24,/content/fall_detection_work/GMDCSA24/ekramalam-GMDCSA24-A-Dataset-for-Human-Fall-Detection-in-Videos-5abac76/Subject 1/Fall/09.mp4,Subject_1,1,subject1_fall_09,fall,1,1,0.64,2.16,train
GMDCSA24,/content/fall_detection_work/GMDCSA24/ekramalam-GMDCSA24-A-Dataset-for-Human-Fall-Detection-in-Videos-5abac76/Subject 1/ADL/06.mp4,Subject_1,1,subject1_adl_06,lie_down,5,0,0.7,3.1,train
GMDCSA24,/content/fall_detection_work/GMDCSA24/ekramalam-GMDCSA24-A-Dataset-for-Human-Fall-Detection-in-Videos-5abac76/Subject 1/Fall/04.mp4,Subject_1,1,subject1_fall_04,fall,1,1,0.72,3.06,train
GMDCSA24,/content/fall_detection_work/GMDCSA24/ekramalam-GMDCSA24-A-Dataset-for-Human-Fall-Detection-in-Videos-5abac76/Subject 1/Fall/10.mp4,Subject_1,1,subject1_fall_10,fall,1,1,0.72,2.34,train
GMDCSA24,/content/fall_detection_work/GMDCSA24/ekramalam-GMDCSA24-A-Dataset-for-Human-Fall-Detection-in-Videos-5abac76/Subject 1/Fall/08.mp4,Subject_1,1,subject1_fall_08,fall,1,1,0.76,2.4,train
GMDCSA24,/content/fall_detection_work/GMDCSA24/ekramalam-GMDCSA24-A-Dataset-for-Human-Fall-Detection-in-Videos-5abac76/Subject 1/Fall/03.mp4,Subject_1,1,subject1_fall_03,fall,1,1,0.8,3.28,train
GMDCSA24,/content/fall_detection_work/GMDCSA24/ekramalam-GMDCSA24-A-Dataset-for-Human-Fall-Detection-in-Videos-5abac76/Subject 1/ADL/05.mp4,Subject_1,1,subject1_adl_05,walk,0,0,1.0,2.08,train
GMDCSA24,/content/fall_detection_work/GMDCSA24/ekramalam-GMDCSA24-A-Dataset-for-Human-Fall-Detection-in-Videos-5abac76/Subject 1/Fall/07.mp4,Subject_1,1,subject1_fall_07,fall,1,1,1.0,2.74,train
GMDCSA24,/content/fall_detection_work/GMDCSA24/ekramalam-GMDCSA24-A-Dataset-for-Human-Fall-Detection-in-Videos-5abac76/Subject 1/ADL/04.mp4,Subject_1,1,subject1_adl_04,stand_up,7,0,1.14,3.58,train
GMDCSA24,/content/fall_detection_work/GMDCSA24/ekramalam-GMDCSA24-A-Dataset-for-Human-Fall-Detection-in-Videos-5abac76/Subject 1/Fall/02.mp4,Subject_1,1,subject1_fall_02,fall,1,1,1.14,2.78,train
GMDCSA24,/content/fall_detection_work/GMDCSA24/ekramalam-GMDCSA24-A-Dataset-for-Human-Fall-Detection-in-Videos-5abac76/Subject 1/ADL/15.mp4,Subject_1,1,subject1_adl_15,other,9,0,1.28,3.12,train
GMDCSA24,/content/fall_detection_work/GMDCSA24/ekramalam-GMDCSA24-A-Dataset-for-Human-Fall-Detection-in-Videos-5abac76/Subject 1/Fall/16.mp4,Subject_1,1,subject1_fall_16,fall,1,1,1.52,4.5,train
GMDCSA24,/content/fall_detection_work/GMDCSA24/ekramalam-GMDCSA24-A-Dataset-for-Human-Fall-Detection-in-Videos-5abac76/Subject 1/ADL/14.mp4,Subject_1,1,subject1_adl_14,walk,0,0,1.62,4.18,train
GMDCSA24,/content/fall_detection_work/GMDCSA24/ekramalam-GMDCSA24-A-Dataset-for-Human-Fall-Detection-in-Videos-5abac76/Subject 1/Fall/12.mp4,Subject_1,1,subject1_fall_12,fall,1,1,1.66,3.78,train
GMDCSA24,/content/fall_detection_work/GMDCSA24/ekramalam-GMDCSA24-A-Dataset-for-Human-Fall-Detection-in-Videos-5abac76/Subject 1/Fall/05.mp4,Subject_1,1,subject1_fall_05,fall,1,1,1.76,3.6,train
GMDCSA24,/content/fall_detection_work/GMDCSA24/ekramalam-GMDCSA24-A-Dataset-for-Human-Fall-Detection-in-Videos-5abac76/Subject 1/ADL/03.mp4,Subject_1,1,subject1_adl_03,lying,6,0,1.9,6.7,train
GMDCSA24,/content/fall_detection_work/GMDCSA24/ekramalam-GMDCSA24-A-Dataset-for-Human-Fall-Detection-in-Videos-5abac76/Subject 1/Fall/13.mp4,Subject_1,1,subject1_fall_13,fallen,2,1,1.92,4.32,train
GMDCSA24,/content/fall_detection_work/GMDCSA24/ekramalam-GMDCSA24-A-Dataset-for-Human-Fall-Detection-in-Videos-5abac76/Subject 1/ADL/11.mp4,Subject_1,1,subject1_adl_11,sit_down,3,0,1.94,3.9,train
GMDCSA24,/content/fall_detection_work/GMDCSA24/ekramalam-GMDCSA24-A-Dataset-for-Human-Fall-Detection-in-Videos-5abac76/Subject 1/ADL/05.mp4,Subject_1,1,subject1_adl_05,sit_down,3,0,2.08,3.78,train
GMDCSA24,/content/fall_detection_work/GMDCSA24/ekramalam-GMDCSA24-A-Dataset-for-Human-Fall-Detection-in-Videos-5abac76/Subject 1/Fall/09.mp4,Subject_1,1,subject1_fall_09,fallen,2,1,2.16,4.48,train
GMDCSA24,/content/fall_detection_work/GMDCSA24/ekramalam-GMDCSA24-A-Dataset-for-Human-Fall-Detection-in-Videos-5abac76/Subject 1/Fall/06.mp4,Subject_1,1,subject1_fall_06,fall,1,1,2.24,4.5,train
GMDCSA24,/content/fall_detection_work/GMDCSA24/ekramalam-GMDCSA24-A-Dataset-for-Human-Fall-Detection-in-Videos-5abac76/Subject 1/Fall/14.mp4,Subject_1,1,subject1_fall_14,fallen,2,1,2.274,5.694,train
GMDCSA24,/content/fall_detection_work/GMDCSA24/ekramalam-GMDCSA24-A-Dataset-for-Human-Fall-Detection-in-Videos-5abac76/Subject 1/Fall/01.mp4,Subject_1,1,subject1_fall_01,fall,1,1,2.28,4.42,train
GMDCSA24,/content/fall_detection_work/GMDCSA24/ekramalam-GMDCSA24-A-Dataset-for-Human-Fall-Detection-in-Videos-5abac76/Subject 1/Fall/10.mp4,Subject_1,1,subject1_fall_10,fallen,2,1,2.34,4.48,train
GMDCSA24,/content/fall_detection_work/GMDCSA24/ekramalam-GMDCSA24-A-Dataset-for-Human-Fall-Detection-in-Videos-5abac76/Subject 1/Fall/08.mp4,Subject_1,1,subject1_fall_08,fallen,2,1,2.4,4.34,train
GMDCSA24,/content/fall_detection_work/GMDCSA24/ekramalam-GMDCSA24-A-Dataset-for-Human-Fall-Detection-in-Videos-5abac76/Subject 1/ADL/13.mp4,Subject_1,1,subject1_adl_13,sit_down,3,0,2.52,3.86,train
GMDCSA24,/content/fall_detection_work/GMDCSA24/ekramalam-GMDCSA24-A-Dataset-for-Human-Fall-Detection-in-Videos-5abac76/Subject 1/ADL/02.mp4,Subject_1,1,subject1_adl_02,lying,6,0,2.58,6.68,train
GMDCSA24,/content/fall_detection_work/GMDCSA24/ekramalam-GMDCSA24-A-Dataset-for-Human-Fall-Detection-in-Videos-5abac76/Subject 1/ADL/12.mp4,Subject_1,1,subject1_adl_12,stand_up,7,0,2.58,4.0,train
GMDCSA24,/content/fall_detection_work/GMDCSA24/ekramalam-GMDCSA24-A-Dataset-for-Human-Fall-Detection-in-Videos-5abac76/Subject 1/Fall/11.mp4,Subject_1,1,subject1_fall_11,fallen,2,1,2.7,6.08,train
GMDCSA24,/content/fall_detection_work/GMDCSA24/ekramalam-GMDCSA24-A-Dataset-for-Human-Fall-Detection-in-Videos-5abac76/Subject 1/Fall/07.mp4,Subject_1,1,subject1_fall_07,fallen,2,1,2.74,5.14,train
GMDCSA24,/content/fall_detection_work/GMDCSA24/ekramalam-GMDCSA24-A-Dataset-for-Human-Fall-Detection-in-Videos-5abac76/Subject 1/Fall/02.mp4,Subject_1,1,subject1_fall_02,fallen,2,1,2.78,6.38,train
GMDCSA24,/content/fall_detection_work/GMDCSA24/ekramalam-GMDCSA24-A-Dataset-for-Human-Fall-Detection-in-Videos-5abac76/Subject 1/ADL/01.mp4,Subject_1,1,subject1_adl_01,lying,6,0,2.8,8.26,train
GMDCSA24,/content/fall_detection_work/GMDCSA24/ekramalam-GMDCSA24-A-Dataset-for-Human-Fall-Detection-in-Videos-5abac76/Subject 1/Fall/04.mp4,Subject_1,1,subject1_fall_04,fallen,2,1,3.06,4.98,train
GMDCSA24,/content/fall_detection_work/GMDCSA24/ekramalam-GMDCSA24-A-Dataset-for-Human-Fall-Detection-in-Videos-5abac76/Subject 1/ADL/06.mp4,Subject_1,1,subject1_adl_06,other,9,0,3.1,12.22,train
GMDCSA24,/content/fall_detection_work/GMDCSA24/ekramalam-GMDCSA24-A-Dataset-for-Human-Fall-Detection-in-Videos-5abac76/Subject 1/ADL/15.mp4,Subject_1,1,subject1_adl_15,sit_down,3,0,3.12,4.74,train
GMDCSA24,/content/fall_detection_work/GMDCSA24/ekramalam-GMDCSA24-A-Dataset-for-Human-Fall-Detection-in-Videos-5abac76/Subject 1/Fall/03.mp4,Subject_1,1,subject1_fall_03,fallen,2,1,3.28,5.92,train
GMDCSA24,/content/fall_detection_work/GMDCSA24/ekramalam-GMDCSA24-A-Dataset-for-Human-Fall-Detection-in-Videos-5abac76/Subject 1/ADL/04.mp4,Subject_1,1,subject1_adl_04,sitting,4,0,3.58,5.84,train
GMDCSA24,/content/fall_detection_work/GMDCSA24/ekramalam-GMDCSA24-A-Dataset-for-Human-Fall-Detection-in-Videos-5abac76/Subject 1/Fall/05.mp4,Subject_1,1,subject1_fall_05,fallen,2,1,3.6,5.84,train
GMDCSA24,/content/fall_detection_work/GMDCSA24/ekramalam-GMDCSA24-A-Dataset-for-Human-Fall-Detection-in-Videos-5abac76/Subject 1/Fall/15.mp4,Subject_1,1,subject1_fall_15,fallen,2,1,3.62,6.0,train
GMDCSA24,/content/fall_detection_work/GMDCSA24/ekramalam-GMDCSA24-A-Dataset-for-Human-Fall-Detection-in-Videos-5abac76/Subject 1/ADL/05.mp4,Subject_1,1,subject1_adl_05,other,9,0,3.78,10.54,train
GMDCSA24,/content/fall_detection_work/GMDCSA24/ekramalam-GMDCSA24-A-Dataset-for-Human-Fall-Detection-in-Videos-5abac76/Subject 1/Fall/12.mp4,Subject_1,1,subject1_fall_12,fallen,2,1,3.78,6.86,train
GMDCSA24,/content/fall_detection_work/GMDCSA24/ekramalam-GMDCSA24-A-Dataset-for-Human-Fall-Detection-in-Videos-5abac76/Subject 1/ADL/13.mp4,Subject_1,1,subject1_adl_13,sitting,4,0,3.86,6.3,train
GMDCSA24,/content/fall_detection_work/GMDCSA24/ekramalam-GMDCSA24-A-Dataset-for-Human-Fall-Detection-in-Videos-5abac76/Subject 1/ADL/11.mp4,Subject_1,1,subject1_adl_11,other,9,0,3.9,9.32,train
GMDCSA24,/content/fall_detection_work/GMDCSA24/ekramalam-GMDCSA24-A-Dataset-for-Human-Fall-Detection-in-Videos-5abac76/Subject 1/ADL/12.mp4,Subject_1,1,subject1_adl_12,other,9,0,4.0,5.28,train
GMDCSA24,/content/fall_detection_work/GMDCSA24/ekramalam-GMDCSA24-A-Dataset-for-Human-Fall-Detection-in-Videos-5abac76/Subject 1/ADL/14.mp4,Subject_1,1,subject1_adl_14,standing,8,0,4.18,5.86,train
GMDCSA24,/content/fall_detection_work/GMDCSA24/ekramalam-GMDCSA24-A-Dataset-for-Human-Fall-Detection-in-Videos-5abac76/Subject 1/Fall/01.mp4,Subject_1,1,subject1_fall_01,fallen,2,1,4.42,6.86,train
GMDCSA24,/content/fall_detection_work/GMDCSA24/ekramalam-GMDCSA24-A-Dataset-for-Human-Fall-Detection-in-Videos-5abac76/Subject 1/Fall/06.mp4,Subject_1,1,subject1_fall_06,fallen,2,1,4.5,5.68,train
GMDCSA24,/content/fall_detection_work/GMDCSA24/ekramalam-GMDCSA24-A-Dataset-for-Human-Fall-Detection-in-Videos-5abac76/Subject 1/Fall/16.mp4,Subject_1,1,subject1_fall_16,fallen,2,1,4.5,6.08,train
GMDCSA24,/content/fall_detection_work/GMDCSA24/ekramalam-GMDCSA24-A-Dataset-for-Human-Fall-Detection-in-Videos-5abac76/Subject 1/ADL/15.mp4,Subject_1,1,subject1_adl_15,sitting,4,0,4.74,7.16,train
GMDCSA24,/content/fall_detection_work/GMDCSA24/ekramalam-GMDCSA24-A-Dataset-for-Human-Fall-Detection-in-Videos-5abac76/Subject 1/ADL/12.mp4,Subject_1,1,subject1_adl_12,walk,0,0,5.28,7.32,train
GMDCSA24,/content/fall_detection_work/GMDCSA24/ekramalam-GMDCSA24-A-Dataset-for-Human-Fall-Detection-in-Videos-5abac76/Subject 2/ADL/01.mp4,Subject_2,1,subject2_adl_01,sitting,4,0,0.0,5.8,train
GMDCSA24,/content/fall_detection_work/GMDCSA24/ekramalam-GMDCSA24-A-Dataset-for-Human-Fall-Detection-in-Videos-5abac76/Subject 2/ADL/02.mp4,Subject_2,1,subject2_adl_02,sitting,4,0,0.0,11.84,train
GMDCSA24,/content/fall_detection_work/GMDCSA24/ekramalam-GMDCSA24-A-Dataset-for-Human-Fall-Detection-in-Videos-5abac76/Subject 2/ADL/03.mp4,Subject_2,1,subject2_adl_03,walk,0,0,0.0,0.62,train
GMDCSA24,/content/fall_detection_work/GMDCSA24/ekramalam-GMDCSA24-A-Dataset-for-Human-Fall-Detection-in-Videos-5abac76/Subject 2/ADL/04.mp4,Subject_2,1,subject2_adl_04,other,9,0,0.0,6.08,train
GMDCSA24,/content/fall_detection_work/GMDCSA24/ekramalam-GMDCSA24-A-Dataset-for-Human-Fall-Detection-in-Videos-5abac76/Subject 2/ADL/05.mp4,Subject_2,1,subject2_adl_05,sitting,4,0,0.0,1.98,train
GMDCSA24,/content/fall_detection_work/GMDCSA24/ekramalam-GMDCSA24-A-Dataset-for-Human-Fall-Detection-in-Videos-5abac76/Subject 2/ADL/06.mp4,Subject_2,1,subject2_adl_06,stand_up,7,0,0.0,0.46,train
GMDCSA24,/content/fall_detection_work/GMDCSA24/ekramalam-GMDCSA24-A-Dataset-for-Human-Fall-Detection-in-Videos-5abac76/Subject 2/ADL/07.mp4,Subject_2,1,subject2_adl_07,other,9,0,0.0,8.24,train
GMDCSA24,/content/fall_detection_work/GMDCSA24/ekramalam-GMDCSA24-A-Dataset-for-Human-Fall-Detection-in-Videos-5abac76/Subject 2/ADL/08.mp4,Subject_2,1,subject2_adl_08,other,9,0,0.0,11.02,train
GMDCSA24,/content/fall_detection_work/GMDCSA24/ekramalam-GMDCSA24-A-Dataset-for-Human-Fall-Detection-in-Videos-5abac76/Subject 2/ADL/09.mp4,Subject_2,1,subject2_adl_09,stand_up,7,0,0.0,0.98,train
GMDCSA24,/content/fall_detection_work/GMDCSA24/ekramalam-GMDCSA24-A-Dataset-for-Human-Fall-Detection-in-Videos-5abac76/Subject 2/ADL/10.mp4,Subject_2,1,subject2_adl_10,stand_up,7,0,0.0,0.96,train
GMDCSA24,/content/fall_detection_work/GMDCSA24/ekramalam-GMDCSA24-A-Dataset-for-Human-Fall-Detection-in-Videos-5abac76/Subject 2/ADL/11.mp4,Subject_2,1,subject2_adl_11,standing,8,0,0.0,3.98,train
GMDCSA24,/content/fall_detection_work/GMDCSA24/ekramalam-GMDCSA24-A-Dataset-for-Human-Fall-Detection-in-Videos-5abac76/Subject 2/ADL/12.mp4,Subject_2,1,subject2_adl_12,lie_down,5,0,0.0,5.52,train
GMDCSA24,/content/fall_detection_work/GMDCSA24/ekramalam-GMDCSA24-A-Dataset-for-Human-Fall-Detection-in-Videos-5abac76/Subject 2/ADL/13.mp4,Subject_2,1,subject2_adl_13,sit_down,3,0,0.0,2.6,train
GMDCSA24,/content/fall_detection_work/GMDCSA24/ekramalam-GMDCSA24-A-Dataset-for-Human-Fall-Detection-in-Videos-5abac76/Subject 2/ADL/14.mp4,Subject_2,1,subject2_adl_14,walk,0,0,0.0,3.28,train
GMDCSA24,/content/fall_detection_work/GMDCSA24/ekramalam-GMDCSA24-A-Dataset-for-Human-Fall-Detection-in-Videos-5abac76/Subject 2/ADL/15.mp4,Subject_2,1,subject2_adl_15,other,9,0,0.0,11.94,train
GMDCSA24,/content/fall_detection_work/GMDCSA24/ekramalam-GMDCSA24-A-Dataset-for-Human-Fall-Detection-in-Videos-5abac76/Subject 2/ADL/16.mp4,Subject_2,1,subject2_adl_16,other,9,0,0.0,7.78,train
GMDCSA24,/content/fall_detection_work/GMDCSA24/ekramalam-GMDCSA24-A-Dataset-for-Human-Fall-Detection-in-Videos-5abac76/Subject 2/ADL/18.mp4,Subject_2,1,subject2_adl_18,walk,0,0,0.0,1.0,train
GMDCSA24,/content/fall_detection_work/GMDCSA24/ekramalam-GMDCSA24-A-Dataset-for-Human-Fall-Detection-in-Videos-5abac76/Subject 2/ADL/19.mp4,Subject_2,1,subject2_adl_19,walk,0,0,0.0,0.62,train
GMDCSA24,/content/fall_detection_work/GMDCSA24/ekramalam-GMDCSA24-A-Dataset-for-Human-Fall-Detection-in-Videos-5abac76/Subject 2/ADL/22.mp4,Subject_2,1,subject2_adl_22,other,9,0,0.0,12.12,train
GMDCSA24,/content/fall_detection_work/GMDCSA24/ekramalam-GMDCSA24-A-Dataset-for-Human-Fall-Detection-in-Videos-5abac76/Subject 2/ADL/23.mp4,Subject_2,1,subject2_adl_23,sitting,4,0,0.0,7.28,train
GMDCSA24,/content/fall_detection_work/GMDCSA24/ekramalam-GMDCSA24-A-Dataset-for-Human-Fall-Detection-in-Videos-5abac76/Subject 2/Fall/02.mp4,Subject_2,1,subject2_fall_02,walk,0,0,0.0,2.6,train
GMDCSA24,/content/fall_detection_work/GMDCSA24/ekramalam-GMDCSA24-A-Dataset-for-Human-Fall-Detection-in-Videos-5abac76/Subject 2/Fall/04.mp4,Subject_2,1,subject2_fall_04,other,9,0,0.0,1.52,train
GMDCSA24,/content/fall_detection_work/GMDCSA24/ekramalam-GMDCSA24-A-Dataset-for-Human-Fall-Detection-in-Videos-5abac76/Subject 2/Fall/05.mp4,Subject_2,1,subject2_fall_05,walk,0,0,0.0,0.78,train
GMDCSA24,/content/fall_detection_work/GMDCSA24/ekramalam-GMDCSA24-A-Dataset-for-Human-Fall-Detection-in-Videos-5abac76/Subject 2/ADL/17.mp4,Subject_2,1,subject2_adl_17,stand_up,7,0,0.0,4.1,train
GMDCSA24,/content/fall_detection_work/GMDCSA24/ekramalam-GMDCSA24-A-Dataset-for-Human-Fall-Detection-in-Videos-5abac76/Subject 2/ADL/20.mp4,Subject_2,1,subject2_adl_20,other,9,0,0.0,3.38,train
GMDCSA24,/content/fall_detection_work/GMDCSA24/ekramalam-GMDCSA24-A-Dataset-for-Human-Fall-Detection-in-Videos-5abac76/Subject 2/ADL/21.mp4,Subject_2,1,subject2_adl_21,standing,8,0,0.0,0.64,train
GMDCSA24,/content/fall_detection_work/GMDCSA24/ekramalam-GMDCSA24-A-Dataset-for-Human-Fall-Detection-in-Videos-5abac76/Subject 2/Fall/01.mp4,Subject_2,1,subject2_fall_01,walk,0,0,0.0,0.58,train
GMDCSA24,/content/fall_detection_work/GMDCSA24/ekramalam-GMDCSA24-A-Dataset-for-Human-Fall-Detection-in-Videos-5abac76/Subject 2/Fall/03.mp4,Subject_2,1,subject2_fall_03,lie_down,5,0,0.0,1.76,train
GMDCSA24,/content/fall_detection_work/GMDCSA24/ekramalam-GMDCSA24-A-Dataset-for-Human-Fall-Detection-in-Videos-5abac76/Subject 2/Fall/06.mp4,Subject_2,1,subject2_fall_06,other,9,0,0.0,1.9,train
GMDCSA24,/content/fall_detection_work/GMDCSA24/ekramalam-GMDCSA24-A-Dataset-for-Human-Fall-Detection-in-Videos-5abac76/Subject 2/Fall/07.mp4,Subject_2,1,subject2_fall_07,other,9,0,0.0,1.78,train
GMDCSA24,/content/fall_detection_work/GMDCSA24/ekramalam-GMDCSA24-A-Dataset-for-Human-Fall-Detection-in-Videos-5abac76/Subject 2/Fall/08.mp4,Subject_2,1,subject2_fall_08,other,9,0,0.0,2.62,train
GMDCSA24,/content/fall_detection_work/GMDCSA24/ekramalam-GMDCSA24-A-Dataset-for-Human-Fall-Detection-in-Videos-5abac76/Subject 2/Fall/09.mp4,Subject_2,1,subject2_fall_09,walk,0,0,0.0,1.6,train
GMDCSA24,/content/fall_detection_work/GMDCSA24/ekramalam-GMDCSA24-A-Dataset-for-Human-Fall-Detection-in-Videos-5abac76/Subject 2/Fall/10.mp4,Subject_2,1,subject2_fall_10,walk,0,0,0.0,1.7,train
GMDCSA24,/content/fall_detection_work/GMDCSA24/ekramalam-GMDCSA24-A-Dataset-for-Human-Fall-Detection-in-Videos-5abac76/Subject 2/Fall/11.mp4,Subject_2,1,subject2_fall_11,walk,0,0,0.0,0.84,train
GMDCSA24,/content/fall_detection_work/GMDCSA24/ekramalam-GMDCSA24-A-Dataset-for-Human-Fall-Detection-in-Videos-5abac76/Subject 2/Fall/14.mp4,Subject_2,1,subject2_fall_14,standing,8,0,0.0,3.2,train
GMDCSA24,/content/fall_detection_work/GMDCSA24/ekramalam-GMDCSA24-A-Dataset-for-Human-Fall-Detection-in-Videos-5abac76/Subject 2/Fall/16.mp4,Subject_2,1,subject2_fall_16,walk,0,0,0.0,0.44,train
GMDCSA24,/content/fall_detection_work/GMDCSA24/ekramalam-GMDCSA24-A-Dataset-for-Human-Fall-Detection-in-Videos-5abac76/Subject 2/Fall/17.mp4,Subject_2,1,subject2_fall_17,walk,0,0,0.0,1.9,train
GMDCSA24,/content/fall_detection_work/GMDCSA24/ekramalam-GMDCSA24-A-Dataset-for-Human-Fall-Detection-in-Videos-5abac76/Subject 2/Fall/20.mp4,Subject_2,1,subject2_fall_20,other,9,0,0.0,6.96,train
GMDCSA24,/content/fall_detection_work/GMDCSA24/ekramalam-GMDCSA24-A-Dataset-for-Human-Fall-Detection-in-Videos-5abac76/Subject 2/Fall/21.mp4,Subject_2,1,subject2_fall_21,standing,8,0,0.0,4.9,train
GMDCSA24,/content/fall_detection_work/GMDCSA24/ekramalam-GMDCSA24-A-Dataset-for-Human-Fall-Detection-in-Videos-5abac76/Subject 2/Fall/22.mp4,Subject_2,1,subject2_fall_22,walk,0,0,0.0,0.9,train
GMDCSA24,/content/fall_detection_work/GMDCSA24/ekramalam-GMDCSA24-A-Dataset-for-Human-Fall-Detection-in-Videos-5abac76/Subject 2/Fall/23.mp4,Subject_2,1,subject2_fall_23,other,9,0,0.0,3.28,train
GMDCSA24,/content/fall_detection_work/GMDCSA24/ekramalam-GMDCSA24-A-Dataset-for-Human-Fall-Detection-in-Videos-5abac76/Subject 2/Fall/24.mp4,Subject_2,1,subject2_fall_24,sitting,4,0,0.0,1.24,train
GMDCSA24,/content/fall_detection_work/GMDCSA24/ekramalam-GMDCSA24-A-Dataset-for-Human-Fall-Detection-in-Videos-5abac76/Subject 2/Fall/12.mp4,Subject_2,1,subject2_fall_12,other,9,0,0.0,6.36,train
GMDCSA24,/content/fall_detection_work/GMDCSA24/ekramalam-GMDCSA24-A-Dataset-for-Human-Fall-Detection-in-Videos-5abac76/Subject 2/Fall/13.mp4,Subject_2,1,subject2_fall_13,other,9,0,0.0,1.0,train
GMDCSA24,/content/fall_detection_work/GMDCSA24/ekramalam-GMDCSA24-A-Dataset-for-Human-Fall-Detection-in-Videos-5abac76/Subject 2/Fall/15.mp4,Subject_2,1,subject2_fall_15,sitting,4,0,0.0,6.14,train
GMDCSA24,/content/fall_detection_work/GMDCSA24/ekramalam-GMDCSA24-A-Dataset-for-Human-Fall-Detection-in-Videos-5abac76/Subject 2/Fall/18.mp4,Subject_2,1,subject2_fall_18,other,9,0,0.0,7.32,train
GMDCSA24,/content/fall_detection_work/GMDCSA24/ekramalam-GMDCSA24-A-Dataset-for-Human-Fall-Detection-in-Videos-5abac76/Subject 2/Fall/19.mp4,Subject_2,1,subject2_fall_19,other,9,0,0.0,5.58,train
GMDCSA24,/content/fall_detection_work/GMDCSA24/ekramalam-GMDCSA24-A-Dataset-for-Human-Fall-Detection-in-Videos-5abac76/Subject 2/Fall/25.mp4,Subject_2,1,subject2_fall_25,other,9,0,0.0,2.06,train
GMDCSA24,/content/fall_detection_work/GMDCSA24/ekramalam-GMDCSA24-A-Dataset-for-Human-Fall-Detection-in-Videos-5abac76/Subject 2/Fall/16.mp4,Subject_2,1,subject2_fall_16,fall,1,1,0.44,1.92,train
GMDCSA24,/content/fall_detection_work/GMDCSA24/ekramalam-GMDCSA24-A-Dataset-for-Human-Fall-Detection-in-Videos-5abac76/Subject 2/ADL/06.mp4,Subject_2,1,subject2_adl_06,walk,0,0,0.46,1.36,train
GMDCSA24,/content/fall_detection_work/GMDCSA24/ekramalam-GMDCSA24-A-Dataset-for-Human-Fall-Detection-in-Videos-5abac76/Subject 2/Fall/01.mp4,Subject_2,1,subject2_fall_01,fall,1,1,0.58,4.04,train
GMDCSA24,/content/fall_detection_work/GMDCSA24/ekramalam-GMDCSA24-A-Dataset-for-Human-Fall-Detection-in-Videos-5abac76/Subject 2/ADL/03.mp4,Subject_2,1,subject2_adl_03,other,9,0,0.62,4.58,train
GMDCSA24,/content/fall_detection_work/GMDCSA24/ekramalam-GMDCSA24-A-Dataset-for-Human-Fall-Detection-in-Videos-5abac76/Subject 2/ADL/19.mp4,Subject_2,1,subject2_adl_19,sit_down,3,0,0.62,2.74,train
GMDCSA24,/content/fall_detection_work/GMDCSA24/ekramalam-GMDCSA24-A-Dataset-for-Human-Fall-Detection-in-Videos-5abac76/Subject 2/ADL/21.mp4,Subject_2,1,subject2_adl_21,other,9,0,0.64,5.34,train
GMDCSA24,/content/fall_detection_work/GMDCSA24/ekramalam-GMDCSA24-A-Dataset-for-Human-Fall-Detection-in-Videos-5abac76/Subject 2/Fall/05.mp4,Subject_2,1,subject2_fall_05,fall,1,1,0.78,3.28,train
GMDCSA24,/content/fall_detection_work/GMDCSA24/ekramalam-GMDCSA24-A-Dataset-for-Human-Fall-Detection-in-Videos-5abac76/Subject 2/Fall/11.mp4,Subject_2,1,subject2_fall_11,lie_down,5,0,0.84,3.74,train
GMDCSA24,/content/fall_detection_work/GMDCSA24/ekramalam-GMDCSA24-A-Dataset-for-Human-Fall-Detection-in-Videos-5abac76/Subject 2/Fall/22.mp4,Subject_2,1,subject2_fall_22,fall,1,1,0.9,2.46,train
GMDCSA24,/content/fall_detection_work/GMDCSA24/ekramalam-GMDCSA24-A-Dataset-for-Human-Fall-Detection-in-Videos-5abac76/Subject 2/ADL/10.mp4,Subject_2,1,subject2_adl_10,walk,0,0,0.96,4.78,train
GMDCSA24,/content/fall_detection_work/GMDCSA24/ekramalam-GMDCSA24-A-Dataset-for-Human-Fall-Detection-in-Videos-5abac76/Subject 2/ADL/09.mp4,Subject_2,1,subject2_adl_09,walk,0,0,0.98,3.14,train
GMDCSA24,/content/fall_detection_work/GMDCSA24/ekramalam-GMDCSA24-A-Dataset-for-Human-Fall-Detection-in-Videos-5abac76/Subject 2/ADL/18.mp4,Subject_2,1,subject2_adl_18,other,9,0,1.0,7.82,train
GMDCSA24,/content/fall_detection_work/GMDCSA24/ekramalam-GMDCSA24-A-Dataset-for-Human-Fall-Detection-in-Videos-5abac76/Subject 2/Fall/13.mp4,Subject_2,1,subject2_fall_13,walk,0,0,1.0,1.78,train
GMDCSA24,/content/fall_detection_work/GMDCSA24/ekramalam-GMDCSA24-A-Dataset-for-Human-Fall-Detection-in-Videos-5abac76/Subject 2/Fall/24.mp4,Subject_2,1,subject2_fall_24,stand_up,7,0,1.24,3.3,train
GMDCSA24,/content/fall_detection_work/GMDCSA24/ekramalam-GMDCSA24-A-Dataset-for-Human-Fall-Detection-in-Videos-5abac76/Subject 2/ADL/06.mp4,Subject_2,1,subject2_adl_06,other,9,0,1.36,5.08,train
GMDCSA24,/content/fall_detection_work/GMDCSA24/ekramalam-GMDCSA24-A-Dataset-for-Human-Fall-Detection-in-Videos-5abac76/Subject 2/Fall/04.mp4,Subject_2,1,subject2_fall_04,standing,8,0,1.52,2.88,train
GMDCSA24,/content/fall_detection_work/GMDCSA24/ekramalam-GMDCSA24-A-Dataset-for-Human-Fall-Detection-in-Videos-5abac76/Subject 2/Fall/09.mp4,Subject_2,1,subject2_fall_09,fall,1,1,1.6,3.78,train
GMDCSA24,/content/fall_detection_work/GMDCSA24/ekramalam-GMDCSA24-A-Dataset-for-Human-Fall-Detection-in-Videos-5abac76/Subject 2/Fall/10.mp4,Subject_2,1,subject2_fall_10,fall,1,1,1.7,4.18,train
GMDCSA24,/content/fall_detection_work/GMDCSA24/ekramalam-GMDCSA24-A-Dataset-for-Human-Fall-Detection-in-Videos-5abac76/Subject 2/Fall/03.mp4,Subject_2,1,subject2_fall_03,lying,6,0,1.76,7.04,train
GMDCSA24,/content/fall_detection_work/GMDCSA24/ekramalam-GMDCSA24-A-Dataset-for-Human-Fall-Detection-in-Videos-5abac76/Subject 2/Fall/07.mp4,Subject_2,1,subject2_fall_07,fall,1,1,1.78,3.48,train
GMDCSA24,/content/fall_detection_work/GMDCSA24/ekramalam-GMDCSA24-A-Dataset-for-Human-Fall-Detection-in-Videos-5abac76/Subject 2/Fall/13.mp4,Subject_2,1,subject2_fall_13,fall,1,1,1.78,5.2,train
GMDCSA24,/content/fall_detection_work/GMDCSA24/ekramalam-GMDCSA24-A-Dataset-for-Human-Fall-Detection-in-Videos-5abac76/Subject 2/Fall/06.mp4,Subject_2,1,subject2_fall_06,fall,1,1,1.9,4.08,train
GMDCSA24,/content/fall_detection_work/GMDCSA24/ekramalam-GMDCSA24-A-Dataset-for-Human-Fall-Detection-in-Videos-5abac76/Subject 2/Fall/17.mp4,Subject_2,1,subject2_fall_17,standing,8,0,1.9,2.16,train
GMDCSA24,/content/fall_detection_work/GMDCSA24/ekramalam-GMDCSA24-A-Dataset-for-Human-Fall-Detection-in-Videos-5abac76/Subject 2/Fall/16.mp4,Subject_2,1,subject2_fall_16,fallen,2,1,1.92,4.0,train
GMDCSA24,/content/fall_detection_work/GMDCSA24/ekramalam-GMDCSA24-A-Dataset-for-Human-Fall-Detection-in-Videos-5abac76/Subject 2/ADL/05.mp4,Subject_2,1,subject2_adl_05,stand_up,7,0,1.98,4.3,train
GMDCSA24,/content/fall_detection_work/GMDCSA24/ekramalam-GMDCSA24-A-Dataset-for-Human-Fall-Detection-in-Videos-5abac76/Subject 2/Fall/25.mp4,Subject_2,1,subject2_fall_25,standing,8,0,2.06,2.52,train
GMDCSA24,/content/fall_detection_work/GMDCSA24/ekramalam-GMDCSA24-A-Dataset-for-Human-Fall-Detection-in-Videos-5abac76/Subject 2/Fall/17.mp4,Subject_2,1,subject2_fall_17,fall,1,1,2.148,3.808,train
GMDCSA24,/content/fall_detection_work/GMDCSA24/ekramalam-GMDCSA24-A-Dataset-for-Human-Fall-Detection-in-Videos-5abac76/Subject 2/Fall/22.mp4,Subject_2,1,subject2_fall_22,fallen,2,1,2.46,5.2,train
GMDCSA24,/content/fall_detection_work/GMDCSA24/ekramalam-GMDCSA24-A-Dataset-for-Human-Fall-Detection-in-Videos-5abac76/Subject 2/Fall/25.mp4,Subject_2,1,subject2_fall_25,fall,1,1,2.52,4.26,train
GMDCSA24,/content/fall_detection_work/GMDCSA24/ekramalam-GMDCSA24-A-Dataset-for-Human-Fall-Detection-in-Videos-5abac76/Subject 2/ADL/13.mp4,Subject_2,1,subject2_adl_13,sitting,4,0,2.6,4.84,train
GMDCSA24,/content/fall_detection_work/GMDCSA24/ekramalam-GMDCSA24-A-Dataset-for-Human-Fall-Detection-in-Videos-5abac76/Subject 2/Fall/02.mp4,Subject_2,1,subject2_fall_02,fall,1,1,2.6,4.68,train
GMDCSA24,/content/fall_detection_work/GMDCSA24/ekramalam-GMDCSA24-A-Dataset-for-Human-Fall-Detection-in-Videos-5abac76/Subject 2/Fall/08.mp4,Subject_2,1,subject2_fall_08,fall,1,1,2.62,3.76,train
GMDCSA24,/content/fall_detection_work/GMDCSA24/ekramalam-GMDCSA24-A-Dataset-for-Human-Fall-Detection-in-Videos-5abac76/Subject 2/ADL/19.mp4,Subject_2,1,subject2_adl_19,other,9,0,2.74,11.34,train
GMDCSA24,/content/fall_detection_work/GMDCSA24/ekramalam-GMDCSA24-A-Dataset-for-Human-Fall-Detection-in-Videos-5abac76/Subject 2/Fall/04.mp4,Subject_2,1,subject2_fall_04,fall,1,1,2.88,6.4,train
GMDCSA24,/content/fall_detection_work/GMDCSA24/ekramalam-GMDCSA24-A-Dataset-for-Human-Fall-Detection-in-Videos-5abac76/Subject 2/ADL/09.mp4,Subject_2,1,subject2_adl_09,sit_down,3,0,3.14,6.76,train
GMDCSA24,/content/fall_detection_work/GMDCSA24/ekramalam-GMDCSA24-A-Dataset-for-Human-Fall-Detection-in-Videos-5abac76/Subject 2/Fall/14.mp4,Subject_2,1,subject2_fall_14,fall,1,1,3.2,5.44,train
GMDCSA24,/content/fall_detection_work/GMDCSA24/ekramalam-GMDCSA24-A-Dataset-for-Human-Fall-Detection-in-Videos-5abac76/Subject 2/ADL/14.mp4,Subject_2,1,subject2_adl_14,sit_down,3,0,3.28,8.28,train
GMDCSA24,/content/fall_detection_work/GMDCSA24/ekramalam-GMDCSA24-A-Dataset-for-Human-Fall-Detection-in-Videos-5abac76/Subject 2/Fall/05.mp4,Subject_2,1,subject2_fall_05,fallen,2,1,3.28,4.52,train
GMDCSA24,/content/fall_detection_work/GMDCSA24/ekramalam-GMDCSA24-A-Dataset-for-Human-Fall-Detection-in-Videos-5abac76/Subject 2/Fall/23.mp4,Subject_2,1,subject2_fall_23,fall,1,1,3.28,4.9,train
GMDCSA24,/content/fall_detection_work/GMDCSA24/ekramalam-GMDCSA24-A-Dataset-for-Human-Fall-Detection-in-Videos-5abac76/Subject 2/Fall/24.mp4,Subject_2,1,subject2_fall_24,fall,1,1,3.3,4.94,train
GMDCSA24,/content/fall_detection_work/GMDCSA24/ekramalam-GMDCSA24-A-Dataset-for-Human-Fall-Detection-in-Videos-5abac76/Subject 2/ADL/20.mp4,Subject_2,1,subject2_adl_20,sit_down,3,0,3.38,6.52,train
GMDCSA24,/content/fall_detection_work/GMDCSA24/ekramalam-GMDCSA24-A-Dataset-for-Human-Fall-Detection-in-Videos-5abac76/Subject 2/Fall/07.mp4,Subject_2,1,subject2_fall_07,fallen,2,1,3.48,4.52,train
GMDCSA24,/content/fall_detection_work/GMDCSA24/ekramalam-GMDCSA24-A-Dataset-for-Human-Fall-Detection-in-Videos-5abac76/Subject 2/Fall/11.mp4,Subject_2,1,subject2_fall_11,other,9,0,3.74,5.26,train
GMDCSA24,/content/fall_detection_work/GMDCSA24/ekramalam-GMDCSA24-A-Dataset-for-Human-Fall-Detection-in-Videos-5abac76/Subject 2/Fall/08.mp4,Subject_2,1,subject2_fall_08,fallen,2,1,3.76,6.08,train
GMDCSA24,/content/fall_detection_work/GMDCSA24/ekramalam-GMDCSA24-A-Dataset-for-Human-Fall-Detection-in-Videos-5abac76/Subject 2/Fall/09.mp4,Subject_2,1,subject2_fall_09,fallen,2,1,3.78,5.6,train
GMDCSA24,/content/fall_detection_work/GMDCSA24/ekramalam-GMDCSA24-A-Dataset-for-Human-Fall-Detection-in-Videos-5abac76/Subject 2/Fall/17.mp4,Subject_2,1,subject2_fall_17,fallen,2,1,3.808,6.488,train
GMDCSA24,/content/fall_detection_work/GMDCSA24/ekramalam-GMDCSA24-A-Dataset-for-Human-Fall-Detection-in-Videos-5abac76/Subject 2/ADL/11.mp4,Subject_2,1,subject2_adl_11,walk,0,0,3.98,6.18,train
GMDCSA24,/content/fall_detection_work/GMDCSA24/ekramalam-GMDCSA24-A-Dataset-for-Human-Fall-Detection-in-Videos-5abac76/Subject 2/Fall/01.mp4,Subject_2,1,subject2_fall_01,fallen,2,1,4.04,6.36,train
GMDCSA24,/content/fall_detection_work/GMDCSA24/ekramalam-GMDCSA24-A-Dataset-for-Human-Fall-Detection-in-Videos-5abac76/Subject 2/Fall/06.mp4,Subject_2,1,subject2_fall_06,fallen,2,1,4.08,6.5,train
GMDCSA24,/content/fall_detection_work/GMDCSA24/ekramalam-GMDCSA24-A-Dataset-for-Human-Fall-Detection-in-Videos-5abac76/Subject 2/ADL/17.mp4,Subject_2,1,subject2_adl_17,walk,0,0,4.1,5.94,train
GMDCSA24,/content/fall_detection_work/GMDCSA24/ekramalam-GMDCSA24-A-Dataset-for-Human-Fall-Detection-in-Videos-5abac76/Subject 2/Fall/10.mp4,Subject_2,1,subject2_fall_10,fallen,2,1,4.18,11.14,train
GMDCSA24,/content/fall_detection_work/GMDCSA24/ekramalam-GMDCSA24-A-Dataset-for-Human-Fall-Detection-in-Videos-5abac76/Subject 2/Fall/25.mp4,Subject_2,1,subject2_fall_25,fallen,2,1,4.26,7.32,train
GMDCSA24,/content/fall_detection_work/GMDCSA24/ekramalam-GMDCSA24-A-Dataset-for-Human-Fall-Detection-in-Videos-5abac76/Subject 2/ADL/05.mp4,Subject_2,1,subject2_adl_05,walk,0,0,4.3,5.66,train
GMDCSA24,/content/fall_detection_work/GMDCSA24/ekramalam-GMDCSA24-A-Dataset-for-Human-Fall-Detection-in-Videos-5abac76/Subject 2/ADL/03.mp4,Subject_2,1,subject2_adl_03,sit_down,3,0,4.58,6.7,train
GMDCSA24,/content/fall_detection_work/GMDCSA24/ekramalam-GMDCSA24-A-Dataset-for-Human-Fall-Detection-in-Videos-5abac76/Subject 2/Fall/02.mp4,Subject_2,1,subject2_fall_02,fallen,2,1,4.68,8.44,train
GMDCSA24,/content/fall_detection_work/GMDCSA24/ekramalam-GMDCSA24-A-Dataset-for-Human-Fall-Detection-in-Videos-5abac76/Subject 2/ADL/10.mp4,Subject_2,1,subject2_adl_10,other,9,0,4.78,6.68,train
GMDCSA24,/content/fall_detection_work/GMDCSA24/ekramalam-GMDCSA24-A-Dataset-for-Human-Fall-Detection-in-Videos-5abac76/Subject 2/Fall/21.mp4,Subject_2,1,subject2_fall_21,walk,0,0,4.9,6.1,train
GMDCSA24,/content/fall_detection_work/GMDCSA24/ekramalam-GMDCSA24-A-Dataset-for-Human-Fall-Detection-in-Videos-5abac76/Subject 2/Fall/23.mp4,Subject_2,1,subject2_fall_23,fallen,2,1,4.9,7.54,train
GMDCSA24,/content/fall_detection_work/GMDCSA24/ekramalam-GMDCSA24-A-Dataset-for-Human-Fall-Detection-in-Videos-5abac76/Subject 2/Fall/24.mp4,Subject_2,1,subject2_fall_24,fallen,2,1,4.94,7.12,train
GMDCSA24,/content/fall_detection_work/GMDCSA24/ekramalam-GMDCSA24-A-Dataset-for-Human-Fall-Detection-in-Videos-5abac76/Subject 2/ADL/06.mp4,Subject_2,1,subject2_adl_06,standing,8,0,5.08,6.08,train
GMDCSA24,/content/fall_detection_work/GMDCSA24/ekramalam-GMDCSA24-A-Dataset-for-Human-Fall-Detection-in-Videos-5abac76/Subject 2/Fall/13.mp4,Subject_2,1,subject2_fall_13,fallen,2,1,5.2,8.9,train
GMDCSA24,/content/fall_detection_work/GMDCSA24/ekramalam-GMDCSA24-A-Dataset-for-Human-Fall-Detection-in-Videos-5abac76/Subject 2/Fall/11.mp4,Subject_2,1,subject2_fall_11,fall,1,1,5.26,7.0,train
GMDCSA24,/content/fall_detection_work/GMDCSA24/ekramalam-GMDCSA24-A-Dataset-for-Human-Fall-Detection-in-Videos-5abac76/Subject 2/Fall/14.mp4,Subject_2,1,subject2_fall_14,fallen,2,1,5.44,11.22,train
GMDCSA24,/content/fall_detection_work/GMDCSA24/ekramalam-GMDCSA24-A-Dataset-for-Human-Fall-Detection-in-Videos-5abac76/Subject 2/ADL/12.mp4,Subject_2,1,subject2_adl_12,lying,6,0,5.52,7.62,train
GMDCSA24,/content/fall_detection_work/GMDCSA24/ekramalam-GMDCSA24-A-Dataset-for-Human-Fall-Detection-in-Videos-5abac76/Subject 2/Fall/19.mp4,Subject_2,1,subject2_fall_19,standing,8,0,5.58,7.6,train
GMDCSA24,/content/fall_detection_work/GMDCSA24/ekramalam-GMDCSA24-A-Dataset-for-Human-Fall-Detection-in-Videos-5abac76/Subject 2/ADL/05.mp4,Subject_2,1,subject2_adl_05,other,9,0,5.66,7.5,train
GMDCSA24,/content/fall_detection_work/GMDCSA24/ekramalam-GMDCSA24-A-Dataset-for-Human-Fall-Detection-in-Videos-5abac76/Subject 2/ADL/01.mp4,Subject_2,1,subject2_adl_01,stand_up,7,0,5.8,7.9,train
GMDCSA24,/content/fall_detection_work/GMDCSA24/ekramalam-GMDCSA24-A-Dataset-for-Human-Fall-Detection-in-Videos-5abac76/Subject 2/ADL/17.mp4,Subject_2,1,subject2_adl_17,other,9,0,5.94,11.66,train
GMDCSA24,/content/fall_detection_work/GMDCSA24/ekramalam-GMDCSA24-A-Dataset-for-Human-Fall-Detection-in-Videos-5abac76/Subject 2/ADL/04.mp4,Subject_2,1,subject2_adl_04,standing,8,0,6.08,7.86,train
GMDCSA24,/content/fall_detection_work/GMDCSA24/ekramalam-GMDCSA24-A-Dataset-for-Human-Fall-Detection-in-Videos-5abac76/Subject 2/ADL/06.mp4,Subject_2,1,subject2_adl_06,walk,0,0,6.08,8.76,train
GMDCSA24,/content/fall_detection_work/GMDCSA24/ekramalam-GMDCSA24-A-Dataset-for-Human-Fall-Detection-in-Videos-5abac76/Subject 2/Fall/15.mp4,Subject_2,1,subject2_fall_15,fall,1,1,6.14,9.54,train
GMDCSA24,/content/fall_detection_work/GMDCSA24/ekramalam-GMDCSA24-A-Dataset-for-Human-Fall-Detection-in-Videos-5abac76/Subject 2/ADL/11.mp4,Subject_2,1,subject2_adl_11,other,9,0,6.18,7.94,train
GMDCSA24,/content/fall_detection_work/GMDCSA24/ekramalam-GMDCSA24-A-Dataset-for-Human-Fall-Detection-in-Videos-5abac76/Subject 2/Fall/21.mp4,Subject_2,1,subject2_fall_21,fall,1,1,6.2,7.4,train
GMDCSA24,/content/fall_detection_work/GMDCSA24/ekramalam-GMDCSA24-A-Dataset-for-Human-Fall-Detection-in-Videos-5abac76/Subject 2/Fall/12.mp4,Subject_2,1,subject2_fall_12,fall,1,1,6.36,9.16,train
GMDCSA24,/content/fall_detection_work/GMDCSA24/ekramalam-GMDCSA24-A-Dataset-for-Human-Fall-Detection-in-Videos-5abac76/Subject 2/Fall/04.mp4,Subject_2,1,subject2_fall_04,fallen,2,1,6.4,10.22,train
GMDCSA24,/content/fall_detection_work/GMDCSA24/ekramalam-GMDCSA24-A-Dataset-for-Human-Fall-Detection-in-Videos-5abac76/Subject 2/ADL/20.mp4,Subject_2,1,subject2_adl_20,other,9,0,6.52,10.22,train
GMDCSA24,/content/fall_detection_work/GMDCSA24/ekramalam-GMDCSA24-A-Dataset-for-Human-Fall-Detection-in-Videos-5abac76/Subject 2/ADL/21.mp4,Subject_2,1,subject2_adl_21,walk,0,0,6.6,10.52,train
GMDCSA24,/content/fall_detection_work/GMDCSA24/ekramalam-GMDCSA24-A-Dataset-for-Human-Fall-Detection-in-Videos-5abac76/Subject 2/ADL/10.mp4,Subject_2,1,subject2_adl_10,standing,8,0,6.68,7.573,train
GMDCSA24,/content/fall_detection_work/GMDCSA24/ekramalam-GMDCSA24-A-Dataset-for-Human-Fall-Detection-in-Videos-5abac76/Subject 2/ADL/03.mp4,Subject_2,1,subject2_adl_03,lie_down,5,0,6.7,10.5,train
GMDCSA24,/content/fall_detection_work/GMDCSA24/ekramalam-GMDCSA24-A-Dataset-for-Human-Fall-Detection-in-Videos-5abac76/Subject 2/ADL/09.mp4,Subject_2,1,subject2_adl_09,sitting,4,0,6.76,10.96,train
GMDCSA24,/content/fall_detection_work/GMDCSA24/ekramalam-GMDCSA24-A-Dataset-for-Human-Fall-Detection-in-Videos-5abac76/Subject 2/Fall/20.mp4,Subject_2,1,subject2_fall_20,fall,1,1,6.96,9.48,train
GMDCSA24,/content/fall_detection_work/GMDCSA24/ekramalam-GMDCSA24-A-Dataset-for-Human-Fall-Detection-in-Videos-5abac76/Subject 2/Fall/11.mp4,Subject_2,1,subject2_fall_11,fallen,2,1,7.0,10.58,train
GMDCSA24,/content/fall_detection_work/GMDCSA24/ekramalam-GMDCSA24-A-Dataset-for-Human-Fall-Detection-in-Videos-5abac76/Subject 2/Fall/18.mp4,Subject_2,1,subject2_fall_18,standing,8,0,7.32,9.46,train
GMDCSA24,/content/fall_detection_work/GMDCSA24/ekramalam-GMDCSA24-A-Dataset-for-Human-Fall-Detection-in-Videos-5abac76/Subject 2/Fall/21.mp4,Subject_2,1,subject2_fall_21,fallen,2,1,7.4,9.5,train
GMDCSA24,/content/fall_detection_work/GMDCSA24/ekramalam-GMDCSA24-A-Dataset-for-Human-Fall-Detection-in-Videos-5abac76/Subject 2/ADL/05.mp4,Subject_2,1,subject2_adl_05,walk,0,0,7.5,10.38,train
GMDCSA24,/content/fall_detection_work/GMDCSA24/ekramalam-GMDCSA24-A-Dataset-for-Human-Fall-Detection-in-Videos-5abac76/Subject 2/Fall/19.mp4,Subject_2,1,subject2_fall_19,fall,1,1,7.6,9.7,train
GMDCSA24,/content/fall_detection_work/GMDCSA24/ekramalam-GMDCSA24-A-Dataset-for-Human-Fall-Detection-in-Videos-5abac76/Subject 2/ADL/16.mp4,Subject_2,1,subject2_adl_16,lie_down,5,0,7.78,10.24,train
GMDCSA24,/content/fall_detection_work/GMDCSA24/ekramalam-GMDCSA24-A-Dataset-for-Human-Fall-Detection-in-Videos-5abac76/Subject 2/ADL/18.mp4,Subject_2,1,subject2_adl_18,standing,8,0,7.82,11.66,train
GMDCSA24,/content/fall_detection_work/GMDCSA24/ekramalam-GMDCSA24-A-Dataset-for-Human-Fall-Detection-in-Videos-5abac76/Subject 2/ADL/01.mp4,Subject_2,1,subject2_adl_01,walk,0,0,7.9,11.4,train
GMDCSA24,/content/fall_detection_work/GMDCSA24/ekramalam-GMDCSA24-A-Dataset-for-Human-Fall-Detection-in-Videos-5abac76/Subject 2/ADL/11.mp4,Subject_2,1,subject2_adl_11,standing,8,0,7.94,10.0,train
GMDCSA24,/content/fall_detection_work/GMDCSA24/ekramalam-GMDCSA24-A-Dataset-for-Human-Fall-Detection-in-Videos-5abac76/Subject 2/ADL/07.mp4,Subject_2,1,subject2_adl_07,standing,8,0,8.24,13.0,train
GMDCSA24,/content/fall_detection_work/GMDCSA24/ekramalam-GMDCSA24-A-Dataset-for-Human-Fall-Detection-in-Videos-5abac76/Subject 2/ADL/14.mp4,Subject_2,1,subject2_adl_14,sitting,4,0,8.28,11.04,train
GMDCSA24,/content/fall_detection_work/GMDCSA24/ekramalam-GMDCSA24-A-Dataset-for-Human-Fall-Detection-in-Videos-5abac76/Subject 2/ADL/06.mp4,Subject_2,1,subject2_adl_06,sit_down,3,0,8.76,10.74,train
GMDCSA24,/content/fall_detection_work/GMDCSA24/ekramalam-GMDCSA24-A-Dataset-for-Human-Fall-Detection-in-Videos-5abac76/Subject 2/Fall/12.mp4,Subject_2,1,subject2_fall_12,fallen,2,1,9.16,12.24,train
GMDCSA24,/content/fall_detection_work/GMDCSA24/ekramalam-GMDCSA24-A-Dataset-for-Human-Fall-Detection-in-Videos-5abac76/Subject 2/Fall/18.mp4,Subject_2,1,subject2_fall_18,fall,1,1,9.46,11.16,train
GMDCSA24,/content/fall_detection_work/GMDCSA24/ekramalam-GMDCSA24-A-Dataset-for-Human-Fall-Detection-in-Videos-5abac76/Subject 2/Fall/20.mp4,Subject_2,1,subject2_fall_20,fallen,2,1,9.48,11.46,train
GMDCSA24,/content/fall_detection_work/GMDCSA24/ekramalam-GMDCSA24-A-Dataset-for-Human-Fall-Detection-in-Videos-5abac76/Subject 2/Fall/15.mp4,Subject_2,1,subject2_fall_15,fallen,2,1,9.54,11.66,train
GMDCSA24,/content/fall_detection_work/GMDCSA24/ekramalam-GMDCSA24-A-Dataset-for-Human-Fall-Detection-in-Videos-5abac76/Subject 2/Fall/19.mp4,Subject_2,1,subject2_fall_19,fallen,2,1,9.7,15.52,train
GMDCSA24,/content/fall_detection_work/GMDCSA24/ekramalam-GMDCSA24-A-Dataset-for-Human-Fall-Detection-in-Videos-5abac76/Subject 2/ADL/20.mp4,Subject_2,1,subject2_adl_20,sitting,4,0,10.22,11.66,train
GMDCSA24,/content/fall_detection_work/GMDCSA24/ekramalam-GMDCSA24-A-Dataset-for-Human-Fall-Detection-in-Videos-5abac76/Subject 2/ADL/16.mp4,Subject_2,1,subject2_adl_16,lying,6,0,10.24,11.6,train
GMDCSA24,/content/fall_detection_work/GMDCSA24/ekramalam-GMDCSA24-A-Dataset-for-Human-Fall-Detection-in-Videos-5abac76/Subject 2/ADL/05.mp4,Subject_2,1,subject2_adl_05,sit_down,3,0,10.38,10.823,train
GMDCSA24,/content/fall_detection_work/GMDCSA24/ekramalam-GMDCSA24-A-Dataset-for-Human-Fall-Detection-in-Videos-5abac76/Subject 2/ADL/03.mp4,Subject_2,1,subject2_adl_03,lying,6,0,10.5,11.94,train
GMDCSA24,/content/fall_detection_work/GMDCSA24/ekramalam-GMDCSA24-A-Dataset-for-Human-Fall-Detection-in-Videos-5abac76/Subject 2/ADL/08.mp4,Subject_2,1,subject2_adl_08,standing,8,0,11.02,13.66,train
GMDCSA24,/content/fall_detection_work/GMDCSA24/ekramalam-GMDCSA24-A-Dataset-for-Human-Fall-Detection-in-Videos-5abac76/Subject 2/Fall/18.mp4,Subject_2,1,subject2_fall_18,fallen,2,1,11.16,11.553,train
GMDCSA24,/content/fall_detection_work/GMDCSA24/ekramalam-GMDCSA24-A-Dataset-for-Human-Fall-Detection-in-Videos-5abac76/Subject 3/ADL/21.mp4,Subject_3,1,subject3_adl_21,other,9,0,0.0,5.54931,val
GMDCSA24,/content/fall_detection_work/GMDCSA24/ekramalam-GMDCSA24-A-Dataset-for-Human-Fall-Detection-in-Videos-5abac76/Subject 3/ADL/22.mp4,Subject_3,1,subject3_adl_22,sitting,4,0,0.0,9.0,val
GMDCSA24,/content/fall_detection_work/GMDCSA24/ekramalam-GMDCSA24-A-Dataset-for-Human-Fall-Detection-in-Videos-5abac76/Subject 3/Fall/01.mp4,Subject_3,1,subject3_fall_01,fall,1,1,0.0,1.73681,val
GMDCSA24,/content/fall_detection_work/GMDCSA24/ekramalam-GMDCSA24-A-Dataset-for-Human-Fall-Detection-in-Videos-5abac76/Subject 3/Fall/02.mp4,Subject_3,1,subject3_fall_02,walk,0,0,0.0,1.3,val
GMDCSA24,/content/fall_detection_work/GMDCSA24/ekramalam-GMDCSA24-A-Dataset-for-Human-Fall-Detection-in-Videos-5abac76/Subject 3/Fall/03.mp4,Subject_3,1,subject3_fall_03,standing,8,0,0.0,1.34097,val
GMDCSA24,/content/fall_detection_work/GMDCSA24/ekramalam-GMDCSA24-A-Dataset-for-Human-Fall-Detection-in-Videos-5abac76/Subject 3/Fall/04.mp4,Subject_3,1,subject3_fall_04,walk,0,0,0.0,1.2,val
GMDCSA24,/content/fall_detection_work/GMDCSA24/ekramalam-GMDCSA24-A-Dataset-for-Human-Fall-Detection-in-Videos-5abac76/Subject 3/Fall/05.mp4,Subject_3,1,subject3_fall_05,standing,8,0,0.0,3.0,val
GMDCSA24,/content/fall_detection_work/GMDCSA24/ekramalam-GMDCSA24-A-Dataset-for-Human-Fall-Detection-in-Videos-5abac76/Subject 3/Fall/06.mp4,Subject_3,1,subject3_fall_06,fall,1,1,0.0,1.697,val
GMDCSA24,/content/fall_detection_work/GMDCSA24/ekramalam-GMDCSA24-A-Dataset-for-Human-Fall-Detection-in-Videos-5abac76/Subject 3/Fall/07.mp4,Subject_3,1,subject3_fall_07,standing,8,0,0.0,1.0,val
GMDCSA24,/content/fall_detection_work/GMDCSA24/ekramalam-GMDCSA24-A-Dataset-for-Human-Fall-Detection-in-Videos-5abac76/Subject 3/Fall/08.mp4,Subject_3,1,subject3_fall_08,fall,1,1,0.0,2.61181,val
GMDCSA24,/content/fall_detection_work/GMDCSA24/ekramalam-GMDCSA24-A-Dataset-for-Human-Fall-Detection-in-Videos-5abac76/Subject 3/Fall/09.mp4,Subject_3,1,subject3_fall_09,sitting,4,0,0.0,3.4,val
GMDCSA24,/content/fall_detection_work/GMDCSA24/ekramalam-GMDCSA24-A-Dataset-for-Human-Fall-Detection-in-Videos-5abac76/Subject 3/Fall/11.mp4,Subject_3,1,subject3_fall_11,standing,8,0,0.0,2.65347,val
GMDCSA24,/content/fall_detection_work/GMDCSA24/ekramalam-GMDCSA24-A-Dataset-for-Human-Fall-Detection-in-Videos-5abac76/Subject 3/Fall/13.mp4,Subject_3,1,subject3_fall_13,sitting,4,0,0.0,1.17431,val
GMDCSA24,/content/fall_detection_work/GMDCSA24/ekramalam-GMDCSA24-A-Dataset-for-Human-Fall-Detection-in-Videos-5abac76/Subject 3/Fall/14.mp4,Subject_3,1,subject3_fall_14,walk,0,0,0.0,4.6,val
GMDCSA24,/content/fall_detection_work/GMDCSA24/ekramalam-GMDCSA24-A-Dataset-for-Human-Fall-Detection-in-Videos-5abac76/Subject 3/Fall/15.mp4,Subject_3,1,subject3_fall_15,standing,8,0,0.0,1.8,val
GMDCSA24,/content/fall_detection_work/GMDCSA24/ekramalam-GMDCSA24-A-Dataset-for-Human-Fall-Detection-in-Videos-5abac76/Subject 3/Fall/16.mp4,Subject_3,1,subject3_fall_16,walk,0,0,0.0,1.7,val
GMDCSA24,/content/fall_detection_work/GMDCSA24/ekramalam-GMDCSA24-A-Dataset-for-Human-Fall-Detection-in-Videos-5abac76/Subject 3/Fall/17.mp4,Subject_3,1,subject3_fall_17,sitting,4,0,0.0,1.4,val
GMDCSA24,/content/fall_detection_work/GMDCSA24/ekramalam-GMDCSA24-A-Dataset-for-Human-Fall-Detection-in-Videos-5abac76/Subject 3/Fall/18.mp4,Subject_3,1,subject3_fall_18,sitting,4,0,0.0,2.36181,val
GMDCSA24,/content/fall_detection_work/GMDCSA24/ekramalam-GMDCSA24-A-Dataset-for-Human-Fall-Detection-in-Videos-5abac76/Subject 3/Fall/12.mp4,Subject_3,1,subject3_fall_12,other,9,0,0.0,1.65347,val
GMDCSA24,/content/fall_detection_work/GMDCSA24/ekramalam-GMDCSA24-A-Dataset-for-Human-Fall-Detection-in-Videos-5abac76/Subject 3/Fall/19.mp4,Subject_3,1,subject3_fall_19,standing,8,0,0.0,1.9,val
GMDCSA24,/content/fall_detection_work/GMDCSA24/ekramalam-GMDCSA24-A-Dataset-for-Human-Fall-Detection-in-Videos-5abac76/Subject 3/Fall/20.mp4,Subject_3,1,subject3_fall_20,walk,0,0,0.0,2.2,val
GMDCSA24,/content/fall_detection_work/GMDCSA24/ekramalam-GMDCSA24-A-Dataset-for-Human-Fall-Detection-in-Videos-5abac76/Subject 3/ADL/01.mp4,Subject_3,1,subject3_adl_01,sitting,4,0,0.0,8.75064,val
GMDCSA24,/content/fall_detection_work/GMDCSA24/ekramalam-GMDCSA24-A-Dataset-for-Human-Fall-Detection-in-Videos-5abac76/Subject 3/ADL/02.mp4,Subject_3,1,subject3_adl_02,other,9,0,0.0,9.12847,val
GMDCSA24,/content/fall_detection_work/GMDCSA24/ekramalam-GMDCSA24-A-Dataset-for-Human-Fall-Detection-in-Videos-5abac76/Subject 3/ADL/03.mp4,Subject_3,1,subject3_adl_03,lying,6,0,0.0,0.36181,val
GMDCSA24,/content/fall_detection_work/GMDCSA24/ekramalam-GMDCSA24-A-Dataset-for-Human-Fall-Detection-in-Videos-5abac76/Subject 3/ADL/05.mp4,Subject_3,1,subject3_adl_05,other,9,0,0.0,5.16,val
GMDCSA24,/content/fall_detection_work/GMDCSA24/ekramalam-GMDCSA24-A-Dataset-for-Human-Fall-Detection-in-Videos-5abac76/Subject 3/ADL/06.mp4,Subject_3,1,subject3_adl_06,other,9,0,0.0,5.1,val
GMDCSA24,/content/fall_detection_work/GMDCSA24/ekramalam-GMDCSA24-A-Dataset-for-Human-Fall-Detection-in-Videos-5abac76/Subject 3/ADL/09.mp4,Subject_3,1,subject3_adl_09,stand_up,7,0,0.0,7.77514,val
GMDCSA24,/content/fall_detection_work/GMDCSA24/ekramalam-GMDCSA24-A-Dataset-for-Human-Fall-Detection-in-Videos-5abac76/Subject 3/ADL/11.mp4,Subject_3,1,subject3_adl_11,walk,0,0,0.0,2.7,val
GMDCSA24,/content/fall_detection_work/GMDCSA24/ekramalam-GMDCSA24-A-Dataset-for-Human-Fall-Detection-in-Videos-5abac76/Subject 3/ADL/15.mp4,Subject_3,1,subject3_adl_15,sitting,4,0,0.0,7.68,val
GMDCSA24,/content/fall_detection_work/GMDCSA24/ekramalam-GMDCSA24-A-Dataset-for-Human-Fall-Detection-in-Videos-5abac76/Subject 3/ADL/16.mp4,Subject_3,1,subject3_adl_16,sitting,4,0,0.0,10.26,val
GMDCSA24,/content/fall_detection_work/GMDCSA24/ekramalam-GMDCSA24-A-Dataset-for-Human-Fall-Detection-in-Videos-5abac76/Subject 3/ADL/17.mp4,Subject_3,1,subject3_adl_17,sitting,4,0,0.0,1.50764,val
GMDCSA24,/content/fall_detection_work/GMDCSA24/ekramalam-GMDCSA24-A-Dataset-for-Human-Fall-Detection-in-Videos-5abac76/Subject 3/ADL/18.mp4,Subject_3,1,subject3_adl_18,walk,0,0,0.0,0.5,val
GMDCSA24,/content/fall_detection_work/GMDCSA24/ekramalam-GMDCSA24-A-Dataset-for-Human-Fall-Detection-in-Videos-5abac76/Subject 3/ADL/20.mp4,Subject_3,1,subject3_adl_20,sitting,4,0,0.0,9.34097,val
GMDCSA24,/content/fall_detection_work/GMDCSA24/ekramalam-GMDCSA24-A-Dataset-for-Human-Fall-Detection-in-Videos-5abac76/Subject 3/ADL/04.mp4,Subject_3,1,subject3_adl_04,other,9,0,0.0,3.17431,val
GMDCSA24,/content/fall_detection_work/GMDCSA24/ekramalam-GMDCSA24-A-Dataset-for-Human-Fall-Detection-in-Videos-5abac76/Subject 3/ADL/08.mp4,Subject_3,1,subject3_adl_08,lie_down,5,0,0.0,3.71597,val
GMDCSA24,/content/fall_detection_work/GMDCSA24/ekramalam-GMDCSA24-A-Dataset-for-Human-Fall-Detection-in-Videos-5abac76/Subject 3/ADL/13.mp4,Subject_3,1,subject3_adl_13,sit_down,3,0,0.0,2.25764,val
GMDCSA24,/content/fall_detection_work/GMDCSA24/ekramalam-GMDCSA24-A-Dataset-for-Human-Fall-Detection-in-Videos-5abac76/Subject 3/Fall/21.mp4,Subject_3,1,subject3_fall_21,other,9,0,0.173,1.21597,val
GMDCSA24,/content/fall_detection_work/GMDCSA24/ekramalam-GMDCSA24-A-Dataset-for-Human-Fall-Detection-in-Videos-5abac76/Subject 3/ADL/07.mp4,Subject_3,1,subject3_adl_07,other,9,0,0.176,1.67958,val
GMDCSA24,/content/fall_detection_work/GMDCSA24/ekramalam-GMDCSA24-A-Dataset-for-Human-Fall-Detection-in-Videos-5abac76/Subject 3/ADL/10.mp4,Subject_3,1,subject3_adl_10,walk,0,0,0.193,2.341,val
GMDCSA24,/content/fall_detection_work/GMDCSA24/ekramalam-GMDCSA24-A-Dataset-for-Human-Fall-Detection-in-Videos-5abac76/Subject 3/Fall/10.mp4,Subject_3,1,subject3_fall_10,other,9,0,0.214,1.67431,val
GMDCSA24,/content/fall_detection_work/GMDCSA24/ekramalam-GMDCSA24-A-Dataset-for-Human-Fall-Detection-in-Videos-5abac76/Subject 3/ADL/14.mp4,Subject_3,1,subject3_adl_14,sit_down,3,0,0.246,2.48681,val
GMDCSA24,/content/fall_detection_work/GMDCSA24/ekramalam-GMDCSA24-A-Dataset-for-Human-Fall-Detection-in-Videos-5abac76/Subject 3/ADL/19.mp4,Subject_3,1,subject3_adl_19,other,9,0,0.255,1.82014,val
GMDCSA24,/content/fall_detection_work/GMDCSA24/ekramalam-GMDCSA24-A-Dataset-for-Human-Fall-Detection-in-Videos-5abac76/Subject 3/ADL/12.mp4,Subject_3,1,subject3_adl_12,sit_down,3,0,0.322,2.88264,val
GMDCSA24,/content/fall_detection_work/GMDCSA24/ekramalam-GMDCSA24-A-Dataset-for-Human-Fall-Detection-in-Videos-5abac76/Subject 3/ADL/03.mp4,Subject_3,1,subject3_adl_03,stand_up,7,0,0.362,3.82014,val
GMDCSA24,/content/fall_detection_work/GMDCSA24/ekramalam-GMDCSA24-A-Dataset-for-Human-Fall-Detection-in-Videos-5abac76/Subject 3/ADL/18.mp4,Subject_3,1,subject3_adl_18,sit_down,3,0,0.6,1.90347,val
GMDCSA24,/content/fall_detection_work/GMDCSA24/ekramalam-GMDCSA24-A-Dataset-for-Human-Fall-Detection-in-Videos-5abac76/Subject 3/Fall/07.mp4,Subject_3,1,subject3_fall_07,fall,1,1,1.0,3.86181,val
GMDCSA24,/content/fall_detection_work/GMDCSA24/ekramalam-GMDCSA24-A-Dataset-for-Human-Fall-Detection-in-Videos-5abac76/Subject 3/Fall/13.mp4,Subject_3,1,subject3_fall_13,fall,1,1,1.174,2.57014,val
GMDCSA24,/content/fall_detection_work/GMDCSA24/ekramalam-GMDCSA24-A-Dataset-for-Human-Fall-Detection-in-Videos-5abac76/Subject 3/Fall/04.mp4,Subject_3,1,subject3_fall_04,fall,1,1,1.2,2.88264,val
GMDCSA24,/content/fall_detection_work/GMDCSA24/ekramalam-GMDCSA24-A-Dataset-for-Human-Fall-Detection-in-Videos-5abac76/Subject 3/Fall/21.mp4,Subject_3,1,subject3_fall_21,standing,8,0,1.216,3.00764,val
GMDCSA24,/content/fall_detection_work/GMDCSA24/ekramalam-GMDCSA24-A-Dataset-for-Human-Fall-Detection-in-Videos-5abac76/Subject 3/Fall/02.mp4,Subject_3,1,subject3_fall_02,standing,8,0,1.3,2.2,val
GMDCSA24,/content/fall_detection_work/GMDCSA24/ekramalam-GMDCSA24-A-Dataset-for-Human-Fall-Detection-in-Videos-5abac76/Subject 3/Fall/03.mp4,Subject_3,1,subject3_fall_03,fall,1,1,1.341,4.09097,val
GMDCSA24,/content/fall_detection_work/GMDCSA24/ekramalam-GMDCSA24-A-Dataset-for-Human-Fall-Detection-in-Videos-5abac76/Subject 3/Fall/17.mp4,Subject_3,1,subject3_fall_17,fall,1,1,1.4,3.15347,val
GMDCSA24,/content/fall_detection_work/GMDCSA24/ekramalam-GMDCSA24-A-Dataset-for-Human-Fall-Detection-in-Videos-5abac76/Subject 3/ADL/17.mp4,Subject_3,1,subject3_adl_17,other,9,0,1.508,4.75764,val
GMDCSA24,/content/fall_detection_work/GMDCSA24/ekramalam-GMDCSA24-A-Dataset-for-Human-Fall-Detection-in-Videos-5abac76/Subject 3/Fall/12.mp4,Subject_3,1,subject3_fall_12,fall,1,1,1.653,4.25597,val
GMDCSA24,/content/fall_detection_work/GMDCSA24/ekramalam-GMDCSA24-A-Dataset-for-Human-Fall-Detection-in-Videos-5abac76/Subject 3/ADL/07.mp4,Subject_3,1,subject3_adl_07,standing,8,0,1.68,2.20458,val
GMDCSA24,/content/fall_detection_work/GMDCSA24/ekramalam-GMDCSA24-A-Dataset-for-Human-Fall-Detection-in-Videos-5abac76/Subject 3/Fall/06.mp4,Subject_3,1,subject3_fall_06,fallen,2,1,1.697,5.58681,val
GMDCSA24,/content/fall_detection_work/GMDCSA24/ekramalam-GMDCSA24-A-Dataset-for-Human-Fall-Detection-in-Videos-5abac76/Subject 3/Fall/10.mp4,Subject_3,1,subject3_fall_10,fall,1,1,1.7,2.67431,val
GMDCSA24,/content/fall_detection_work/GMDCSA24/ekramalam-GMDCSA24-A-Dataset-for-Human-Fall-Detection-in-Videos-5abac76/Subject 3/Fall/16.mp4,Subject_3,1,subject3_fall_16,fall,1,1,1.7,3.77847,val
GMDCSA24,/content/fall_detection_work/GMDCSA24/ekramalam-GMDCSA24-A-Dataset-for-Human-Fall-Detection-in-Videos-5abac76/Subject 3/Fall/01.mp4,Subject_3,1,subject3_fall_01,fallen,2,1,1.737,3.79764,val
GMDCSA24,/content/fall_detection_work/GMDCSA24/ekramalam-GMDCSA24-A-Dataset-for-Human-Fall-Detection-in-Videos-5abac76/Subject 3/ADL/19.mp4,Subject_3,1,subject3_adl_19,walk,0,0,1.82,2.69514,val
GMDCSA24,/content/fall_detection_work/GMDCSA24/ekramalam-GMDCSA24-A-Dataset-for-Human-Fall-Detection-in-Videos-5abac76/Subject 3/Fall/15.mp4,Subject_3,1,subject3_fall_15,fall,1,1,1.9,4.25764,val
GMDCSA24,/content/fall_detection_work/GMDCSA24/ekramalam-GMDCSA24-A-Dataset-for-Human-Fall-Detection-in-Videos-5abac76/Subject 3/ADL/18.mp4,Subject_3,1,subject3_adl_18,sitting,4,0,1.903,5.07014,val
GMDCSA24,/content/fall_detection_work/GMDCSA24/ekramalam-GMDCSA24-A-Dataset-for-Human-Fall-Detection-in-Videos-5abac76/Subject 3/Fall/19.mp4,Subject_3,1,subject3_fall_19,fall,1,1,2.0,4.02847,val
GMDCSA24,/content/fall_detection_work/GMDCSA24/ekramalam-GMDCSA24-A-Dataset-for-Human-Fall-Detection-in-Videos-5abac76/Subject 3/ADL/07.mp4,Subject_3,1,subject3_adl_07,other,9,0,2.205,3.345,val
GMDCSA24,/content/fall_detection_work/GMDCSA24/ekramalam-GMDCSA24-A-Dataset-for-Human-Fall-Detection-in-Videos-5abac76/Subject 3/ADL/13.mp4,Subject_3,1,subject3_adl_13,sitting,4,0,2.258,8.66764,val
GMDCSA24,/content/fall_detection_work/GMDCSA24/ekramalam-GMDCSA24-A-Dataset-for-Human-Fall-Detection-in-Videos-5abac76/Subject 3/Fall/20.mp4,Subject_3,1,subject3_fall_20,fall,1,1,2.3,4.01798,val
GMDCSA24,/content/fall_detection_work/GMDCSA24/ekramalam-GMDCSA24-A-Dataset-for-Human-Fall-Detection-in-Videos-5abac76/Subject 3/ADL/10.mp4,Subject_3,1,subject3_adl_10,standing,8,0,2.341,11.96597,val
GMDCSA24,/content/fall_detection_work/GMDCSA24/ekramalam-GMDCSA24-A-Dataset-for-Human-Fall-Detection-in-Videos-5abac76/Subject 3/Fall/18.mp4,Subject_3,1,subject3_fall_18,stand_up,7,0,2.362,4.07014,val
GMDCSA24,/content/fall_detection_work/GMDCSA24/ekramalam-GMDCSA24-A-Dataset-for-Human-Fall-Detection-in-Videos-5abac76/Subject 3/ADL/14.mp4,Subject_3,1,subject3_adl_14,sitting,4,0,2.487,3.29931,val
GMDCSA24,/content/fall_detection_work/GMDCSA24/ekramalam-GMDCSA24-A-Dataset-for-Human-Fall-Detection-in-Videos-5abac76/Subject 3/ADL/09.mp4,Subject_3,1,subject3_adl_09,sitting,4,0,2.5,6.0,val
GMDCSA24,/content/fall_detection_work/GMDCSA24/ekramalam-GMDCSA24-A-Dataset-for-Human-Fall-Detection-in-Videos-5abac76/Subject 3/Fall/13.mp4,Subject_3,1,subject3_fall_13,fallen,2,1,2.57,4.04181,val
GMDCSA24,/content/fall_detection_work/GMDCSA24/ekramalam-GMDCSA24-A-Dataset-for-Human-Fall-Detection-in-Videos-5abac76/Subject 3/Fall/02.mp4,Subject_3,1,subject3_fall_02,fall,1,1,2.6,4.36181,val
GMDCSA24,/content/fall_detection_work/GMDCSA24/ekramalam-GMDCSA24-A-Dataset-for-Human-Fall-Detection-in-Videos-5abac76/Subject 3/Fall/08.mp4,Subject_3,1,subject3_fall_08,fallen,2,1,2.612,6.33347,val
GMDCSA24,/content/fall_detection_work/GMDCSA24/ekramalam-GMDCSA24-A-Dataset-for-Human-Fall-Detection-in-Videos-5abac76/Subject 3/Fall/11.mp4,Subject_3,1,subject3_fall_11,other,9,0,2.653,4.69514,val
GMDCSA24,/content/fall_detection_work/GMDCSA24/ekramalam-GMDCSA24-A-Dataset-for-Human-Fall-Detection-in-Videos-5abac76/Subject 3/Fall/10.mp4,Subject_3,1,subject3_fall_10,fallen,2,1,2.674,4.38014,val
GMDCSA24,/content/fall_detection_work/GMDCSA24/ekramalam-GMDCSA24-A-Dataset-for-Human-Fall-Detection-in-Videos-5abac76/Subject 3/ADL/19.mp4,Subject_3,1,subject3_adl_19,other,9,0,2.695,4.54931,val
GMDCSA24,/content/fall_detection_work/GMDCSA24/ekramalam-GMDCSA24-A-Dataset-for-Human-Fall-Detection-in-Videos-5abac76/Subject 3/ADL/11.mp4,Subject_3,1,subject3_adl_11,other,9,0,2.7,12.0,val
GMDCSA24,/content/fall_detection_work/GMDCSA24/ekramalam-GMDCSA24-A-Dataset-for-Human-Fall-Detection-in-Videos-5abac76/Subject 3/Fall/04.mp4,Subject_3,1,subject3_fall_04,fallen,2,1,2.883,5.46014,val
GMDCSA24,/content/fall_detection_work/GMDCSA24/ekramalam-GMDCSA24-A-Dataset-for-Human-Fall-Detection-in-Videos-5abac76/Subject 3/ADL/12.mp4,Subject_3,1,subject3_adl_12,sitting,4,0,2.883,6.21597,val
GMDCSA24,/content/fall_detection_work/GMDCSA24/ekramalam-GMDCSA24-A-Dataset-for-Human-Fall-Detection-in-Videos-5abac76/Subject 3/Fall/21.mp4,Subject_3,1,subject3_fall_21,walk,0,0,3.008,5.09097,val
GMDCSA24,/content/fall_detection_work/GMDCSA24/ekramalam-GMDCSA24-A-Dataset-for-Human-Fall-Detection-in-Videos-5abac76/Subject 3/Fall/17.mp4,Subject_3,1,subject3_fall_17,fallen,2,1,3.153,8.51847,val
GMDCSA24,/content/fall_detection_work/GMDCSA24/ekramalam-GMDCSA24-A-Dataset-for-Human-Fall-Detection-in-Videos-5abac76/Subject 3/ADL/04.mp4,Subject_3,1,subject3_adl_04,walk,0,0,3.174,4.40347,val
GMDCSA24,/content/fall_detection_work/GMDCSA24/ekramalam-GMDCSA24-A-Dataset-for-Human-Fall-Detection-in-Videos-5abac76/Subject 3/Fall/05.mp4,Subject_3,1,subject3_fall_05,fall,1,1,3.2,5.21597,val
GMDCSA24,/content/fall_detection_work/GMDCSA24/ekramalam-GMDCSA24-A-Dataset-for-Human-Fall-Detection-in-Videos-5abac76/Subject 3/ADL/14.mp4,Subject_3,1,subject3_adl_14,other,9,0,3.299,6.19514,val
GMDCSA24,/content/fall_detection_work/GMDCSA24/ekramalam-GMDCSA24-A-Dataset-for-Human-Fall-Detection-in-Videos-5abac76/Subject 3/Fall/09.mp4,Subject_3,1,subject3_fall_09,fall,1,1,3.3,4.88264,val
GMDCSA24,/content/fall_detection_work/GMDCSA24/ekramalam-GMDCSA24-A-Dataset-for-Human-Fall-Detection-in-Videos-5abac76/Subject 3/ADL/08.mp4,Subject_3,1,subject3_adl_08,lying,6,0,3.716,4.896,val
GMDCSA24,/content/fall_detection_work/GMDCSA24/ekramalam-GMDCSA24-A-Dataset-for-Human-Fall-Detection-in-Videos-5abac76/Subject 3/Fall/16.mp4,Subject_3,1,subject3_fall_16,fallen,2,1,3.778,6.06181,val
GMDCSA24,/content/fall_detection_work/GMDCSA24/ekramalam-GMDCSA24-A-Dataset-for-Human-Fall-Detection-in-Videos-5abac76/Subject 3/ADL/03.mp4,Subject_3,1,subject3_adl_03,sitting,4,0,3.82,4.94514,val
GMDCSA24,/content/fall_detection_work/GMDCSA24/ekramalam-GMDCSA24-A-Dataset-for-Human-Fall-Detection-in-Videos-5abac76/Subject 3/Fall/07.mp4,Subject_3,1,subject3_fall_07,fallen,2,1,3.862,9.02597,val
GMDCSA24,/content/fall_detection_work/GMDCSA24/ekramalam-GMDCSA24-A-Dataset-for-Human-Fall-Detection-in-Videos-5abac76/Subject 3/Fall/20.mp4,Subject_3,1,subject3_fall_20,fallen,2,1,4.018,6.22325,val
GMDCSA24,/content/fall_detection_work/GMDCSA24/ekramalam-GMDCSA24-A-Dataset-for-Human-Fall-Detection-in-Videos-5abac76/Subject 3/Fall/19.mp4,Subject_3,1,subject3_fall_19,fallen,2,1,4.028,5.70847,val
GMDCSA24,/content/fall_detection_work/GMDCSA24/ekramalam-GMDCSA24-A-Dataset-for-Human-Fall-Detection-in-Videos-5abac76/Subject 3/Fall/18.mp4,Subject_3,1,subject3_fall_18,fall,1,1,4.07,6.84097,val
GMDCSA24,/content/fall_detection_work/GMDCSA24/ekramalam-GMDCSA24-A-Dataset-for-Human-Fall-Detection-in-Videos-5abac76/Subject 3/Fall/03.mp4,Subject_3,1,subject3_fall_03,fallen,2,1,4.091,5.62847,val
GMDCSA24,/content/fall_detection_work/GMDCSA24/ekramalam-GMDCSA24-A-Dataset-for-Human-Fall-Detection-in-Videos-5abac76/Subject 3/Fall/15.mp4,Subject_3,1,subject3_fall_15,fallen,2,1,4.258,5.638,val
GMDCSA24,/content/fall_detection_work/GMDCSA24/ekramalam-GMDCSA24-A-Dataset-for-Human-Fall-Detection-in-Videos-5abac76/Subject 3/Fall/02.mp4,Subject_3,1,subject3_fall_02,fallen,2,1,4.362,6.56847,val
GMDCSA24,/content/fall_detection_work/GMDCSA24/ekramalam-GMDCSA24-A-Dataset-for-Human-Fall-Detection-in-Videos-5abac76/Subject 3/ADL/04.mp4,Subject_3,1,subject3_adl_04,other,9,0,4.403,7.13264,val
GMDCSA24,/content/fall_detection_work/GMDCSA24/ekramalam-GMDCSA24-A-Dataset-for-Human-Fall-Detection-in-Videos-5abac76/Subject 3/ADL/19.mp4,Subject_3,1,subject3_adl_19,walk,0,0,4.549,6.50514,val
GMDCSA24,/content/fall_detection_work/GMDCSA24/ekramalam-GMDCSA24-A-Dataset-for-Human-Fall-Detection-in-Videos-5abac76/Subject 3/Fall/14.mp4,Subject_3,1,subject3_fall_14,standing,8,0,4.6,8.1,val
GMDCSA24,/content/fall_detection_work/GMDCSA24/ekramalam-GMDCSA24-A-Dataset-for-Human-Fall-Detection-in-Videos-5abac76/Subject 3/Fall/11.mp4,Subject_3,1,subject3_fall_11,fall,1,1,4.7,7.13264,val
GMDCSA24,/content/fall_detection_work/GMDCSA24/ekramalam-GMDCSA24-A-Dataset-for-Human-Fall-Detection-in-Videos-5abac76/Subject 3/ADL/17.mp4,Subject_3,1,subject3_adl_17,sitting,4,0,4.758,12.14931,val
GMDCSA24,/content/fall_detection_work/GMDCSA24/ekramalam-GMDCSA24-A-Dataset-for-Human-Fall-Detection-in-Videos-5abac76/Subject 3/Fall/09.mp4,Subject_3,1,subject3_fall_09,fallen,2,1,4.883,6.21264,val
GMDCSA24,/content/fall_detection_work/GMDCSA24/ekramalam-GMDCSA24-A-Dataset-for-Human-Fall-Detection-in-Videos-5abac76/Subject 3/ADL/03.mp4,Subject_3,1,subject3_adl_03,other,9,0,4.945,7.09097,val
GMDCSA24,/content/fall_detection_work/GMDCSA24/ekramalam-GMDCSA24-A-Dataset-for-Human-Fall-Detection-in-Videos-5abac76/Subject 3/ADL/18.mp4,Subject_3,1,subject3_adl_18,other,9,0,5.07,6.23681,val
GMDCSA24,/content/fall_detection_work/GMDCSA24/ekramalam-GMDCSA24-A-Dataset-for-Human-Fall-Detection-in-Videos-5abac76/Subject 3/Fall/21.mp4,Subject_3,1,subject3_fall_21,fall,1,1,5.091,7.38264,val
GMDCSA24,/content/fall_detection_work/GMDCSA24/ekramalam-GMDCSA24-A-Dataset-for-Human-Fall-Detection-in-Videos-5abac76/Subject 3/ADL/06.mp4,Subject_3,1,subject3_adl_06,sit_down,3,0,5.1,7.13264,val
GMDCSA24,/content/fall_detection_work/GMDCSA24/ekramalam-GMDCSA24-A-Dataset-for-Human-Fall-Detection-in-Videos-5abac76/Subject 3/Fall/05.mp4,Subject_3,1,subject3_fall_05,fallen,2,1,5.216,10.04681,val
GMDCSA24,/content/fall_detection_work/GMDCSA24/ekramalam-GMDCSA24-A-Dataset-for-Human-Fall-Detection-in-Videos-5abac76/Subject 3/ADL/21.mp4,Subject_3,1,subject3_adl_21,sitting,4,0,5.549,7.61181,val
GMDCSA24,/content/fall_detection_work/GMDCSA24/ekramalam-GMDCSA24-A-Dataset-for-Human-Fall-Detection-in-Videos-5abac76/Subject 3/ADL/14.mp4,Subject_3,1,subject3_adl_14,sitting,4,0,6.195,8.85847,val
GMDCSA24,/content/fall_detection_work/GMDCSA24/ekramalam-GMDCSA24-A-Dataset-for-Human-Fall-Detection-in-Videos-5abac76/Subject 3/ADL/09.mp4,Subject_3,1,subject3_adl_09,standing,8,0,6.2,7.0,val
GMDCSA24,/content/fall_detection_work/GMDCSA24/ekramalam-GMDCSA24-A-Dataset-for-Human-Fall-Detection-in-Videos-5abac76/Subject 3/ADL/12.mp4,Subject_3,1,subject3_adl_12,stand_up,7,0,6.216,9.21347,val
GMDCSA24,/content/fall_detection_work/GMDCSA24/ekramalam-GMDCSA24-A-Dataset-for-Human-Fall-Detection-in-Videos-5abac76/Subject 3/ADL/18.mp4,Subject_3,1,subject3_adl_18,sitting,4,0,6.237,11.10597,val
GMDCSA24,/content/fall_detection_work/GMDCSA24/ekramalam-GMDCSA24-A-Dataset-for-Human-Fall-Detection-in-Videos-5abac76/Subject 3/Fall/18.mp4,Subject_3,1,subject3_fall_18,fallen,2,1,6.841,11.89264,val
GMDCSA24,/content/fall_detection_work/GMDCSA24/ekramalam-GMDCSA24-A-Dataset-for-Human-Fall-Detection-in-Videos-5abac76/Subject 3/ADL/03.mp4,Subject_3,1,subject3_adl_03,stand_up,7,0,7.091,8.50764,val
GMDCSA24,/content/fall_detection_work/GMDCSA24/ekramalam-GMDCSA24-A-Dataset-for-Human-Fall-Detection-in-Videos-5abac76/Subject 3/Fall/11.mp4,Subject_3,1,subject3_fall_11,fallen,2,1,7.133,8.94014,val
GMDCSA24,/content/fall_detection_work/GMDCSA24/ekramalam-GMDCSA24-A-Dataset-for-Human-Fall-Detection-in-Videos-5abac76/Subject 3/ADL/04.mp4,Subject_3,1,subject3_adl_04,walk,0,0,7.133,9.02847,val
GMDCSA24,/content/fall_detection_work/GMDCSA24/ekramalam-GMDCSA24-A-Dataset-for-Human-Fall-Detection-in-Videos-5abac76/Subject 3/ADL/06.mp4,Subject_3,1,subject3_adl_06,sitting,4,0,7.133,8.94014,val
GMDCSA24,/content/fall_detection_work/GMDCSA24/ekramalam-GMDCSA24-A-Dataset-for-Human-Fall-Detection-in-Videos-5abac76/Subject 3/Fall/21.mp4,Subject_3,1,subject3_fall_21,fallen,2,1,7.383,9.17014,val
GMDCSA24,/content/fall_detection_work/GMDCSA24/ekramalam-GMDCSA24-A-Dataset-for-Human-Fall-Detection-in-Videos-5abac76/Subject 3/ADL/21.mp4,Subject_3,1,subject3_adl_21,other,9,0,7.612,10.21347,val
GMDCSA24,/content/fall_detection_work/GMDCSA24/ekramalam-GMDCSA24-A-Dataset-for-Human-Fall-Detection-in-Videos-5abac76/Subject 3/Fall/14.mp4,Subject_3,1,subject3_fall_14,fall,1,1,8.1,10.25764,val
GMDCSA24,/content/fall_detection_work/GMDCSA24/ekramalam-GMDCSA24-A-Dataset-for-Human-Fall-Detection-in-Videos-5abac76/Subject 3/ADL/03.mp4,Subject_3,1,subject3_adl_03,walk,0,0,8.508,9.908,val
GMDCSA24,/content/fall_detection_work/GMDCSA24/ekramalam-GMDCSA24-A-Dataset-for-Human-Fall-Detection-in-Videos-5abac76/Subject 3/ADL/04.mp4,Subject_3,1,subject3_adl_04,sit_down,3,0,9.028,10.028,val
GMDCSA24,/content/fall_detection_work/GMDCSA24/ekramalam-GMDCSA24-A-Dataset-for-Human-Fall-Detection-in-Videos-5abac76/Subject 3/ADL/12.mp4,Subject_3,1,subject3_adl_12,walk,0,0,9.2,10.67181,val
GMDCSA24,/content/fall_detection_work/GMDCSA24/ekramalam-GMDCSA24-A-Dataset-for-Human-Fall-Detection-in-Videos-5abac76/Subject 3/Fall/14.mp4,Subject_3,1,subject3_fall_14,fallen,2,1,10.258,12.31431,val
GMDCSA24,/content/fall_detection_work/GMDCSA24/ekramalam-GMDCSA24-A-Dataset-for-Human-Fall-Detection-in-Videos-5abac76/Subject 3/ADL/10.mp4,Subject_3,1,subject3_adl_10,walk,0,0,11.966,12.439,val
GMDCSA24,/content/fall_detection_work/GMDCSA24/ekramalam-GMDCSA24-A-Dataset-for-Human-Fall-Detection-in-Videos-5abac76/Subject 4/ADL/01.mp4,Subject_4,1,subject4_adl_01,sitting,4,0,0.0,12.0,test
GMDCSA24,/content/fall_detection_work/GMDCSA24/ekramalam-GMDCSA24-A-Dataset-for-Human-Fall-Detection-in-Videos-5abac76/Subject 4/ADL/02.mp4,Subject_4,1,subject4_adl_02,walk,0,0,0.0,10.0,test
GMDCSA24,/content/fall_detection_work/GMDCSA24/ekramalam-GMDCSA24-A-Dataset-for-Human-Fall-Detection-in-Videos-5abac76/Subject 4/ADL/04.mp4,Subject_4,1,subject4_adl_04,sitting,4,0,0.0,13.0,test
GMDCSA24,/content/fall_detection_work/GMDCSA24/ekramalam-GMDCSA24-A-Dataset-for-Human-Fall-Detection-in-Videos-5abac76/Subject 4/ADL/05.mp4,Subject_4,1,subject4_adl_05,walk,0,0,0.0,1.54931,test
GMDCSA24,/content/fall_detection_work/GMDCSA24/ekramalam-GMDCSA24-A-Dataset-for-Human-Fall-Detection-in-Videos-5abac76/Subject 4/ADL/06.mp4,Subject_4,1,subject4_adl_06,walk,0,0,0.0,0.71597,test
GMDCSA24,/content/fall_detection_work/GMDCSA24/ekramalam-GMDCSA24-A-Dataset-for-Human-Fall-Detection-in-Videos-5abac76/Subject 4/ADL/07.mp4,Subject_4,1,subject4_adl_07,other,9,0,0.0,4.98514,test
GMDCSA24,/content/fall_detection_work/GMDCSA24/ekramalam-GMDCSA24-A-Dataset-for-Human-Fall-Detection-in-Videos-5abac76/Subject 4/ADL/08.mp4,Subject_4,1,subject4_adl_08,stand_up,7,0,0.0,3.79931,test
GMDCSA24,/content/fall_detection_work/GMDCSA24/ekramalam-GMDCSA24-A-Dataset-for-Human-Fall-Detection-in-Videos-5abac76/Subject 4/ADL/09.mp4,Subject_4,1,subject4_adl_09,sitting,4,0,0.0,12.0,test
GMDCSA24,/content/fall_detection_work/GMDCSA24/ekramalam-GMDCSA24-A-Dataset-for-Human-Fall-Detection-in-Videos-5abac76/Subject 4/ADL/10.mp4,Subject_4,1,subject4_adl_10,walk,0,0,0.0,1.4,test
GMDCSA24,/content/fall_detection_work/GMDCSA24/ekramalam-GMDCSA24-A-Dataset-for-Human-Fall-Detection-in-Videos-5abac76/Subject 4/ADL/11.mp4,Subject_4,1,subject4_adl_11,sitting,4,0,0.0,10.72,test
GMDCSA24,/content/fall_detection_work/GMDCSA24/ekramalam-GMDCSA24-A-Dataset-for-Human-Fall-Detection-in-Videos-5abac76/Subject 4/ADL/12.mp4,Subject_4,1,subject4_adl_12,sitting,4,0,0.0,4.46597,test
GMDCSA24,/content/fall_detection_work/GMDCSA24/ekramalam-GMDCSA24-A-Dataset-for-Human-Fall-Detection-in-Videos-5abac76/Subject 4/ADL/13.mp4,Subject_4,1,subject4_adl_13,sitting,4,0,0.0,5.44514,test
GMDCSA24,/content/fall_detection_work/GMDCSA24/ekramalam-GMDCSA24-A-Dataset-for-Human-Fall-Detection-in-Videos-5abac76/Subject 4/ADL/14.mp4,Subject_4,1,subject4_adl_14,stand_up,7,0,0.0,0.75764,test
GMDCSA24,/content/fall_detection_work/GMDCSA24/ekramalam-GMDCSA24-A-Dataset-for-Human-Fall-Detection-in-Videos-5abac76/Subject 4/ADL/15.mp4,Subject_4,1,subject4_adl_15,lie_down,5,0,0.0,3.54931,test
GMDCSA24,/content/fall_detection_work/GMDCSA24/ekramalam-GMDCSA24-A-Dataset-for-Human-Fall-Detection-in-Videos-5abac76/Subject 4/ADL/19.mp4,Subject_4,1,subject4_adl_19,walk,0,0,0.0,1.22,test
GMDCSA24,/content/fall_detection_work/GMDCSA24/ekramalam-GMDCSA24-A-Dataset-for-Human-Fall-Detection-in-Videos-5abac76/Subject 4/Fall/01.mp4,Subject_4,1,subject4_fall_01,standing,8,0,0.0,1.14,test
GMDCSA24,/content/fall_detection_work/GMDCSA24/ekramalam-GMDCSA24-A-Dataset-for-Human-Fall-Detection-in-Videos-5abac76/Subject 4/Fall/02.mp4,Subject_4,1,subject4_fall_02,lying,6,0,0.0,1.44,test
GMDCSA24,/content/fall_detection_work/GMDCSA24/ekramalam-GMDCSA24-A-Dataset-for-Human-Fall-Detection-in-Videos-5abac76/Subject 4/Fall/03.mp4,Subject_4,1,subject4_fall_03,walk,0,0,0.0,1.64,test
GMDCSA24,/content/fall_detection_work/GMDCSA24/ekramalam-GMDCSA24-A-Dataset-for-Human-Fall-Detection-in-Videos-5abac76/Subject 4/Fall/05.mp4,Subject_4,1,subject4_fall_05,sitting,4,0,0.0,1.92,test
GMDCSA24,/content/fall_detection_work/GMDCSA24/ekramalam-GMDCSA24-A-Dataset-for-Human-Fall-Detection-in-Videos-5abac76/Subject 4/Fall/06.mp4,Subject_4,1,subject4_fall_06,sitting,4,0,0.0,0.66,test
GMDCSA24,/content/fall_detection_work/GMDCSA24/ekramalam-GMDCSA24-A-Dataset-for-Human-Fall-Detection-in-Videos-5abac76/Subject 4/Fall/07.mp4,Subject_4,1,subject4_fall_07,walk,0,0,0.0,1.22,test
GMDCSA24,/content/fall_detection_work/GMDCSA24/ekramalam-GMDCSA24-A-Dataset-for-Human-Fall-Detection-in-Videos-5abac76/Subject 4/Fall/08.mp4,Subject_4,1,subject4_fall_08,sitting,4,0,0.0,1.56,test
GMDCSA24,/content/fall_detection_work/GMDCSA24/ekramalam-GMDCSA24-A-Dataset-for-Human-Fall-Detection-in-Videos-5abac76/Subject 4/Fall/09.mp4,Subject_4,1,subject4_fall_09,sitting,4,0,0.0,1.42,test
GMDCSA24,/content/fall_detection_work/GMDCSA24/ekramalam-GMDCSA24-A-Dataset-for-Human-Fall-Detection-in-Videos-5abac76/Subject 4/Fall/11.mp4,Subject_4,1,subject4_fall_11,walk,0,0,0.0,1.0,test
GMDCSA24,/content/fall_detection_work/GMDCSA24/ekramalam-GMDCSA24-A-Dataset-for-Human-Fall-Detection-in-Videos-5abac76/Subject 4/Fall/12.mp4,Subject_4,1,subject4_fall_12,sitting,4,0,0.0,0.92,test
GMDCSA24,/content/fall_detection_work/GMDCSA24/ekramalam-GMDCSA24-A-Dataset-for-Human-Fall-Detection-in-Videos-5abac76/Subject 4/Fall/15.mp4,Subject_4,1,subject4_fall_15,sitting,4,0,0.0,1.18,test
GMDCSA24,/content/fall_detection_work/GMDCSA24/ekramalam-GMDCSA24-A-Dataset-for-Human-Fall-Detection-in-Videos-5abac76/Subject 4/Fall/17.mp4,Subject_4,1,subject4_fall_17,sitting,4,0,0.0,2.14,test
GMDCSA24,/content/fall_detection_work/GMDCSA24/ekramalam-GMDCSA24-A-Dataset-for-Human-Fall-Detection-in-Videos-5abac76/Subject 4/ADL/18.mp4,Subject_4,1,subject4_adl_18,sit_down,3,0,0.0,1.32,test
GMDCSA24,/content/fall_detection_work/GMDCSA24/ekramalam-GMDCSA24-A-Dataset-for-Human-Fall-Detection-in-Videos-5abac76/Subject 4/ADL/20.mp4,Subject_4,1,subject4_adl_20,other,9,0,0.0,1.88,test
GMDCSA24,/content/fall_detection_work/GMDCSA24/ekramalam-GMDCSA24-A-Dataset-for-Human-Fall-Detection-in-Videos-5abac76/Subject 4/Fall/04.mp4,Subject_4,1,subject4_fall_04,walk,0,0,0.0,1.04,test
GMDCSA24,/content/fall_detection_work/GMDCSA24/ekramalam-GMDCSA24-A-Dataset-for-Human-Fall-Detection-in-Videos-5abac76/Subject 4/Fall/10.mp4,Subject_4,1,subject4_fall_10,other,9,0,0.0,1.48,test
GMDCSA24,/content/fall_detection_work/GMDCSA24/ekramalam-GMDCSA24-A-Dataset-for-Human-Fall-Detection-in-Videos-5abac76/Subject 4/Fall/13.mp4,Subject_4,1,subject4_fall_13,fall,1,1,0.0,1.08,test
GMDCSA24,/content/fall_detection_work/GMDCSA24/ekramalam-GMDCSA24-A-Dataset-for-Human-Fall-Detection-in-Videos-5abac76/Subject 4/Fall/14.mp4,Subject_4,1,subject4_fall_14,fall,1,1,0.0,3.26,test
GMDCSA24,/content/fall_detection_work/GMDCSA24/ekramalam-GMDCSA24-A-Dataset-for-Human-Fall-Detection-in-Videos-5abac76/Subject 4/ADL/03.mp4,Subject_4,1,subject4_adl_03,sit_down,3,0,0.194,1.11181,test
GMDCSA24,/content/fall_detection_work/GMDCSA24/ekramalam-GMDCSA24-A-Dataset-for-Human-Fall-Detection-in-Videos-5abac76/Subject 4/ADL/16.mp4,Subject_4,1,subject4_adl_16,sit_down,3,0,0.205,1.04931,test
GMDCSA24,/content/fall_detection_work/GMDCSA24/ekramalam-GMDCSA24-A-Dataset-for-Human-Fall-Detection-in-Videos-5abac76/Subject 4/Fall/16.mp4,Subject_4,1,subject4_fall_16,walk,0,0,0.24,2.98,test
GMDCSA24,/content/fall_detection_work/GMDCSA24/ekramalam-GMDCSA24-A-Dataset-for-Human-Fall-Detection-in-Videos-5abac76/Subject 4/ADL/17.mp4,Subject_4,1,subject4_adl_17,walk,0,0,0.424,1.42431,test
GMDCSA24,/content/fall_detection_work/GMDCSA24/ekramalam-GMDCSA24-A-Dataset-for-Human-Fall-Detection-in-Videos-5abac76/Subject 4/Fall/06.mp4,Subject_4,1,subject4_fall_06,fall,1,1,0.66,3.74,test
GMDCSA24,/content/fall_detection_work/GMDCSA24/ekramalam-GMDCSA24-A-Dataset-for-Human-Fall-Detection-in-Videos-5abac76/Subject 4/ADL/06.mp4,Subject_4,1,subject4_adl_06,other,9,0,0.716,6.56847,test
GMDCSA24,/content/fall_detection_work/GMDCSA24/ekramalam-GMDCSA24-A-Dataset-for-Human-Fall-Detection-in-Videos-5abac76/Subject 4/ADL/14.mp4,Subject_4,1,subject4_adl_14,walk,0,0,0.758,1.48681,test
GMDCSA24,/content/fall_detection_work/GMDCSA24/ekramalam-GMDCSA24-A-Dataset-for-Human-Fall-Detection-in-Videos-5abac76/Subject 4/Fall/12.mp4,Subject_4,1,subject4_fall_12,fall,1,1,0.92,2.28,test
GMDCSA24,/content/fall_detection_work/GMDCSA24/ekramalam-GMDCSA24-A-Dataset-for-Human-Fall-Detection-in-Videos-5abac76/Subject 4/Fall/11.mp4,Subject_4,1,subject4_fall_11,fall,1,1,1.0,2.02,test
GMDCSA24,/content/fall_detection_work/GMDCSA24/ekramalam-GMDCSA24-A-Dataset-for-Human-Fall-Detection-in-Videos-5abac76/Subject 4/Fall/04.mp4,Subject_4,1,subject4_fall_04,fall,1,1,1.04,2.04,test
GMDCSA24,/content/fall_detection_work/GMDCSA24/ekramalam-GMDCSA24-A-Dataset-for-Human-Fall-Detection-in-Videos-5abac76/Subject 4/ADL/16.mp4,Subject_4,1,subject4_adl_16,sitting,4,0,1.049,1.88264,test
GMDCSA24,/content/fall_detection_work/GMDCSA24/ekramalam-GMDCSA24-A-Dataset-for-Human-Fall-Detection-in-Videos-5abac76/Subject 4/Fall/13.mp4,Subject_4,1,subject4_fall_13,fallen,2,1,1.08,5.0,test
GMDCSA24,/content/fall_detection_work/GMDCSA24/ekramalam-GMDCSA24-A-Dataset-for-Human-Fall-Detection-in-Videos-5abac76/Subject 4/ADL/03.mp4,Subject_4,1,subject4_adl_03,sitting,4,0,1.112,8.98181,test
GMDCSA24,/content/fall_detection_work/GMDCSA24/ekramalam-GMDCSA24-A-Dataset-for-Human-Fall-Detection-in-Videos-5abac76/Subject 4/Fall/01.mp4,Subject_4,1,subject4_fall_01,fall,1,1,1.14,2.44,test
GMDCSA24,/content/fall_detection_work/GMDCSA24/ekramalam-GMDCSA24-A-Dataset-for-Human-Fall-Detection-in-Videos-5abac76/Subject 4/Fall/15.mp4,Subject_4,1,subject4_fall_15,fall,1,1,1.18,2.58,test
GMDCSA24,/content/fall_detection_work/GMDCSA24/ekramalam-GMDCSA24-A-Dataset-for-Human-Fall-Detection-in-Videos-5abac76/Subject 4/ADL/19.mp4,Subject_4,1,subject4_adl_19,other,9,0,1.22,9.9,test
GMDCSA24,/content/fall_detection_work/GMDCSA24/ekramalam-GMDCSA24-A-Dataset-for-Human-Fall-Detection-in-Videos-5abac76/Subject 4/Fall/07.mp4,Subject_4,1,subject4_fall_07,other,9,0,1.22,2.06,test
GMDCSA24,/content/fall_detection_work/GMDCSA24/ekramalam-GMDCSA24-A-Dataset-for-Human-Fall-Detection-in-Videos-5abac76/Subject 4/ADL/18.mp4,Subject_4,1,subject4_adl_18,other,9,0,1.32,14.1,test
GMDCSA24,/content/fall_detection_work/GMDCSA24/ekramalam-GMDCSA24-A-Dataset-for-Human-Fall-Detection-in-Videos-5abac76/Subject 4/ADL/10.mp4,Subject_4,1,subject4_adl_10,lie_down,5,0,1.4,7.00764,test
GMDCSA24,/content/fall_detection_work/GMDCSA24/ekramalam-GMDCSA24-A-Dataset-for-Human-Fall-Detection-in-Videos-5abac76/Subject 4/Fall/09.mp4,Subject_4,1,subject4_fall_09,fall,1,1,1.42,2.7,test
GMDCSA24,/content/fall_detection_work/GMDCSA24/ekramalam-GMDCSA24-A-Dataset-for-Human-Fall-Detection-in-Videos-5abac76/Subject 4/ADL/17.mp4,Subject_4,1,subject4_adl_17,other,9,0,1.424,4.23681,test
GMDCSA24,/content/fall_detection_work/GMDCSA24/ekramalam-GMDCSA24-A-Dataset-for-Human-Fall-Detection-in-Videos-5abac76/Subject 4/Fall/02.mp4,Subject_4,1,subject4_fall_02,fall,1,1,1.44,2.24,test
GMDCSA24,/content/fall_detection_work/GMDCSA24/ekramalam-GMDCSA24-A-Dataset-for-Human-Fall-Detection-in-Videos-5abac76/Subject 4/Fall/10.mp4,Subject_4,1,subject4_fall_10,fall,1,1,1.48,2.86,test
GMDCSA24,/content/fall_detection_work/GMDCSA24/ekramalam-GMDCSA24-A-Dataset-for-Human-Fall-Detection-in-Videos-5abac76/Subject 4/ADL/14.mp4,Subject_4,1,subject4_adl_14,other,9,0,1.487,7.23681,test
GMDCSA24,/content/fall_detection_work/GMDCSA24/ekramalam-GMDCSA24-A-Dataset-for-Human-Fall-Detection-in-Videos-5abac76/Subject 4/ADL/05.mp4,Subject_4,1,subject4_adl_05,other,9,0,1.549,7.38,test
GMDCSA24,/content/fall_detection_work/GMDCSA24/ekramalam-GMDCSA24-A-Dataset-for-Human-Fall-Detection-in-Videos-5abac76/Subject 4/Fall/08.mp4,Subject_4,1,subject4_fall_08,fall,1,1,1.56,3.0,test
GMDCSA24,/content/fall_detection_work/GMDCSA24/ekramalam-GMDCSA24-A-Dataset-for-Human-Fall-Detection-in-Videos-5abac76/Subject 4/Fall/03.mp4,Subject_4,1,subject4_fall_03,fall,1,1,1.64,2.68,test
GMDCSA24,/content/fall_detection_work/GMDCSA24/ekramalam-GMDCSA24-A-Dataset-for-Human-Fall-Detection-in-Videos-5abac76/Subject 4/ADL/20.mp4,Subject_4,1,subject4_adl_20,sit_down,3,0,1.88,3.2,test
GMDCSA24,/content/fall_detection_work/GMDCSA24/ekramalam-GMDCSA24-A-Dataset-for-Human-Fall-Detection-in-Videos-5abac76/Subject 4/ADL/16.mp4,Subject_4,1,subject4_adl_16,lie_down,5,0,1.883,5.77847,test
GMDCSA24,/content/fall_detection_work/GMDCSA24/ekramalam-GMDCSA24-A-Dataset-for-Human-Fall-Detection-in-Videos-5abac76/Subject 4/Fall/05.mp4,Subject_4,1,subject4_fall_05,fall,1,1,1.92,3.78,test
GMDCSA24,/content/fall_detection_work/GMDCSA24/ekramalam-GMDCSA24-A-Dataset-for-Human-Fall-Detection-in-Videos-5abac76/Subject 4/Fall/11.mp4,Subject_4,1,subject4_fall_11,fallen,2,1,2.02,4.58,test
GMDCSA24,/content/fall_detection_work/GMDCSA24/ekramalam-GMDCSA24-A-Dataset-for-Human-Fall-Detection-in-Videos-5abac76/Subject 4/Fall/04.mp4,Subject_4,1,subject4_fall_04,fallen,2,1,2.04,4.76,test
GMDCSA24,/content/fall_detection_work/GMDCSA24/ekramalam-GMDCSA24-A-Dataset-for-Human-Fall-Detection-in-Videos-5abac76/Subject 4/Fall/07.mp4,Subject_4,1,subject4_fall_07,fall,1,1,2.06,3.38,test
GMDCSA24,/content/fall_detection_work/GMDCSA24/ekramalam-GMDCSA24-A-Dataset-for-Human-Fall-Detection-in-Videos-5abac76/Subject 4/Fall/17.mp4,Subject_4,1,subject4_fall_17,fall,1,1,2.14,3.48,test
GMDCSA24,/content/fall_detection_work/GMDCSA24/ekramalam-GMDCSA24-A-Dataset-for-Human-Fall-Detection-in-Videos-5abac76/Subject 4/Fall/02.mp4,Subject_4,1,subject4_fall_02,fallen,2,1,2.24,2.984,test
GMDCSA24,/content/fall_detection_work/GMDCSA24/ekramalam-GMDCSA24-A-Dataset-for-Human-Fall-Detection-in-Videos-5abac76/Subject 4/Fall/12.mp4,Subject_4,1,subject4_fall_12,fallen,2,1,2.28,4.64,test
GMDCSA24,/content/fall_detection_work/GMDCSA24/ekramalam-GMDCSA24-A-Dataset-for-Human-Fall-Detection-in-Videos-5abac76/Subject 4/Fall/01.mp4,Subject_4,1,subject4_fall_01,fallen,2,1,2.44,4.66,test
GMDCSA24,/content/fall_detection_work/GMDCSA24/ekramalam-GMDCSA24-A-Dataset-for-Human-Fall-Detection-in-Videos-5abac76/Subject 4/Fall/15.mp4,Subject_4,1,subject4_fall_15,fallen,2,1,2.58,4.84,test
GMDCSA24,/content/fall_detection_work/GMDCSA24/ekramalam-GMDCSA24-A-Dataset-for-Human-Fall-Detection-in-Videos-5abac76/Subject 4/Fall/03.mp4,Subject_4,1,subject4_fall_03,fallen,2,1,2.68,6.7,test
GMDCSA24,/content/fall_detection_work/GMDCSA24/ekramalam-GMDCSA24-A-Dataset-for-Human-Fall-Detection-in-Videos-5abac76/Subject 4/Fall/09.mp4,Subject_4,1,subject4_fall_09,fallen,2,1,2.7,6.06,test
GMDCSA24,/content/fall_detection_work/GMDCSA24/ekramalam-GMDCSA24-A-Dataset-for-Human-Fall-Detection-in-Videos-5abac76/Subject 4/Fall/10.mp4,Subject_4,1,subject4_fall_10,fallen,2,1,2.86,5.06,test
GMDCSA24,/content/fall_detection_work/GMDCSA24/ekramalam-GMDCSA24-A-Dataset-for-Human-Fall-Detection-in-Videos-5abac76/Subject 4/Fall/16.mp4,Subject_4,1,subject4_fall_16,fall,1,1,2.98,4.08,test
GMDCSA24,/content/fall_detection_work/GMDCSA24/ekramalam-GMDCSA24-A-Dataset-for-Human-Fall-Detection-in-Videos-5abac76/Subject 4/Fall/08.mp4,Subject_4,1,subject4_fall_08,fallen,2,1,3.0,6.24,test
GMDCSA24,/content/fall_detection_work/GMDCSA24/ekramalam-GMDCSA24-A-Dataset-for-Human-Fall-Detection-in-Videos-5abac76/Subject 4/ADL/20.mp4,Subject_4,1,subject4_adl_20,other,9,0,3.2,17.54,test
GMDCSA24,/content/fall_detection_work/GMDCSA24/ekramalam-GMDCSA24-A-Dataset-for-Human-Fall-Detection-in-Videos-5abac76/Subject 4/Fall/14.mp4,Subject_4,1,subject4_fall_14,fallen,2,1,3.26,5.24,test
GMDCSA24,/content/fall_detection_work/GMDCSA24/ekramalam-GMDCSA24-A-Dataset-for-Human-Fall-Detection-in-Videos-5abac76/Subject 4/Fall/07.mp4,Subject_4,1,subject4_fall_07,fallen,2,1,3.38,6.3,test
GMDCSA24,/content/fall_detection_work/GMDCSA24/ekramalam-GMDCSA24-A-Dataset-for-Human-Fall-Detection-in-Videos-5abac76/Subject 4/Fall/17.mp4,Subject_4,1,subject4_fall_17,fallen,2,1,3.48,6.94,test
GMDCSA24,/content/fall_detection_work/GMDCSA24/ekramalam-GMDCSA24-A-Dataset-for-Human-Fall-Detection-in-Videos-5abac76/Subject 4/ADL/15.mp4,Subject_4,1,subject4_adl_15,lying,6,0,3.549,5.34014,test
GMDCSA24,/content/fall_detection_work/GMDCSA24/ekramalam-GMDCSA24-A-Dataset-for-Human-Fall-Detection-in-Videos-5abac76/Subject 4/Fall/06.mp4,Subject_4,1,subject4_fall_06,fallen,2,1,3.74,6.12,test
GMDCSA24,/content/fall_detection_work/GMDCSA24/ekramalam-GMDCSA24-A-Dataset-for-Human-Fall-Detection-in-Videos-5abac76/Subject 4/Fall/05.mp4,Subject_4,1,subject4_fall_05,fallen,2,1,3.78,7.4,test
GMDCSA24,/content/fall_detection_work/GMDCSA24/ekramalam-GMDCSA24-A-Dataset-for-Human-Fall-Detection-in-Videos-5abac76/Subject 4/ADL/08.mp4,Subject_4,1,subject4_adl_08,sitting,4,0,3.799,5.48681,test
GMDCSA24,/content/fall_detection_work/GMDCSA24/ekramalam-GMDCSA24-A-Dataset-for-Human-Fall-Detection-in-Videos-5abac76/Subject 4/Fall/16.mp4,Subject_4,1,subject4_fall_16,fallen,2,1,4.08,7.1,test
GMDCSA24,/content/fall_detection_work/GMDCSA24/ekramalam-GMDCSA24-A-Dataset-for-Human-Fall-Detection-in-Videos-5abac76/Subject 4/ADL/17.mp4,Subject_4,1,subject4_adl_17,walk,0,0,4.237,6.25514,test
GMDCSA24,/content/fall_detection_work/GMDCSA24/ekramalam-GMDCSA24-A-Dataset-for-Human-Fall-Detection-in-Videos-5abac76/Subject 4/ADL/12.mp4,Subject_4,1,subject4_adl_12,other,9,0,4.5,8.59097,test
GMDCSA24,/content/fall_detection_work/GMDCSA24/ekramalam-GMDCSA24-A-Dataset-for-Human-Fall-Detection-in-Videos-5abac76/Subject 4/ADL/08.mp4,Subject_4,1,subject4_adl_08,other,9,0,5.487,7.48681,test
GMDCSA24,/content/fall_detection_work/GMDCSA24/ekramalam-GMDCSA24-A-Dataset-for-Human-Fall-Detection-in-Videos-5abac76/Subject 4/ADL/16.mp4,Subject_4,1,subject4_adl_16,lying,6,0,5.778,7.15181,test
GMDCSA24,/content/fall_detection_work/GMDCSA24/ekramalam-GMDCSA24-A-Dataset-for-Human-Fall-Detection-in-Videos-5abac76/Subject 4/ADL/10.mp4,Subject_4,1,subject4_adl_10,lying,6,0,7.008,12.79514,test
GMDCSA24,/content/fall_detection_work/GMDCSA24/ekramalam-GMDCSA24-A-Dataset-for-Human-Fall-Detection-in-Videos-5abac76/Subject 4/ADL/14.mp4,Subject_4,1,subject4_adl_14,standing,8,0,7.237,8.317,test
GMDCSA24,/content/fall_detection_work/GMDCSA24/ekramalam-GMDCSA24-A-Dataset-for-Human-Fall-Detection-in-Videos-5abac76/Subject 4/ADL/08.mp4,Subject_4,1,subject4_adl_08,sitting,4,0,7.487,8.487,test
GMDCSA24,/content/fall_detection_work/GMDCSA24/ekramalam-GMDCSA24-A-Dataset-for-Human-Fall-Detection-in-Videos-5abac76/Subject 4/ADL/08.mp4,Subject_4,1,subject4_adl_08,other,9,0,8.5,12.34097,test
CAUCAFall,/content/fall_detection_work/CAUCAFall/Cauca_fall/clips/Subject.1/HopS1_9_0.000_9.100_1_1_caucafall.avi,1,1,HopS1,other,9,0,0.0,9.1,external_test
CAUCAFall,/content/fall_detection_work/CAUCAFall/Cauca_fall/clips/Subject.1/KneelS1_9_0.000_10.950_1_1_caucafall.avi,1,1,KneelS1,other,9,0,0.0,10.95,external_test
CAUCAFall,/content/fall_detection_work/CAUCAFall/Cauca_fall/clips/Subject.1/PickupobjectS1_0_0.000_1.200_1_1_caucafall.avi,1,1,PickupobjectS1,walk,0,0,0.0,1.2,external_test
CAUCAFall,/content/fall_detection_work/CAUCAFall/Cauca_fall/clips/Subject.1/SitDownS1_3_0.000_5.737_1_1_caucafall.avi,1,1,SitDownS1,sit_down,3,0,0.0,5.73692,external_test
CAUCAFall,/content/fall_detection_work/CAUCAFall/Cauca_fall/clips/Subject.1/FallBackwardsS1_1_1.930_3.770_1_1_caucafall.avi,1,1,FallBackwardsS1,standing,8,0,0.0,1.93,external_test
CAUCAFall,/content/fall_detection_work/CAUCAFall/Cauca_fall/clips/Subject.1/WalkS1_0_0.000_6.460_1_1_caucafall.avi,1,1,WalkS1,walk,0,0,0.0,6.46,external_test
CAUCAFall,/content/fall_detection_work/CAUCAFall/Cauca_fall/clips/Subject.1/FallForwardS1_0_2.920_5.320_1_1_caucafall.avi,1,1,FallForwardS1,standing,8,0,0.0,2.92,external_test
CAUCAFall,/content/fall_detection_work/CAUCAFall/Cauca_fall/clips/Subject.1/FallLeftS1_0_0.000_0.910_1_1_caucafall.avi,1,1,FallLeftS1,walk,0,0,0.0,0.91,external_test
CAUCAFall,/content/fall_detection_work/CAUCAFall/Cauca_fall/clips/Subject.1/FallRightS1_1_0.530_3.430_1_1_caucafall.avi,1,1,FallRightS1,standing,8,0,0.0,0.53,external_test
CAUCAFall,/content/fall_detection_work/CAUCAFall/Cauca_fall/clips/Subject.1/FallSittingS1_1_1.850_5.990_1_1_caucafall.avi,1,1,FallSittingS1,sitting,4,0,0.0,1.85,external_test
CAUCAFall,/content/fall_detection_work/CAUCAFall/Cauca_fall/clips/Subject.1/FallRightS1_1_0.530_3.430_1_1_caucafall.avi,1,1,FallRightS1,fall,1,1,0.53,3.43,external_test
CAUCAFall,/content/fall_detection_work/CAUCAFall/Cauca_fall/clips/Subject.1/FallLeftS1_0_0.000_0.910_1_1_caucafall.avi,1,1,FallLeftS1,fall,1,1,0.91,2.99,external_test
CAUCAFall,/content/fall_detection_work/CAUCAFall/Cauca_fall/clips/Subject.1/PickupobjectS1_0_0.000_1.200_1_1_caucafall.avi,1,1,PickupobjectS1,other,9,0,1.2,4.77,external_test
CAUCAFall,/content/fall_detection_work/CAUCAFall/Cauca_fall/clips/Subject.1/FallSittingS1_1_1.850_5.990_1_1_caucafall.avi,1,1,FallSittingS1,fall,1,1,1.85,5.99,external_test
CAUCAFall,/content/fall_detection_work/CAUCAFall/Cauca_fall/clips/Subject.1/FallBackwardsS1_1_1.930_3.770_1_1_caucafall.avi,1,1,FallBackwardsS1,fall,1,1,1.93,3.77,external_test
CAUCAFall,/content/fall_detection_work/CAUCAFall/Cauca_fall/clips/Subject.1/FallForwardS1_0_2.920_5.320_1_1_caucafall.avi,1,1,FallForwardS1,walk,0,0,2.92,5.32,external_test
CAUCAFall,/content/fall_detection_work/CAUCAFall/Cauca_fall/clips/Subject.1/FallLeftS1_0_0.000_0.910_1_1_caucafall.avi,1,1,FallLeftS1,fallen,2,1,2.99,4.29,external_test
CAUCAFall,/content/fall_detection_work/CAUCAFall/Cauca_fall/clips/Subject.1/FallRightS1_1_0.530_3.430_1_1_caucafall.avi,1,1,FallRightS1,fallen,2,1,3.43,5.69,external_test
CAUCAFall,/content/fall_detection_work/CAUCAFall/Cauca_fall/clips/Subject.1/FallBackwardsS1_1_1.930_3.770_1_1_caucafall.avi,1,1,FallBackwardsS1,lying,6,0,3.77,6.25,external_test
CAUCAFall,/content/fall_detection_work/CAUCAFall/Cauca_fall/clips/Subject.1/PickupobjectS1_0_0.000_1.200_1_1_caucafall.avi,1,1,PickupobjectS1,standing,8,0,4.765,5.845,external_test
CAUCAFall,/content/fall_detection_work/CAUCAFall/Cauca_fall/clips/Subject.1/FallForwardS1_0_2.920_5.320_1_1_caucafall.avi,1,1,FallForwardS1,fall,1,1,5.32,7.64,external_test
CAUCAFall,/content/fall_detection_work/CAUCAFall/Cauca_fall/clips/Subject.1/SitDownS1_3_0.000_5.737_1_1_caucafall.avi,1,1,SitDownS1,sitting,4,0,5.737,9.34108,external_test
CAUCAFall,/content/fall_detection_work/CAUCAFall/Cauca_fall/clips/Subject.1/FallSittingS1_1_1.850_5.990_1_1_caucafall.avi,1,1,FallSittingS1,fallen,2,1,5.99,9.09,external_test
CAUCAFall,/content/fall_detection_work/CAUCAFall/Cauca_fall/clips/Subject.1/WalkS1_0_0.000_6.460_1_1_caucafall.avi,1,1,WalkS1,standing,8,0,6.46,7.3,external_test
CAUCAFall,/content/fall_detection_work/CAUCAFall/Cauca_fall/clips/Subject.1/WalkS1_0_0.000_6.460_1_1_caucafall.avi,1,1,WalkS1,walk,0,0,7.3,12.1,external_test
CAUCAFall,/content/fall_detection_work/CAUCAFall/Cauca_fall/clips/Subject.1/FallForwardS1_0_2.920_5.320_1_1_caucafall.avi,1,1,FallForwardS1,fallen,2,1,7.64,9.5,external_test
CAUCAFall,/content/fall_detection_work/CAUCAFall/Cauca_fall/clips/Subject.2/FallForwardS2_1_0.000_1.880_2_1_caucafall.avi,2,1,FallForwardS2,fall,1,1,0.0,1.88,external_test
CAUCAFall,/content/fall_detection_work/CAUCAFall/Cauca_fall/clips/Subject.2/HopS2_9_0.000_8.550_2_1_caucafall.avi,2,1,HopS2,other,9,0,0.0,8.55,external_test
CAUCAFall,/content/fall_detection_work/CAUCAFall/Cauca_fall/clips/Subject.2/KneelS2_7_4.990_6.490_2_1_caucafall.avi,2,1,KneelS2,other,9,0,0.0,5.0,external_test
CAUCAFall,/content/fall_detection_work/CAUCAFall/Cauca_fall/clips/Subject.2/SitDownS2_3_0.000_3.070_2_1_caucafall.avi,2,1,SitDownS2,sit_down,3,0,0.0,3.07025,external_test
CAUCAFall,/content/fall_detection_work/CAUCAFall/Cauca_fall/clips/Subject.2/PickupobjectS2_0_0.000_1.296_2_1_caucafall.avi,2,1,PickupobjectS2,walk,0,0,0.0,1.2963,external_test
CAUCAFall,/content/fall_detection_work/CAUCAFall/Cauca_fall/clips/Subject.2/WalkS2_0_0.000_12.200_2_1_caucafall.avi,2,1,WalkS2,walk,0,0,0.0,12.2,external_test
CAUCAFall,/content/fall_detection_work/CAUCAFall/Cauca_fall/clips/Subject.2/FallBackwardsS2_1_2.060_4.660_2_1_caucafall.avi,2,1,FallBackwardsS2,standing,8,0,0.0,2.06,external_test
CAUCAFall,/content/fall_detection_work/CAUCAFall/Cauca_fall/clips/Subject.2/FallRightS2_0_0.280_1.060_2_1_caucafall.avi,2,1,FallRightS2,standing,8,0,0.0,0.28,external_test
CAUCAFall,/content/fall_detection_work/CAUCAFall/Cauca_fall/clips/Subject.2/FallSittingS2_1_2.240_5.620_2_1_caucafall.avi,2,1,FallSittingS2,sitting,4,0,0.0,2.24,external_test
CAUCAFall,/content/fall_detection_work/CAUCAFall/Cauca_fall/clips/Subject.2/FallLeftS2_1_0.610_3.230_2_1_caucafall.avi,2,1,FallLeftS2,standing,8,0,0.01,0.61,external_test
CAUCAFall,/content/fall_detection_work/CAUCAFall/Cauca_fall/clips/Subject.2/FallRightS2_0_0.280_1.060_2_1_caucafall.avi,2,1,FallRightS2,walk,0,0,0.28,1.06,external_test
CAUCAFall,/content/fall_detection_work/CAUCAFall/Cauca_fall/clips/Subject.2/FallLeftS2_1_0.610_3.230_2_1_caucafall.avi,2,1,FallLeftS2,fall,1,1,0.61,3.23,external_test
CAUCAFall,/content/fall_detection_work/CAUCAFall/Cauca_fall/clips/Subject.2/FallRightS2_0_0.280_1.060_2_1_caucafall.avi,2,1,FallRightS2,fall,1,1,1.06,2.62,external_test
CAUCAFall,/content/fall_detection_work/CAUCAFall/Cauca_fall/clips/Subject.2/PickupobjectS2_0_0.000_1.296_2_1_caucafall.avi,2,1,PickupobjectS2,other,9,0,1.296,8.08186,external_test
CAUCAFall,/content/fall_detection_work/CAUCAFall/Cauca_fall/clips/Subject.2/FallForwardS2_1_0.000_1.880_2_1_caucafall.avi,2,1,FallForwardS2,fallen,2,1,1.68,5.3,external_test
CAUCAFall,/content/fall_detection_work/CAUCAFall/Cauca_fall/clips/Subject.2/FallBackwardsS2_1_2.060_4.660_2_1_caucafall.avi,2,1,FallBackwardsS2,fall,1,1,2.06,4.66,external_test
CAUCAFall,/content/fall_detection_work/CAUCAFall/Cauca_fall/clips/Subject.2/FallSittingS2_1_2.240_5.620_2_1_caucafall.avi,2,1,FallSittingS2,fall,1,1,2.24,5.62,external_test
CAUCAFall,/content/fall_detection_work/CAUCAFall/Cauca_fall/clips/Subject.2/FallRightS2_0_0.280_1.060_2_1_caucafall.avi,2,1,FallRightS2,fallen,2,1,2.62,7.3,external_test
CAUCAFall,/content/fall_detection_work/CAUCAFall/Cauca_fall/clips/Subject.2/SitDownS2_3_0.000_3.070_2_1_caucafall.avi,2,1,SitDownS2,sitting,4,0,3.07,4.79942,external_test
CAUCAFall,/content/fall_detection_work/CAUCAFall/Cauca_fall/clips/Subject.2/FallLeftS2_1_0.610_3.230_2_1_caucafall.avi,2,1,FallLeftS2,fallen,2,1,3.23,5.45,external_test
CAUCAFall,/content/fall_detection_work/CAUCAFall/Cauca_fall/clips/Subject.2/FallBackwardsS2_1_2.060_4.660_2_1_caucafall.avi,2,1,FallBackwardsS2,fallen,2,1,4.66,5.94,external_test
CAUCAFall,/content/fall_detection_work/CAUCAFall/Cauca_fall/clips/Subject.2/SitDownS2_3_0.000_3.070_2_1_caucafall.avi,2,1,SitDownS2,stand_up,7,0,4.799,5.6,external_test
CAUCAFall,/content/fall_detection_work/CAUCAFall/Cauca_fall/clips/Subject.2/KneelS2_7_4.990_6.490_2_1_caucafall.avi,2,1,KneelS2,stand_up,7,0,4.99,6.49,external_test
CAUCAFall,/content/fall_detection_work/CAUCAFall/Cauca_fall/clips/Subject.2/FallSittingS2_1_2.240_5.620_2_1_caucafall.avi,2,1,FallSittingS2,fallen,2,1,5.62,7.84,external_test
CAUCAFall,/content/fall_detection_work/CAUCAFall/Cauca_fall/clips/Subject.2/PickupobjectS2_0_0.000_1.296_2_1_caucafall.avi,2,1,PickupobjectS2,standing,8,0,8.08,8.3,external_test
CAUCAFall,/content/fall_detection_work/CAUCAFall/Cauca_fall/clips/Subject.3/HopS3_9_0.000_8.100_3_1_caucafall.avi,3,1,HopS3,other,9,0,0.0,8.1,external_test
CAUCAFall,/content/fall_detection_work/CAUCAFall/Cauca_fall/clips/Subject.3/KneelS3_7_6.990_10.648_3_1_caucafall.avi,3,1,KneelS3,other,9,0,0.0,6.99,external_test
CAUCAFall,/content/fall_detection_work/CAUCAFall/Cauca_fall/clips/Subject.3/PickupobjectS3_0_0.000_1.696_3_1_caucafall.avi,3,1,PickupobjectS3,walk,0,0,0.0,1.69589,external_test
CAUCAFall,/content/fall_detection_work/CAUCAFall/Cauca_fall/clips/Subject.3/SitDownS3_3_1.987_5.612_3_1_caucafall.avi,3,1,SitDownS3,other,9,0,0.0,1.98692,external_test
CAUCAFall,/content/fall_detection_work/CAUCAFall/Cauca_fall/clips/Subject.3/WalkS3_0_0.000_8.800_3_1_caucafall.avi,3,1,WalkS3,walk,0,0,0.0,8.8,external_test
CAUCAFall,/content/fall_detection_work/CAUCAFall/Cauca_fall/clips/Subject.3/FallBackwardsS3_1_2.220_5.000_3_1_caucafall.avi,3,1,FallBackwardsS3,standing,8,0,0.0,2.22,external_test
CAUCAFall,/content/fall_detection_work/CAUCAFall/Cauca_fall/clips/Subject.3/FallForwardS3_1_3.010_5.190_3_1_caucafall.avi,3,1,FallForwardS3,standing,8,0,0.0,3.01,external_test
CAUCAFall,/content/fall_detection_work/CAUCAFall/Cauca_fall/clips/Subject.3/FallLeftS3_1_4.270_6.130_3_1_caucafall.avi,3,1,FallLeftS3,standing,8,0,0.0,4.27,external_test
CAUCAFall,/content/fall_detection_work/CAUCAFall/Cauca_fall/clips/Subject.3/FallRightS3_1_1.760_3.760_3_1_caucafall.avi,3,1,FallRightS3,standing,8,0,0.0,1.76,external_test
CAUCAFall,/content/fall_detection_work/CAUCAFall/Cauca_fall/clips/Subject.3/FallSittingS3_1_1.500_3.420_3_1_caucafall.avi,3,1,FallSittingS3,sitting,4,0,0.0,1.5,external_test
CAUCAFall,/content/fall_detection_work/CAUCAFall/Cauca_fall/clips/Subject.3/FallSittingS3_1_1.500_3.420_3_1_caucafall.avi,3,1,FallSittingS3,fall,1,1,1.5,3.42,external_test
CAUCAFall,/content/fall_detection_work/CAUCAFall/Cauca_fall/clips/Subject.3/PickupobjectS3_0_0.000_1.696_3_1_caucafall.avi,3,1,PickupobjectS3,other,9,0,1.696,7.44589,external_test
CAUCAFall,/content/fall_detection_work/CAUCAFall/Cauca_fall/clips/Subject.3/FallRightS3_1_1.760_3.760_3_1_caucafall.avi,3,1,FallRightS3,fall,1,1,1.76,3.76,external_test
CAUCAFall,/content/fall_detection_work/CAUCAFall/Cauca_fall/clips/Subject.3/SitDownS3_3_1.987_5.612_3_1_caucafall.avi,3,1,SitDownS3,sit_down,3,0,1.987,5.61192,external_test
CAUCAFall,/content/fall_detection_work/CAUCAFall/Cauca_fall/clips/Subject.3/FallBackwardsS3_1_2.220_5.000_3_1_caucafall.avi,3,1,FallBackwardsS3,fall,1,1,2.22,5.0,external_test
CAUCAFall,/content/fall_detection_work/CAUCAFall/Cauca_fall/clips/Subject.3/FallForwardS3_1_3.010_5.190_3_1_caucafall.avi,3,1,FallForwardS3,fall,1,1,3.01,5.19,external_test
CAUCAFall,/content/fall_detection_work/CAUCAFall/Cauca_fall/clips/Subject.3/FallSittingS3_1_1.500_3.420_3_1_caucafall.avi,3,1,FallSittingS3,fallen,2,1,3.42,10.1,external_test
CAUCAFall,/content/fall_detection_work/CAUCAFall/Cauca_fall/clips/Subject.3/FallRightS3_1_1.760_3.760_3_1_caucafall.avi,3,1,FallRightS3,fallen,2,1,3.76,11.0,external_test
CAUCAFall,/content/fall_detection_work/CAUCAFall/Cauca_fall/clips/Subject.3/FallLeftS3_1_4.270_6.130_3_1_caucafall.avi,3,1,FallLeftS3,fall,1,1,4.27,6.13,external_test
CAUCAFall,/content/fall_detection_work/CAUCAFall/Cauca_fall/clips/Subject.3/FallBackwardsS3_1_2.220_5.000_3_1_caucafall.avi,3,1,FallBackwardsS3,fallen,2,1,5.0,8.3,external_test
CAUCAFall,/content/fall_detection_work/CAUCAFall/Cauca_fall/clips/Subject.3/FallForwardS3_1_3.010_5.190_3_1_caucafall.avi,3,1,FallForwardS3,fallen,2,1,5.19,7.65,external_test
CAUCAFall,/content/fall_detection_work/CAUCAFall/Cauca_fall/clips/Subject.3/SitDownS3_3_1.987_5.612_3_1_caucafall.avi,3,1,SitDownS3,sitting,4,0,5.57,13.04942,external_test
CAUCAFall,/content/fall_detection_work/CAUCAFall/Cauca_fall/clips/Subject.3/FallLeftS3_1_4.270_6.130_3_1_caucafall.avi,3,1,FallLeftS3,fallen,2,1,6.13,8.55,external_test
CAUCAFall,/content/fall_detection_work/CAUCAFall/Cauca_fall/clips/Subject.3/KneelS3_7_6.990_10.648_3_1_caucafall.avi,3,1,KneelS3,stand_up,7,0,6.99,10.64776,external_test
CAUCAFall,/content/fall_detection_work/CAUCAFall/Cauca_fall/clips/Subject.3/PickupobjectS3_0_0.000_1.696_3_1_caucafall.avi,3,1,PickupobjectS3,standing,8,0,7.446,7.8305,external_test
CAUCAFall,/content/fall_detection_work/CAUCAFall/Cauca_fall/clips/Subject.3/PickupobjectS3_0_0.000_1.696_3_1_caucafall.avi,3,1,PickupobjectS3,walk,0,0,7.83,9.28242,external_test
CAUCAFall,/content/fall_detection_work/CAUCAFall/Cauca_fall/clips/Subject.4/FallForwardS4_1_0.000_2.000_4_1_caucafall.avi,4,1,FallForwardS4,fall,1,1,0.0,2.0,external_test
CAUCAFall,/content/fall_detection_work/CAUCAFall/Cauca_fall/clips/Subject.4/HopS4_9_0.000_7.200_4_1_caucafall.avi,4,1,HopS4,other,9,0,0.0,7.2,external_test
CAUCAFall,/content/fall_detection_work/CAUCAFall/Cauca_fall/clips/Subject.4/KneelS4_7_8.531_11.091_4_1_caucafall.avi,4,1,KneelS4,other,9,0,0.0,8.54,external_test
CAUCAFall,/content/fall_detection_work/CAUCAFall/Cauca_fall/clips/Subject.4/PickupobjectS4_0_0.000_8.950_4_1_caucafall.avi,4,1,PickupobjectS4,walk,0,0,0.0,8.95,external_test
CAUCAFall,/content/fall_detection_work/CAUCAFall/Cauca_fall/clips/Subject.4/SitDownS4_3_2.799_5.987_4_1_caucafall.avi,4,1,SitDownS4,other,9,0,0.0,2.79942,external_test
CAUCAFall,/content/fall_detection_work/CAUCAFall/Cauca_fall/clips/Subject.4/WalkS4_0_0.000_12.000_4_1_caucafall.avi,4,1,WalkS4,walk,0,0,0.0,12.0,external_test
CAUCAFall,/content/fall_detection_work/CAUCAFall/Cauca_fall/clips/Subject.4/FallBackwardsS4_0_0.000_2.150_4_1_caucafall.avi,4,1,FallBackwardsS4,walk,0,0,0.0,2.15,external_test
CAUCAFall,/content/fall_detection_work/CAUCAFall/Cauca_fall/clips/Subject.4/FallLeftS4_1_1.980_4.180_4_1_caucafall.avi,4,1,FallLeftS4,other,9,0,0.0,1.98,external_test
CAUCAFall,/content/fall_detection_work/CAUCAFall/Cauca_fall/clips/Subject.4/FallRightS4_1_1.180_3.180_4_1_caucafall.avi,4,1,FallRightS4,standing,8,0,0.0,1.18,external_test
CAUCAFall,/content/fall_detection_work/CAUCAFall/Cauca_fall/clips/Subject.4/FallSittingS4_1_2.260_4.100_4_1_caucafall.avi,4,1,FallSittingS4,sitting,4,0,0.0,2.26,external_test
CAUCAFall,/content/fall_detection_work/CAUCAFall/Cauca_fall/clips/Subject.4/FallRightS4_1_1.180_3.180_4_1_caucafall.avi,4,1,FallRightS4,fall,1,1,1.18,3.18,external_test
CAUCAFall,/content/fall_detection_work/CAUCAFall/Cauca_fall/clips/Subject.4/FallForwardS4_1_0.000_2.000_4_1_caucafall.avi,4,1,FallForwardS4,fallen,2,1,2.0,8.39,external_test
CAUCAFall,/content/fall_detection_work/CAUCAFall/Cauca_fall/clips/Subject.4/FallLeftS4_1_1.980_4.180_4_1_caucafall.avi,4,1,FallLeftS4,fall,1,1,1.98,4.18,external_test
CAUCAFall,/content/fall_detection_work/CAUCAFall/Cauca_fall/clips/Subject.4/FallBackwardsS4_0_0.000_2.150_4_1_caucafall.avi,4,1,FallBackwardsS4,fall,1,1,2.15,5.21,external_test
CAUCAFall,/content/fall_detection_work/CAUCAFall/Cauca_fall/clips/Subject.4/FallSittingS4_1_2.260_4.100_4_1_caucafall.avi,4,1,FallSittingS4,fall,1,1,2.26,4.1,external_test
CAUCAFall,/content/fall_detection_work/CAUCAFall/Cauca_fall/clips/Subject.4/SitDownS4_3_2.799_5.987_4_1_caucafall.avi,4,1,SitDownS4,sit_down,3,0,2.799,5.98692,external_test
CAUCAFall,/content/fall_detection_work/CAUCAFall/Cauca_fall/clips/Subject.4/FallRightS4_1_1.180_3.180_4_1_caucafall.avi,4,1,FallRightS4,fallen,2,1,3.18,7.5,external_test
CAUCAFall,/content/fall_detection_work/CAUCAFall/Cauca_fall/clips/Subject.4/FallSittingS4_1_2.260_4.100_4_1_caucafall.avi,4,1,FallSittingS4,fallen,2,1,4.1,9.9,external_test
CAUCAFall,/content/fall_detection_work/CAUCAFall/Cauca_fall/clips/Subject.4/FallLeftS4_1_1.980_4.180_4_1_caucafall.avi,4,1,FallLeftS4,fallen,2,1,4.18,8.1,external_test
CAUCAFall,/content/fall_detection_work/CAUCAFall/Cauca_fall/clips/Subject.4/FallBackwardsS4_0_0.000_2.150_4_1_caucafall.avi,4,1,FallBackwardsS4,lie_down,5,0,5.21,9.59,external_test
CAUCAFall,/content/fall_detection_work/CAUCAFall/Cauca_fall/clips/Subject.4/SitDownS4_3_2.799_5.987_4_1_caucafall.avi,4,1,SitDownS4,sitting,4,0,5.987,9.94358,external_test
CAUCAFall,/content/fall_detection_work/CAUCAFall/Cauca_fall/clips/Subject.4/KneelS4_7_8.531_11.091_4_1_caucafall.avi,4,1,KneelS4,stand_up,7,0,8.531,11.091,external_test
CAUCAFall,/content/fall_detection_work/CAUCAFall/Cauca_fall/clips/Subject.5/HopS5_9_0.000_6.100_5_1_caucafall.avi,5,1,HopS5,other,9,0,0.0,6.1,external_test
CAUCAFall,/content/fall_detection_work/CAUCAFall/Cauca_fall/clips/Subject.5/PickupobjectS5_0_0.000_2.505_5_1_caucafall.avi,5,1,PickupobjectS5,walk,0,0,0.0,2.50465,external_test
CAUCAFall,/content/fall_detection_work/CAUCAFall/Cauca_fall/clips/Subject.5/SitDownS5_0_0.000_2.299_5_1_caucafall.avi,5,1,SitDownS5,walk,0,0,0.0,2.29942,external_test
CAUCAFall,/content/fall_detection_work/CAUCAFall/Cauca_fall/clips/Subject.5/WalkS5_0_0.000_11.300_5_1_caucafall.avi,5,1,WalkS5,walk,0,0,0.0,11.3,external_test
CAUCAFall,/content/fall_detection_work/CAUCAFall/Cauca_fall/clips/Subject.5/FallBackwardsS5_1_0.750_3.850_5_1_caucafall.avi,5,1,FallBackwardsS5,standing,8,0,0.0,0.75,external_test
CAUCAFall,/content/fall_detection_work/CAUCAFall/Cauca_fall/clips/Subject.5/FallLeftS5_1_1.970_4.490_5_1_caucafall.avi,5,1,FallLeftS5,standing,8,0,0.0,1.97,external_test
CAUCAFall,/content/fall_detection_work/CAUCAFall/Cauca_fall/clips/Subject.5/FallForwardS5_0_0.000_1.940_5_1_caucafall.avi,5,1,FallForwardS5,walk,0,0,0.0,1.94,external_test
CAUCAFall,/content/fall_detection_work/CAUCAFall/Cauca_fall/clips/Subject.5/FallRightS5_0_1.800_2.800_5_1_caucafall.avi,5,1,FallRightS5,standing,8,0,0.0,1.8,external_test
CAUCAFall,/content/fall_detection_work/CAUCAFall/Cauca_fall/clips/Subject.5/FallSittingS5_1_1.880_4.320_5_1_caucafall.avi,5,1,FallSittingS5,sitting,4,0,0.0,1.88,external_test
CAUCAFall,/content/fall_detection_work/CAUCAFall/Cauca_fall/clips/Subject.5/KneelS5_0_0.014_1.954_5_1_caucafall.avi,5,1,KneelS5,walk,0,0,0.014,1.954,external_test
CAUCAFall,/content/fall_detection_work/CAUCAFall/Cauca_fall/clips/Subject.5/FallBackwardsS5_1_0.750_3.850_5_1_caucafall.avi,5,1,FallBackwardsS5,fall,1,1,0.75,3.85,external_test
CAUCAFall,/content/fall_detection_work/CAUCAFall/Cauca_fall/clips/Subject.5/FallRightS5_0_1.800_2.800_5_1_caucafall.avi,5,1,FallRightS5,walk,0,0,1.8,2.8,external_test
CAUCAFall,/content/fall_detection_work/CAUCAFall/Cauca_fall/clips/Subject.5/FallSittingS5_1_1.880_4.320_5_1_caucafall.avi,5,1,FallSittingS5,fall,1,1,1.88,4.32,external_test
CAUCAFall,/content/fall_detection_work/CAUCAFall/Cauca_fall/clips/Subject.5/FallForwardS5_0_0.000_1.940_5_1_caucafall.avi,5,1,FallForwardS5,fall,1,1,1.94,3.66,external_test
CAUCAFall,/content/fall_detection_work/CAUCAFall/Cauca_fall/clips/Subject.5/FallLeftS5_1_1.970_4.490_5_1_caucafall.avi,5,1,FallLeftS5,fall,1,1,1.97,4.49,external_test
CAUCAFall,/content/fall_detection_work/CAUCAFall/Cauca_fall/clips/Subject.5/KneelS5_0_0.014_1.954_5_1_caucafall.avi,5,1,KneelS5,other,9,0,2.127,6.673,external_test
CAUCAFall,/content/fall_detection_work/CAUCAFall/Cauca_fall/clips/Subject.5/SitDownS5_0_0.000_2.299_5_1_caucafall.avi,5,1,SitDownS5,sit_down,3,0,2.299,6.88275,external_test
CAUCAFall,/content/fall_detection_work/CAUCAFall/Cauca_fall/clips/Subject.5/PickupobjectS5_0_0.000_2.505_5_1_caucafall.avi,5,1,PickupobjectS5,other,9,0,2.505,12.85465,external_test
CAUCAFall,/content/fall_detection_work/CAUCAFall/Cauca_fall/clips/Subject.5/FallRightS5_0_1.800_2.800_5_1_caucafall.avi,5,1,FallRightS5,fall,1,1,2.8,4.8,external_test
CAUCAFall,/content/fall_detection_work/CAUCAFall/Cauca_fall/clips/Subject.5/FallForwardS5_0_0.000_1.940_5_1_caucafall.avi,5,1,FallForwardS5,fallen,2,1,3.66,10.0,external_test
CAUCAFall,/content/fall_detection_work/CAUCAFall/Cauca_fall/clips/Subject.5/FallBackwardsS5_1_0.750_3.850_5_1_caucafall.avi,5,1,FallBackwardsS5,fallen,2,1,3.85,10.69,external_test
CAUCAFall,/content/fall_detection_work/CAUCAFall/Cauca_fall/clips/Subject.5/FallSittingS5_1_1.880_4.320_5_1_caucafall.avi,5,1,FallSittingS5,fallen,2,1,4.32,11.44,external_test
CAUCAFall,/content/fall_detection_work/CAUCAFall/Cauca_fall/clips/Subject.5/FallLeftS5_1_1.970_4.490_5_1_caucafall.avi,5,1,FallLeftS5,fallen,2,1,4.49,12.35,external_test
CAUCAFall,/content/fall_detection_work/CAUCAFall/Cauca_fall/clips/Subject.5/FallRightS5_0_1.800_2.800_5_1_caucafall.avi,5,1,FallRightS5,fallen,2,1,4.8,10.94,external_test
CAUCAFall,/content/fall_detection_work/CAUCAFall/Cauca_fall/clips/Subject.5/KneelS5_0_0.014_1.954_5_1_caucafall.avi,5,1,KneelS5,stand_up,7,0,6.674,10.394,external_test
CAUCAFall,/content/fall_detection_work/CAUCAFall/Cauca_fall/clips/Subject.5/SitDownS5_0_0.000_2.299_5_1_caucafall.avi,5,1,SitDownS5,sitting,4,0,6.883,11.46608,external_test
CAUCAFall,/content/fall_detection_work/CAUCAFall/Cauca_fall/clips/Subject.5/SitDownS5_0_0.000_2.299_5_1_caucafall.avi,5,1,SitDownS5,stand_up,7,0,11.466,12.98608,external_test
CAUCAFall,/content/fall_detection_work/CAUCAFall/Cauca_fall/clips/Subject.5/PickupobjectS5_0_0.000_2.505_5_1_caucafall.avi,5,1,PickupobjectS5,walk,0,0,12.855,13.55,external_test
CAUCAFall,/content/fall_detection_work/CAUCAFall/Cauca_fall/clips/Subject.6/HopS6_9_0.000_8.100_6_1_caucafall.avi,6,1,HopS6,other,9,0,0.0,8.1,external_test
CAUCAFall,/content/fall_detection_work/CAUCAFall/Cauca_fall/clips/Subject.6/KneelS6_7_7.334_9.434_6_1_caucafall.avi,6,1,KneelS6,other,9,0,0.0,7.35,external_test
CAUCAFall,/content/fall_detection_work/CAUCAFall/Cauca_fall/clips/Subject.6/PickupobjectS6_0_0.000_2.195_6_1_caucafall.avi,6,1,PickupobjectS6,walk,0,0,0.0,2.19525,external_test
CAUCAFall,/content/fall_detection_work/CAUCAFall/Cauca_fall/clips/Subject.6/SitDownS6_0_0.000_2.424_6_1_caucafall.avi,6,1,SitDownS6,walk,0,0,0.0,2.42442,external_test
CAUCAFall,/content/fall_detection_work/CAUCAFall/Cauca_fall/clips/Subject.6/WalkS6_0_0.000_13.300_6_1_caucafall.avi,6,1,WalkS6,walk,0,0,0.0,13.3,external_test
CAUCAFall,/content/fall_detection_work/CAUCAFall/Cauca_fall/clips/Subject.6/FallBackwardsS6_1_2.220_5.920_6_1_caucafall.avi,6,1,FallBackwardsS6,standing,8,0,0.0,2.22,external_test
CAUCAFall,/content/fall_detection_work/CAUCAFall/Cauca_fall/clips/Subject.6/FallForwardS6_0_0.000_2.360_6_1_caucafall.avi,6,1,FallForwardS6,walk,0,0,0.0,2.36,external_test
CAUCAFall,/content/fall_detection_work/CAUCAFall/Cauca_fall/clips/Subject.6/FallLeftS6_0_0.000_1.080_6_1_caucafall.avi,6,1,FallLeftS6,walk,0,0,0.0,1.08,external_test
CAUCAFall,/content/fall_detection_work/CAUCAFall/Cauca_fall/clips/Subject.6/FallRightS6_0_0.000_2.900_6_1_caucafall.avi,6,1,FallRightS6,walk,0,0,0.0,2.9,external_test
CAUCAFall,/content/fall_detection_work/CAUCAFall/Cauca_fall/clips/Subject.6/FallSittingS6_1_2.980_6.020_6_1_caucafall.avi,6,1,FallSittingS6,sitting,4,0,0.0,2.98,external_test
CAUCAFall,/content/fall_detection_work/CAUCAFall/Cauca_fall/clips/Subject.6/FallLeftS6_0_0.000_1.080_6_1_caucafall.avi,6,1,FallLeftS6,fall,1,1,1.08,3.64,external_test
CAUCAFall,/content/fall_detection_work/CAUCAFall/Cauca_fall/clips/Subject.6/PickupobjectS6_0_0.000_2.195_6_1_caucafall.avi,6,1,PickupobjectS6,other,9,0,2.195,8.69525,external_test
CAUCAFall,/content/fall_detection_work/CAUCAFall/Cauca_fall/clips/Subject.6/FallBackwardsS6_1_2.220_5.920_6_1_caucafall.avi,6,1,FallBackwardsS6,fall,1,1,2.22,5.92,external_test
CAUCAFall,/content/fall_detection_work/CAUCAFall/Cauca_fall/clips/Subject.6/FallForwardS6_0_0.000_2.360_6_1_caucafall.avi,6,1,FallForwardS6,fall,1,1,2.36,5.2,external_test
CAUCAFall,/content/fall_detection_work/CAUCAFall/Cauca_fall/clips/Subject.6/SitDownS6_0_0.000_2.424_6_1_caucafall.avi,6,1,SitDownS6,sit_down,3,0,2.424,5.36192,external_test
CAUCAFall,/content/fall_detection_work/CAUCAFall/Cauca_fall/clips/Subject.6/FallRightS6_0_0.000_2.900_6_1_caucafall.avi,6,1,FallRightS6,fall,1,1,2.9,5.12,external_test
CAUCAFall,/content/fall_detection_work/CAUCAFall/Cauca_fall/clips/Subject.6/FallSittingS6_1_2.980_6.020_6_1_caucafall.avi,6,1,FallSittingS6,fall,1,1,2.98,6.02,external_test
CAUCAFall,/content/fall_detection_work/CAUCAFall/Cauca_fall/clips/Subject.6/FallLeftS6_0_0.000_1.080_6_1_caucafall.avi,6,1,FallLeftS6,fallen,2,1,3.64,11.44,external_test
CAUCAFall,/content/fall_detection_work/CAUCAFall/Cauca_fall/clips/Subject.6/FallRightS6_0_0.000_2.900_6_1_caucafall.avi,6,1,FallRightS6,fallen,2,1,5.12,11.44,external_test
CAUCAFall,/content/fall_detection_work/CAUCAFall/Cauca_fall/clips/Subject.6/FallForwardS6_0_0.000_2.360_6_1_caucafall.avi,6,1,FallForwardS6,fallen,2,1,5.2,10.1,external_test
CAUCAFall,/content/fall_detection_work/CAUCAFall/Cauca_fall/clips/Subject.6/SitDownS6_0_0.000_2.424_6_1_caucafall.avi,6,1,SitDownS6,sitting,4,0,5.362,8.50775,external_test
CAUCAFall,/content/fall_detection_work/CAUCAFall/Cauca_fall/clips/Subject.6/FallBackwardsS6_1_2.220_5.920_6_1_caucafall.avi,6,1,FallBackwardsS6,fallen,2,1,5.92,11.7,external_test
CAUCAFall,/content/fall_detection_work/CAUCAFall/Cauca_fall/clips/Subject.6/FallSittingS6_1_2.980_6.020_6_1_caucafall.avi,6,1,FallSittingS6,fallen,2,1,6.02,12.4,external_test
CAUCAFall,/content/fall_detection_work/CAUCAFall/Cauca_fall/clips/Subject.6/KneelS6_7_7.334_9.434_6_1_caucafall.avi,6,1,KneelS6,stand_up,7,0,7.334,9.434,external_test
CAUCAFall,/content/fall_detection_work/CAUCAFall/Cauca_fall/clips/Subject.6/SitDownS6_0_0.000_2.424_6_1_caucafall.avi,6,1,SitDownS6,stand_up,7,0,8.508,9.45,external_test
CAUCAFall,/content/fall_detection_work/CAUCAFall/Cauca_fall/clips/Subject.6/PickupobjectS6_0_0.000_2.195_6_1_caucafall.avi,6,1,PickupobjectS6,walk,0,0,8.695,10.09108,external_test
CAUCAFall,/content/fall_detection_work/CAUCAFall/Cauca_fall/clips/Subject.7/HopS7_9_0.000_9.900_7_1_caucafall.avi,7,1,HopS7,other,9,0,0.0,9.9,external_test
CAUCAFall,/content/fall_detection_work/CAUCAFall/Cauca_fall/clips/Subject.7/KneelS7_7_9.320_10.100_7_1_caucafall.avi,7,1,KneelS7,other,9,0,0.0,9.32,external_test
CAUCAFall,/content/fall_detection_work/CAUCAFall/Cauca_fall/clips/Subject.7/PickupobjectS7_0_1.069_2.238_7_1_caucafall.avi,7,1,PickupobjectS7,stand_up,7,0,0.0,1.06946,external_test
CAUCAFall,/content/fall_detection_work/CAUCAFall/Cauca_fall/clips/Subject.7/SitDownS7_0_0.000_0.799_7_1_caucafall.avi,7,1,SitDownS7,walk,0,0,0.0,0.79942,external_test
CAUCAFall,/content/fall_detection_work/CAUCAFall/Cauca_fall/clips/Subject.7/WalkS7_0_0.000_9.650_7_1_caucafall.avi,7,1,WalkS7,walk,0,0,0.0,9.65,external_test
CAUCAFall,/content/fall_detection_work/CAUCAFall/Cauca_fall/clips/Subject.7/FallBackwardsS7_1_3.090_5.550_7_1_caucafall.avi,7,1,FallBackwardsS7,standing,8,0,0.0,3.09,external_test
CAUCAFall,/content/fall_detection_work/CAUCAFall/Cauca_fall/clips/Subject.7/FallForwardS7_0_0.000_0.780_7_1_caucafall.avi,7,1,FallForwardS7,walk,0,0,0.0,0.78,external_test
CAUCAFall,/content/fall_detection_work/CAUCAFall/Cauca_fall/clips/Subject.7/FallLeftS7_1_2.360_4.380_7_1_caucafall.avi,7,1,FallLeftS7,standing,8,0,0.0,2.36,external_test
CAUCAFall,/content/fall_detection_work/CAUCAFall/Cauca_fall/clips/Subject.7/FallRightS7_1_1.030_3.090_7_1_caucafall.avi,7,1,FallRightS7,standing,8,0,0.0,1.03,external_test
CAUCAFall,/content/fall_detection_work/CAUCAFall/Cauca_fall/clips/Subject.7/FallSittingS7_1_1.080_4.160_7_1_caucafall.avi,7,1,FallSittingS7,sitting,4,0,0.0,1.08,external_test
CAUCAFall,/content/fall_detection_work/CAUCAFall/Cauca_fall/clips/Subject.7/FallForwardS7_0_0.000_0.780_7_1_caucafall.avi,7,1,FallForwardS7,fall,1,1,0.78,2.64,external_test
CAUCAFall,/content/fall_detection_work/CAUCAFall/Cauca_fall/clips/Subject.7/SitDownS7_0_0.000_0.799_7_1_caucafall.avi,7,1,SitDownS7,sit_down,3,0,0.799,4.07025,external_test
CAUCAFall,/content/fall_detection_work/CAUCAFall/Cauca_fall/clips/Subject.7/FallRightS7_1_1.030_3.090_7_1_caucafall.avi,7,1,FallRightS7,fall,1,1,1.03,3.09,external_test
CAUCAFall,/content/fall_detection_work/CAUCAFall/Cauca_fall/clips/Subject.7/PickupobjectS7_0_1.069_2.238_7_1_caucafall.avi,7,1,PickupobjectS7,walk,0,0,1.069,2.23792,external_test
CAUCAFall,/content/fall_detection_work/CAUCAFall/Cauca_fall/clips/Subject.7/FallSittingS7_1_1.080_4.160_7_1_caucafall.avi,7,1,FallSittingS7,fall,1,1,1.08,4.16,external_test
CAUCAFall,/content/fall_detection_work/CAUCAFall/Cauca_fall/clips/Subject.7/PickupobjectS7_0_1.069_2.238_7_1_caucafall.avi,7,1,PickupobjectS7,other,9,0,2.238,6.58408,external_test
CAUCAFall,/content/fall_detection_work/CAUCAFall/Cauca_fall/clips/Subject.7/FallLeftS7_1_2.360_4.380_7_1_caucafall.avi,7,1,FallLeftS7,fall,1,1,2.36,4.38,external_test
CAUCAFall,/content/fall_detection_work/CAUCAFall/Cauca_fall/clips/Subject.7/FallForwardS7_0_0.000_0.780_7_1_caucafall.avi,7,1,FallForwardS7,fallen,2,1,2.64,8.1,external_test
CAUCAFall,/content/fall_detection_work/CAUCAFall/Cauca_fall/clips/Subject.7/FallBackwardsS7_1_3.090_5.550_7_1_caucafall.avi,7,1,FallBackwardsS7,fall,1,1,3.09,5.55,external_test
CAUCAFall,/content/fall_detection_work/CAUCAFall/Cauca_fall/clips/Subject.7/FallRightS7_1_1.030_3.090_7_1_caucafall.avi,7,1,FallRightS7,fallen,2,1,3.09,8.29,external_test
CAUCAFall,/content/fall_detection_work/CAUCAFall/Cauca_fall/clips/Subject.7/SitDownS7_0_0.000_0.799_7_1_caucafall.avi,7,1,SitDownS7,sitting,4,0,4.07,8.19525,external_test
CAUCAFall,/content/fall_detection_work/CAUCAFall/Cauca_fall/clips/Subject.7/FallSittingS7_1_1.080_4.160_7_1_caucafall.avi,7,1,FallSittingS7,fallen,2,1,4.16,10.34,external_test
CAUCAFall,/content/fall_detection_work/CAUCAFall/Cauca_fall/clips/Subject.7/FallLeftS7_1_2.360_4.380_7_1_caucafall.avi,7,1,FallLeftS7,fallen,2,1,4.38,10.6,external_test
CAUCAFall,/content/fall_detection_work/CAUCAFall/Cauca_fall/clips/Subject.7/FallBackwardsS7_1_3.090_5.550_7_1_caucafall.avi,7,1,FallBackwardsS7,fallen,2,1,5.55,12.55,external_test
CAUCAFall,/content/fall_detection_work/CAUCAFall/Cauca_fall/clips/Subject.7/PickupobjectS7_0_1.069_2.238_7_1_caucafall.avi,7,1,PickupobjectS7,standing,8,0,6.584,7.584,external_test
CAUCAFall,/content/fall_detection_work/CAUCAFall/Cauca_fall/clips/Subject.7/SitDownS7_0_0.000_0.799_7_1_caucafall.avi,7,1,SitDownS7,stand_up,7,0,8.195,9.635,external_test
CAUCAFall,/content/fall_detection_work/CAUCAFall/Cauca_fall/clips/Subject.7/KneelS7_7_9.320_10.100_7_1_caucafall.avi,7,1,KneelS7,stand_up,7,0,9.32,10.1,external_test
CAUCAFall,/content/fall_detection_work/CAUCAFall/Cauca_fall/clips/Subject.8/HopS8_9_0.000_8.300_8_1_caucafall.avi,8,1,HopS8,other,9,0,0.0,8.3,external_test
CAUCAFall,/content/fall_detection_work/CAUCAFall/Cauca_fall/clips/Subject.8/KneelS8_7_10.000_12.800_8_1_caucafall.avi,8,1,KneelS8,other,9,0,0.0,10.0,external_test
CAUCAFall,/content/fall_detection_work/CAUCAFall/Cauca_fall/clips/Subject.8/PickupobjectS8_0_0.000_1.883_8_1_caucafall.avi,8,1,PickupobjectS8,walk,0,0,0.0,1.88275,external_test
CAUCAFall,/content/fall_detection_work/CAUCAFall/Cauca_fall/clips/Subject.8/SitDownS8_3_0.000_4.966_8_1_caucafall.avi,8,1,SitDownS8,sit_down,3,0,0.0,4.96608,external_test
CAUCAFall,/content/fall_detection_work/CAUCAFall/Cauca_fall/clips/Subject.8/WalkS8_0_0.000_10.800_8_1_caucafall.avi,8,1,WalkS8,walk,0,0,0.0,10.8,external_test
CAUCAFall,/content/fall_detection_work/CAUCAFall/Cauca_fall/clips/Subject.8/FallBackwardsS8_1_1.730_4.550_8_1_caucafall.avi,8,1,FallBackwardsS8,standing,8,0,0.0,1.73,external_test
CAUCAFall,/content/fall_detection_work/CAUCAFall/Cauca_fall/clips/Subject.8/FallForwardS8_0_0.000_0.710_8_1_caucafall.avi,8,1,FallForwardS8,walk,0,0,0.0,0.71,external_test
CAUCAFall,/content/fall_detection_work/CAUCAFall/Cauca_fall/clips/Subject.8/FallLeftS8_1_1.000_3.400_8_1_caucafall.avi,8,1,FallLeftS8,standing,8,0,0.0,1.0,external_test
CAUCAFall,/content/fall_detection_work/CAUCAFall/Cauca_fall/clips/Subject.8/FallRightS8_0_0.000_1.580_8_1_caucafall.avi,8,1,FallRightS8,walk,0,0,0.0,1.58,external_test
CAUCAFall,/content/fall_detection_work/CAUCAFall/Cauca_fall/clips/Subject.8/FallSittingS8_1_2.250_5.550_8_1_caucafall.avi,8,1,FallSittingS8,sitting,4,0,0.0,2.25,external_test
CAUCAFall,/content/fall_detection_work/CAUCAFall/Cauca_fall/clips/Subject.8/FallForwardS8_0_0.000_0.710_8_1_caucafall.avi,8,1,FallForwardS8,fall,1,1,0.71,2.55,external_test
CAUCAFall,/content/fall_detection_work/CAUCAFall/Cauca_fall/clips/Subject.8/FallLeftS8_1_1.000_3.400_8_1_caucafall.avi,8,1,FallLeftS8,fall,1,1,1.0,3.4,external_test
CAUCAFall,/content/fall_detection_work/CAUCAFall/Cauca_fall/clips/Subject.8/FallRightS8_0_0.000_1.580_8_1_caucafall.avi,8,1,FallRightS8,fall,1,1,1.58,3.68,external_test
CAUCAFall,/content/fall_detection_work/CAUCAFall/Cauca_fall/clips/Subject.8/FallBackwardsS8_1_1.730_4.550_8_1_caucafall.avi,8,1,FallBackwardsS8,fall,1,1,1.73,4.55,external_test
CAUCAFall,/content/fall_detection_work/CAUCAFall/Cauca_fall/clips/Subject.8/PickupobjectS8_0_0.000_1.883_8_1_caucafall.avi,8,1,PickupobjectS8,other,9,0,1.883,13.29942,external_test
CAUCAFall,/content/fall_detection_work/CAUCAFall/Cauca_fall/clips/Subject.8/FallSittingS8_1_2.250_5.550_8_1_caucafall.avi,8,1,FallSittingS8,fall,1,1,2.25,5.55,external_test
CAUCAFall,/content/fall_detection_work/CAUCAFall/Cauca_fall/clips/Subject.8/FallForwardS8_0_0.000_0.710_8_1_caucafall.avi,8,1,FallForwardS8,fallen,2,1,2.55,6.09,external_test
CAUCAFall,/content/fall_detection_work/CAUCAFall/Cauca_fall/clips/Subject.8/FallLeftS8_1_1.000_3.400_8_1_caucafall.avi,8,1,FallLeftS8,fallen,2,1,3.4,10.1,external_test
CAUCAFall,/content/fall_detection_work/CAUCAFall/Cauca_fall/clips/Subject.8/FallRightS8_0_0.000_1.580_8_1_caucafall.avi,8,1,FallRightS8,fallen,2,1,3.68,11.44,external_test
CAUCAFall,/content/fall_detection_work/CAUCAFall/Cauca_fall/clips/Subject.8/FallBackwardsS8_1_1.730_4.550_8_1_caucafall.avi,8,1,FallBackwardsS8,fallen,2,1,4.55,10.59,external_test
CAUCAFall,/content/fall_detection_work/CAUCAFall/Cauca_fall/clips/Subject.8/SitDownS8_3_0.000_4.966_8_1_caucafall.avi,8,1,SitDownS8,sitting,4,0,4.966,10.59108,external_test
CAUCAFall,/content/fall_detection_work/CAUCAFall/Cauca_fall/clips/Subject.8/FallSittingS8_1_2.250_5.550_8_1_caucafall.avi,8,1,FallSittingS8,fallen,2,1,5.55,11.69,external_test
CAUCAFall,/content/fall_detection_work/CAUCAFall/Cauca_fall/clips/Subject.8/KneelS8_7_10.000_12.800_8_1_caucafall.avi,8,1,KneelS8,stand_up,7,0,10.0,12.8,external_test
CAUCAFall,/content/fall_detection_work/CAUCAFall/Cauca_fall/clips/Subject.9/HopS9_8_0.000_0.700_9_1_caucafall.avi,9,1,HopS9,standing,8,0,0.0,0.7,external_test
CAUCAFall,/content/fall_detection_work/CAUCAFall/Cauca_fall/clips/Subject.9/KneelS9_0_0.000_2.280_9_1_caucafall.avi,9,1,KneelS9,walk,0,0,0.0,2.28,external_test
CAUCAFall,/content/fall_detection_work/CAUCAFall/Cauca_fall/clips/Subject.9/PickupobjectS9_0_0.000_2.383_9_1_caucafall.avi,9,1,PickupobjectS9,walk,0,0,0.0,2.38275,external_test
CAUCAFall,/content/fall_detection_work/CAUCAFall/Cauca_fall/clips/Subject.9/SitDownS9_0_0.000_0.862_9_1_caucafall.avi,9,1,SitDownS9,walk,0,0,0.0,0.86192,external_test
CAUCAFall,/content/fall_detection_work/CAUCAFall/Cauca_fall/clips/Subject.9/WalkS9_0_0.000_11.700_9_1_caucafall.avi,9,1,WalkS9,walk,0,0,0.0,11.7,external_test
CAUCAFall,/content/fall_detection_work/CAUCAFall/Cauca_fall/clips/Subject.9/FallBackwardsS9_1_1.660_5.080_9_1_caucafall.avi,9,1,FallBackwardsS9,standing,8,0,0.0,1.66,external_test
CAUCAFall,/content/fall_detection_work/CAUCAFall/Cauca_fall/clips/Subject.9/FallForwardS9_0_0.000_1.250_9_1_caucafall.avi,9,1,FallForwardS9,walk,0,0,0.0,1.25,external_test
CAUCAFall,/content/fall_detection_work/CAUCAFall/Cauca_fall/clips/Subject.9/FallLeftS9_0_0.000_0.920_9_1_caucafall.avi,9,1,FallLeftS9,walk,0,0,0.0,0.92,external_test
CAUCAFall,/content/fall_detection_work/CAUCAFall/Cauca_fall/clips/Subject.9/FallRightS9_0_0.000_1.500_9_1_caucafall.avi,9,1,FallRightS9,walk,0,0,0.0,1.5,external_test
CAUCAFall,/content/fall_detection_work/CAUCAFall/Cauca_fall/clips/Subject.9/FallSittingS9_1_1.540_5.000_9_1_caucafall.avi,9,1,FallSittingS9,sitting,4,0,0.0,1.54,external_test
CAUCAFall,/content/fall_detection_work/CAUCAFall/Cauca_fall/clips/Subject.9/HopS9_8_0.000_0.700_9_1_caucafall.avi,9,1,HopS9,other,9,0,0.7,10.6,external_test
CAUCAFall,/content/fall_detection_work/CAUCAFall/Cauca_fall/clips/Subject.9/SitDownS9_0_0.000_0.862_9_1_caucafall.avi,9,1,SitDownS9,sit_down,3,0,0.862,4.71608,external_test
CAUCAFall,/content/fall_detection_work/CAUCAFall/Cauca_fall/clips/Subject.9/FallLeftS9_0_0.000_0.920_9_1_caucafall.avi,9,1,FallLeftS9,fall,1,1,0.92,4.32,external_test
CAUCAFall,/content/fall_detection_work/CAUCAFall/Cauca_fall/clips/Subject.9/FallForwardS9_0_0.000_1.250_9_1_caucafall.avi,9,1,FallForwardS9,fall,1,1,1.25,3.45,external_test
CAUCAFall,/content/fall_detection_work/CAUCAFall/Cauca_fall/clips/Subject.9/FallRightS9_0_0.000_1.500_9_1_caucafall.avi,9,1,FallRightS9,fall,1,1,1.5,3.56,external_test
CAUCAFall,/content/fall_detection_work/CAUCAFall/Cauca_fall/clips/Subject.9/FallSittingS9_1_1.540_5.000_9_1_caucafall.avi,9,1,FallSittingS9,fall,1,1,1.54,5.0,external_test
CAUCAFall,/content/fall_detection_work/CAUCAFall/Cauca_fall/clips/Subject.9/FallBackwardsS9_1_1.660_5.080_9_1_caucafall.avi,9,1,FallBackwardsS9,fall,1,1,1.66,5.08,external_test
CAUCAFall,/content/fall_detection_work/CAUCAFall/Cauca_fall/clips/Subject.9/KneelS9_0_0.000_2.280_9_1_caucafall.avi,9,1,KneelS9,other,9,0,2.28,8.92,external_test
CAUCAFall,/content/fall_detection_work/CAUCAFall/Cauca_fall/clips/Subject.9/PickupobjectS9_0_0.000_2.383_9_1_caucafall.avi,9,1,PickupobjectS9,other,9,0,2.383,10.98108,external_test
CAUCAFall,/content/fall_detection_work/CAUCAFall/Cauca_fall/clips/Subject.9/FallForwardS9_0_0.000_1.250_9_1_caucafall.avi,9,1,FallForwardS9,fallen,2,1,3.45,7.39,external_test
CAUCAFall,/content/fall_detection_work/CAUCAFall/Cauca_fall/clips/Subject.9/FallRightS9_0_0.000_1.500_9_1_caucafall.avi,9,1,FallRightS9,fallen,2,1,3.56,9.44,external_test
CAUCAFall,/content/fall_detection_work/CAUCAFall/Cauca_fall/clips/Subject.9/FallLeftS9_0_0.000_0.920_9_1_caucafall.avi,9,1,FallLeftS9,fallen,2,1,4.32,10.34,external_test
CAUCAFall,/content/fall_detection_work/CAUCAFall/Cauca_fall/clips/Subject.9/SitDownS9_0_0.000_0.862_9_1_caucafall.avi,9,1,SitDownS9,sitting,4,0,4.716,11.36192,external_test
CAUCAFall,/content/fall_detection_work/CAUCAFall/Cauca_fall/clips/Subject.9/FallSittingS9_1_1.540_5.000_9_1_caucafall.avi,9,1,FallSittingS9,fallen,2,1,5.0,10.8,external_test
CAUCAFall,/content/fall_detection_work/CAUCAFall/Cauca_fall/clips/Subject.9/FallBackwardsS9_1_1.660_5.080_9_1_caucafall.avi,9,1,FallBackwardsS9,fallen,2,1,5.08,12.6,external_test
CAUCAFall,/content/fall_detection_work/CAUCAFall/Cauca_fall/clips/Subject.9/KneelS9_0_0.000_2.280_9_1_caucafall.avi,9,1,KneelS9,stand_up,7,0,8.92,10.8,external_test
CAUCAFall,/content/fall_detection_work/CAUCAFall/Cauca_fall/clips/Subject.9/SitDownS9_0_0.000_0.862_9_1_caucafall.avi,9,1,SitDownS9,stand_up,7,0,11.362,11.9,external_test
CAUCAFall,/content/fall_detection_work/CAUCAFall/Cauca_fall/clips/Subject.10/HopS10_9_0.000_12.400_10_1_caucafall.avi,10,1,HopS10,other,9,0,0.0,12.4,external_test
CAUCAFall,/content/fall_detection_work/CAUCAFall/Cauca_fall/clips/Subject.10/KneelS10_7_10.982_13.042_10_1_caucafall.avi,10,1,KneelS10,other,9,0,0.0,10.99,external_test
CAUCAFall,/content/fall_detection_work/CAUCAFall/Cauca_fall/clips/Subject.10/PickupobjectS10_0_0.000_1.640_10_1_caucafall.avi,10,1,PickupobjectS10,walk,0,0,0.0,1.64,external_test
CAUCAFall,/content/fall_detection_work/CAUCAFall/Cauca_fall/clips/Subject.10/SitDownS10_0_0.000_1.540_10_1_caucafall.avi,10,1,SitDownS10,walk,0,0,0.0,1.54,external_test
CAUCAFall,/content/fall_detection_work/CAUCAFall/Cauca_fall/clips/Subject.10/WalkS10_0_0.000_11.250_10_1_caucafall.avi,10,1,WalkS10,walk,0,0,0.0,11.25,external_test
CAUCAFall,/content/fall_detection_work/CAUCAFall/Cauca_fall/clips/Subject.10/FallBackwardsS10_1_1.910_4.410_10_1_caucafall.avi,10,1,FallBackwardsS10,standing,8,0,0.0,1.91,external_test
CAUCAFall,/content/fall_detection_work/CAUCAFall/Cauca_fall/clips/Subject.10/FallForwardS10_0_0.000_0.860_10_1_caucafall.avi,10,1,FallForwardS10,walk,0,0,0.0,0.86,external_test
CAUCAFall,/content/fall_detection_work/CAUCAFall/Cauca_fall/clips/Subject.10/FallLeftS10_1_0.970_3.350_10_1_caucafall.avi,10,1,FallLeftS10,standing,8,0,0.0,0.97,external_test
CAUCAFall,/content/fall_detection_work/CAUCAFall/Cauca_fall/clips/Subject.10/FallRightS10_1_2.270_4.410_10_1_caucafall.avi,10,1,FallRightS10,standing,8,0,0.0,2.27,external_test
CAUCAFall,/content/fall_detection_work/CAUCAFall/Cauca_fall/clips/Subject.10/FallSittingS10_1_1.850_4.450_10_1_caucafall.avi,10,1,FallSittingS10,sitting,4,0,0.0,1.85,external_test
CAUCAFall,/content/fall_detection_work/CAUCAFall/Cauca_fall/clips/Subject.10/FallForwardS10_0_0.000_0.860_10_1_caucafall.avi,10,1,FallForwardS10,fall,1,1,0.86,3.56,external_test
CAUCAFall,/content/fall_detection_work/CAUCAFall/Cauca_fall/clips/Subject.10/FallLeftS10_1_0.970_3.350_10_1_caucafall.avi,10,1,FallLeftS10,fall,1,1,0.97,3.35,external_test
CAUCAFall,/content/fall_detection_work/CAUCAFall/Cauca_fall/clips/Subject.10/SitDownS10_0_0.000_1.540_10_1_caucafall.avi,10,1,SitDownS10,sit_down,3,0,1.54,4.86192,external_test
CAUCAFall,/content/fall_detection_work/CAUCAFall/Cauca_fall/clips/Subject.10/PickupobjectS10_0_0.000_1.640_10_1_caucafall.avi,10,1,PickupobjectS10,other,9,0,1.64,11.83941,external_test
CAUCAFall,/content/fall_detection_work/CAUCAFall/Cauca_fall/clips/Subject.10/FallSittingS10_1_1.850_4.450_10_1_caucafall.avi,10,1,FallSittingS10,fall,1,1,1.85,4.45,external_test
CAUCAFall,/content/fall_detection_work/CAUCAFall/Cauca_fall/clips/Subject.10/FallBackwardsS10_1_1.910_4.410_10_1_caucafall.avi,10,1,FallBackwardsS10,fall,1,1,1.91,4.41,external_test
CAUCAFall,/content/fall_detection_work/CAUCAFall/Cauca_fall/clips/Subject.10/FallRightS10_1_2.270_4.410_10_1_caucafall.avi,10,1,FallRightS10,fall,1,1,2.27,4.41,external_test
CAUCAFall,/content/fall_detection_work/CAUCAFall/Cauca_fall/clips/Subject.10/FallLeftS10_1_0.970_3.350_10_1_caucafall.avi,10,1,FallLeftS10,fallen,2,1,3.35,10.59,external_test
CAUCAFall,/content/fall_detection_work/CAUCAFall/Cauca_fall/clips/Subject.10/FallForwardS10_0_0.000_0.860_10_1_caucafall.avi,10,1,FallForwardS10,fallen,2,1,3.56,12.14,external_test
CAUCAFall,/content/fall_detection_work/CAUCAFall/Cauca_fall/clips/Subject.10/FallBackwardsS10_1_1.910_4.410_10_1_caucafall.avi,10,1,FallBackwardsS10,fallen,2,1,4.41,13.69,external_test
CAUCAFall,/content/fall_detection_work/CAUCAFall/Cauca_fall/clips/Subject.10/FallRightS10_1_2.270_4.410_10_1_caucafall.avi,10,1,FallRightS10,fallen,2,1,4.41,10.09,external_test
CAUCAFall,/content/fall_detection_work/CAUCAFall/Cauca_fall/clips/Subject.10/FallSittingS10_1_1.850_4.450_10_1_caucafall.avi,10,1,FallSittingS10,fallen,2,1,4.45,14.39,external_test
CAUCAFall,/content/fall_detection_work/CAUCAFall/Cauca_fall/clips/Subject.10/SitDownS10_0_0.000_1.540_10_1_caucafall.avi,10,1,SitDownS10,sitting,4,0,4.862,9.54942,external_test
CAUCAFall,/content/fall_detection_work/CAUCAFall/Cauca_fall/clips/Subject.10/SitDownS10_0_0.000_1.540_10_1_caucafall.avi,10,1,SitDownS10,stand_up,7,0,9.549,10.98692,external_test
CAUCAFall,/content/fall_detection_work/CAUCAFall/Cauca_fall/clips/Subject.10/KneelS10_7_10.982_13.042_10_1_caucafall.avi,10,1,KneelS10,stand_up,7,0,10.982,13.042,external_test
CAUCAFall,/content/fall_detection_work/CAUCAFall/Cauca_fall/clips/Subject.10/SitDownS10_0_0.000_1.540_10_1_caucafall.avi,10,1,SitDownS10,standing,8,0,10.987,11.7,external_test
CAUCAFall,/content/fall_detection_work/CAUCAFall/Cauca_fall/clips/Subject.10/PickupobjectS10_0_0.000_1.640_10_1_caucafall.avi,10,1,PickupobjectS10,standing,8,0,11.839,12.77907,external_test
CAUCAFall,/content/fall_detection_work/CAUCAFall/Cauca_fall/clips/Subject.10/PickupobjectS10_0_0.000_1.640_10_1_caucafall.avi,10,1,PickupobjectS10,other,9,0,12.779,14.599,external_test
