dataset,video_path,subject,camera,scenario,activity,source_label,label,start_s,end_s,split,pose_path,pose_cache_hit,pose_cache_version
MCFD,/content/fall_detection_work/MCFD/MCFD/clips/chute01_cam1_0_28.133_33.237_1_1_mcfd.avi,1,1,1,walk,0,0,28.13264333333333,33.23733333333334,train,/content/drive/MyDrive/fall_detection_project/pose_cache/pose_v2_yolo11n_T32_C8_batch32_fp16/MCFD_022a69c17cda6e02265b.npz,False,pose_v2_yolo11n_T32_C8_batch32_fp16
MCFD,/content/fall_detection_work/MCFD/MCFD/clips/chute01_cam3_0_28.299_33.404_1_3_mcfd.avi,1,3,1,walk,0,0,28.29931,33.404,val,/content/drive/MyDrive/fall_detection_project/pose_cache/pose_v2_yolo11n_T32_C8_batch32_fp16/MCFD_3d1f79ba75097996f013.npz,False,pose_v2_yolo11n_T32_C8_batch32_fp16
MCFD,/content/fall_detection_work/MCFD/MCFD/clips/chute01_cam1_0_28.133_33.237_1_1_mcfd.avi,1,1,1,other,9,0,33.269333333333336,35.50533333333333,train,/content/drive/MyDrive/fall_detection_project/pose_cache/pose_v2_yolo11n_T32_C8_batch32_fp16/MCFD_bf931e4e4eb252132ac4.npz,False,pose_v2_yolo11n_T32_C8_batch32_fp16
MCFD,/content/fall_detection_work/MCFD/MCFD/clips/chute01_cam3_0_28.299_33.404_1_3_mcfd.avi,1,3,1,other,9,0,33.436,35.672,val,/content/drive/MyDrive/fall_detection_project/pose_cache/pose_v2_yolo11n_T32_C8_batch32_fp16/MCFD_f49594c42389bf9e9220.npz,False,pose_v2_yolo11n_T32_C8_batch32_fp16
MCFD,/content/fall_detection_work/MCFD/MCFD/clips/chute01_cam1_0_28.133_33.237_1_1_mcfd.avi,1,1,1,fall,1,1,35.537333333333336,37.54930333333333,train,/content/drive/MyDrive/fall_detection_project/pose_cache/pose_v2_yolo11n_T32_C8_batch32_fp16/MCFD_035ea06281af44239a8b.npz,False,pose_v2_yolo11n_T32_C8_batch32_fp16
MCFD,/content/fall_detection_work/MCFD/MCFD/clips/chute01_cam3_0_28.299_33.404_1_3_mcfd.avi,1,3,1,fall,1,1,35.704,37.71597,val,/content/drive/MyDrive/fall_detection_project/pose_cache/pose_v2_yolo11n_T32_C8_batch32_fp16/MCFD_3588724b5d9b1bcbd1b7.npz,False,pose_v2_yolo11n_T32_C8_batch32_fp16
MCFD,/content/fall_detection_work/MCFD/MCFD/clips/chute02_cam1_0_10.970_13.823_1_1_mcfd.avi,1,1,2,walk,0,0,10.970143333333333,13.823333333333332,train,/content/drive/MyDrive/fall_detection_project/pose_cache/pose_v2_yolo11n_T32_C8_batch32_fp16/MCFD_e8f2f7df06bc4cf13691.npz,False,pose_v2_yolo11n_T32_C8_batch32_fp16
MCFD,/content/fall_detection_work/MCFD/MCFD/clips/chute02_cam3_0_10.137_12.990_1_3_mcfd.avi,1,3,2,walk,0,0,10.13681,12.99,val,/content/drive/MyDrive/fall_detection_project/pose_cache/pose_v2_yolo11n_T32_C8_batch32_fp16/MCFD_fde5ac2516d4e4571d01.npz,False,pose_v2_yolo11n_T32_C8_batch32_fp16
MCFD,/content/fall_detection_work/MCFD/MCFD/clips/chute02_cam1_0_10.970_13.823_1_1_mcfd.avi,1,1,2,fall,1,1,13.855333333333332,15.907643333333333,train,/content/drive/MyDrive/fall_detection_project/pose_cache/pose_v2_yolo11n_T32_C8_batch32_fp16/MCFD_2609481b13c1c061710a.npz,False,pose_v2_yolo11n_T32_C8_batch32_fp16
MCFD,/content/fall_detection_work/MCFD/MCFD/clips/chute02_cam3_0_10.137_12.990_1_3_mcfd.avi,1,3,2,fall,1,1,13.022,15.07431,val,/content/drive/MyDrive/fall_detection_project/pose_cache/pose_v2_yolo11n_T32_C8_batch32_fp16/MCFD_ebe6a2c677468f43f871.npz,False,pose_v2_yolo11n_T32_C8_batch32_fp16
MCFD,/content/fall_detection_work/MCFD/MCFD/clips/chute03_cam1_0_12.012_19.581_1_1_mcfd.avi,1,1,3,walk,0,0,12.011803333333331,19.581333333333333,train,/content/drive/MyDrive/fall_detection_project/pose_cache/pose_v2_yolo11n_T32_C8_batch32_fp16/MCFD_309a1cf172179e84d778.npz,False,pose_v2_yolo11n_T32_C8_batch32_fp16
MCFD,/content/fall_detection_work/MCFD/MCFD/clips/chute03_cam3_0_11.878_19.448_1_3_mcfd.avi,1,3,3,walk,0,0,11.87847,19.448,val,/content/drive/MyDrive/fall_detection_project/pose_cache/pose_v2_yolo11n_T32_C8_batch32_fp16/MCFD_6b2856f1244345c78a76.npz,False,pose_v2_yolo11n_T32_C8_batch32_fp16
MCFD,/content/fall_detection_work/MCFD/MCFD/clips/chute03_cam1_0_12.012_19.581_1_1_mcfd.avi,1,1,3,fall,1,1,19.613333333333333,22.345143333333333,train,/content/drive/MyDrive/fall_detection_project/pose_cache/pose_v2_yolo11n_T32_C8_batch32_fp16/MCFD_919b1ecac5c79e487f52.npz,False,pose_v2_yolo11n_T32_C8_batch32_fp16
MCFD,/content/fall_detection_work/MCFD/MCFD/clips/chute03_cam3_0_11.878_19.448_1_3_mcfd.avi,1,3,3,fall,1,1,19.48,22.21181,val,/content/drive/MyDrive/fall_detection_project/pose_cache/pose_v2_yolo11n_T32_C8_batch32_fp16/MCFD_227451f137bf1e6ebf86.npz,False,pose_v2_yolo11n_T32_C8_batch32_fp16
MCFD,/content/fall_detection_work/MCFD/MCFD/clips/chute04_cam1_0_9.953_12.521_1_1_mcfd.avi,1,1,4,walk,0,0,9.953473333333331,12.521333333333333,train,/content/drive/MyDrive/fall_detection_project/pose_cache/pose_v2_yolo11n_T32_C8_batch32_fp16/MCFD_d361e6ea5a5a68512c34.npz,False,pose_v2_yolo11n_T32_C8_batch32_fp16
MCFD,/content/fall_detection_work/MCFD/MCFD/clips/chute04_cam3_0_10.153_12.721_1_3_mcfd.avi,1,3,4,walk,0,0,10.153473333333334,12.721333333333334,val,/content/drive/MyDrive/fall_detection_project/pose_cache/pose_v2_yolo11n_T32_C8_batch32_fp16/MCFD_4ac206ea25359f608843.npz,False,pose_v2_yolo11n_T32_C8_batch32_fp16
MCFD,/content/fall_detection_work/MCFD/MCFD/clips/chute04_cam1_0_9.953_12.521_1_1_mcfd.avi,1,1,4,fall,1,1,12.521333333333333,13.870143333333331,train,/content/drive/MyDrive/fall_detection_project/pose_cache/pose_v2_yolo11n_T32_C8_batch32_fp16/MCFD_de0b5f58b46dcde4ad4f.npz,False,pose_v2_yolo11n_T32_C8_batch32_fp16
MCFD,/content/fall_detection_work/MCFD/MCFD/clips/chute04_cam3_0_10.153_12.721_1_3_mcfd.avi,1,3,4,fall,1,1,12.721333333333334,14.070143333333334,val,/content/drive/MyDrive/fall_detection_project/pose_cache/pose_v2_yolo11n_T32_C8_batch32_fp16/MCFD_83b3e6811b97cc2ca32e.npz,False,pose_v2_yolo11n_T32_C8_batch32_fp16
MCFD,/content/fall_detection_work/MCFD/MCFD/clips/chute05_cam1_0_9.766_10.613_1_1_mcfd.avi,1,1,5,walk,0,0,9.765976666666669,10.612666666666668,train,/content/drive/MyDrive/fall_detection_project/pose_cache/pose_v2_yolo11n_T32_C8_batch32_fp16/MCFD_f6c5a50a24b53edb313e.npz,False,pose_v2_yolo11n_T32_C8_batch32_fp16
MCFD,/content/fall_detection_work/MCFD/MCFD/clips/chute05_cam3_0_9.366_10.213_1_3_mcfd.avi,1,3,5,walk,0,0,9.365976666666668,10.212666666666667,val,/content/drive/MyDrive/fall_detection_project/pose_cache/pose_v2_yolo11n_T32_C8_batch32_fp16/MCFD_c47617d7a2fc2c2a333f.npz,False,pose_v2_yolo11n_T32_C8_batch32_fp16
MCFD,/content/fall_detection_work/MCFD/MCFD/clips/chute05_cam1_0_9.766_10.613_1_1_mcfd.avi,1,1,5,fall,1,1,10.648666666666667,12.890976666666669,train,/content/drive/MyDrive/fall_detection_project/pose_cache/pose_v2_yolo11n_T32_C8_batch32_fp16/MCFD_bedb6c12b6be7da5d786.npz,False,pose_v2_yolo11n_T32_C8_batch32_fp16
MCFD,/content/fall_detection_work/MCFD/MCFD/clips/chute05_cam3_0_9.366_10.213_1_3_mcfd.avi,1,3,5,fall,1,1,10.248666666666669,12.490976666666668,val,/content/drive/MyDrive/fall_detection_project/pose_cache/pose_v2_yolo11n_T32_C8_batch32_fp16/MCFD_817728939c4263a71d4a.npz,False,pose_v2_yolo11n_T32_C8_batch32_fp16
MCFD,/content/fall_detection_work/MCFD/MCFD/clips/chute05_cam1_0_9.766_10.613_1_1_mcfd.avi,1,1,5,fallen,2,1,12.890666666666666,15.280666666666669,train,/content/drive/MyDrive/fall_detection_project/pose_cache/pose_v2_yolo11n_T32_C8_batch32_fp16/MCFD_66f11ae0d1639c41510c.npz,False,pose_v2_yolo11n_T32_C8_batch32_fp16
MCFD,/content/fall_detection_work/MCFD/MCFD/clips/chute05_cam3_0_9.366_10.213_1_3_mcfd.avi,1,3,5,fallen,2,1,12.490666666666666,14.880666666666666,val,/content/drive/MyDrive/fall_detection_project/pose_cache/pose_v2_yolo11n_T32_C8_batch32_fp16/MCFD_a46fd8b6c6518e9119a5.npz,False,pose_v2_yolo11n_T32_C8_batch32_fp16
MCFD,/content/fall_detection_work/MCFD/MCFD/clips/chute06_cam1_0_10.999_19.935_1_1_mcfd.avi,1,1,6,walk,0,0,10.999303333333334,19.93533333333333,train,/content/drive/MyDrive/fall_detection_project/pose_cache/pose_v2_yolo11n_T32_C8_batch32_fp16/MCFD_ae1919aa2570fdbe041a.npz,False,pose_v2_yolo11n_T32_C8_batch32_fp16
MCFD,/content/fall_detection_work/MCFD/MCFD/clips/chute06_cam3_0_14.533_23.469_1_3_mcfd.avi,1,3,6,walk,0,0,14.532636666666669,23.468666666666667,val,/content/drive/MyDrive/fall_detection_project/pose_cache/pose_v2_yolo11n_T32_C8_batch32_fp16/MCFD_6add62a49a46a52e8cd7.npz,False,pose_v2_yolo11n_T32_C8_batch32_fp16
MCFD,/content/fall_detection_work/MCFD/MCFD/clips/chute06_cam1_0_10.999_19.935_1_1_mcfd.avi,1,1,6,fall,1,1,19.967333333333336,22.353473333333334,train,/content/drive/MyDrive/fall_detection_project/pose_cache/pose_v2_yolo11n_T32_C8_batch32_fp16/MCFD_02b4c607ff37a3ef1d3b.npz,False,pose_v2_yolo11n_T32_C8_batch32_fp16
MCFD,/content/fall_detection_work/MCFD/MCFD/clips/chute06_cam3_0_14.533_23.469_1_3_mcfd.avi,1,3,6,fall,1,1,23.500666666666667,25.886806666666665,val,/content/drive/MyDrive/fall_detection_project/pose_cache/pose_v2_yolo11n_T32_C8_batch32_fp16/MCFD_71e93890fc10b743d1aa.npz,False,pose_v2_yolo11n_T32_C8_batch32_fp16
MCFD,/content/fall_detection_work/MCFD/MCFD/clips/chute07_cam1_0_11.741_17.310_1_1_mcfd.avi,1,1,7,walk,0,0,11.74097,17.31,train,/content/drive/MyDrive/fall_detection_project/pose_cache/pose_v2_yolo11n_T32_C8_batch32_fp16/MCFD_80ef7e95fa86a752c196.npz,False,pose_v2_yolo11n_T32_C8_batch32_fp16
MCFD,/content/fall_detection_work/MCFD/MCFD/clips/chute07_cam3_0_11.341_16.910_1_3_mcfd.avi,1,3,7,walk,0,0,11.34097,16.91,val,/content/drive/MyDrive/fall_detection_project/pose_cache/pose_v2_yolo11n_T32_C8_batch32_fp16/MCFD_2680c6e7ef72b41273f0.npz,False,pose_v2_yolo11n_T32_C8_batch32_fp16
MCFD,/content/fall_detection_work/MCFD/MCFD/clips/chute07_cam1_0_11.741_17.310_1_1_mcfd.avi,1,1,7,fall,1,1,17.346,19.49097,train,/content/drive/MyDrive/fall_detection_project/pose_cache/pose_v2_yolo11n_T32_C8_batch32_fp16/MCFD_4114cc206e4087662a91.npz,False,pose_v2_yolo11n_T32_C8_batch32_fp16
MCFD,/content/fall_detection_work/MCFD/MCFD/clips/chute07_cam3_0_11.341_16.910_1_3_mcfd.avi,1,3,7,fall,1,1,16.946,19.09097,val,/content/drive/MyDrive/fall_detection_project/pose_cache/pose_v2_yolo11n_T32_C8_batch32_fp16/MCFD_ded9e3f4ed5744a5104a.npz,False,pose_v2_yolo11n_T32_C8_batch32_fp16
MCFD,/content/fall_detection_work/MCFD/MCFD/clips/chute08_cam1_0_7.878_12.687_1_1_mcfd.avi,1,1,8,walk,0,0,7.878473333333334,12.687333333333331,train,/content/drive/MyDrive/fall_detection_project/pose_cache/pose_v2_yolo11n_T32_C8_batch32_fp16/MCFD_a991a3882e317129afef.npz,False,pose_v2_yolo11n_T32_C8_batch32_fp16
MCFD,/content/fall_detection_work/MCFD/MCFD/clips/chute08_cam3_0_4.812_9.621_1_3_mcfd.avi,1,3,8,walk,0,0,4.811806666666668,9.620666666666668,val,/content/drive/MyDrive/fall_detection_project/pose_cache/pose_v2_yolo11n_T32_C8_batch32_fp16/MCFD_b3167a8acae91d982248.npz,False,pose_v2_yolo11n_T32_C8_batch32_fp16
MCFD,/content/fall_detection_work/MCFD/MCFD/clips/chute08_cam1_0_7.878_12.687_1_1_mcfd.avi,1,1,8,fall,1,1,12.719333333333331,14.086803333333334,train,/content/drive/MyDrive/fall_detection_project/pose_cache/pose_v2_yolo11n_T32_C8_batch32_fp16/MCFD_27d266cf22ff72c3c288.npz,False,pose_v2_yolo11n_T32_C8_batch32_fp16
MCFD,/content/fall_detection_work/MCFD/MCFD/clips/chute08_cam3_0_4.812_9.621_1_3_mcfd.avi,1,3,8,fall,1,1,9.652666666666669,11.020136666666668,val,/content/drive/MyDrive/fall_detection_project/pose_cache/pose_v2_yolo11n_T32_C8_batch32_fp16/MCFD_b061e275e7c8594b6086.npz,False,pose_v2_yolo11n_T32_C8_batch32_fp16
MCFD,/content/fall_detection_work/MCFD/MCFD/clips/chute08_cam1_0_7.878_12.687_1_1_mcfd.avi,1,1,8,fallen,2,1,14.086333333333334,16.355333333333334,train,/content/drive/MyDrive/fall_detection_project/pose_cache/pose_v2_yolo11n_T32_C8_batch32_fp16/MCFD_971ac6c48c935cd7cbcc.npz,False,pose_v2_yolo11n_T32_C8_batch32_fp16
MCFD,/content/fall_detection_work/MCFD/MCFD/clips/chute08_cam3_0_4.812_9.621_1_3_mcfd.avi,1,3,8,fallen,2,1,11.019666666666668,13.288666666666668,val,/content/drive/MyDrive/fall_detection_project/pose_cache/pose_v2_yolo11n_T32_C8_batch32_fp16/MCFD_b7d2f77e9c3cfa26c8c5.npz,False,pose_v2_yolo11n_T32_C8_batch32_fp16
MCFD,/content/fall_detection_work/MCFD/MCFD/clips/chute09_cam1_0_10.216_16.273_1_1_mcfd.avi,1,1,9,walk,0,0,10.215976666666666,16.27266666666667,train,/content/drive/MyDrive/fall_detection_project/pose_cache/pose_v2_yolo11n_T32_C8_batch32_fp16/MCFD_43bcc10ccd3b78aeda51.npz,False,pose_v2_yolo11n_T32_C8_batch32_fp16
MCFD,/content/fall_detection_work/MCFD/MCFD/clips/chute09_cam3_0_9.649_15.706_1_3_mcfd.avi,1,3,9,walk,0,0,9.64931,15.706,val,/content/drive/MyDrive/fall_detection_project/pose_cache/pose_v2_yolo11n_T32_C8_batch32_fp16/MCFD_3147f08d14067f83ad93.npz,False,pose_v2_yolo11n_T32_C8_batch32_fp16
MCFD,/content/fall_detection_work/MCFD/MCFD/clips/chute09_cam1_0_10.216_16.273_1_1_mcfd.avi,1,1,9,fall,1,1,16.308666666666667,17.372666666666667,train,/content/drive/MyDrive/fall_detection_project/pose_cache/pose_v2_yolo11n_T32_C8_batch32_fp16/MCFD_dabea093c81d115f3d76.npz,False,pose_v2_yolo11n_T32_C8_batch32_fp16
MCFD,/content/fall_detection_work/MCFD/MCFD/clips/chute09_cam3_0_9.649_15.706_1_3_mcfd.avi,1,3,9,fall,1,1,15.742,16.806,val,/content/drive/MyDrive/fall_detection_project/pose_cache/pose_v2_yolo11n_T32_C8_batch32_fp16/MCFD_3186695eca8699de90d9.npz,False,pose_v2_yolo11n_T32_C8_batch32_fp16
MCFD,/content/fall_detection_work/MCFD/MCFD/clips/chute09_cam1_0_10.216_16.273_1_1_mcfd.avi,1,1,9,sitting,4,0,17.40866666666667,19.74066666666667,train,/content/drive/MyDrive/fall_detection_project/pose_cache/pose_v2_yolo11n_T32_C8_batch32_fp16/MCFD_bc3ff62cee110396ca07.npz,False,pose_v2_yolo11n_T32_C8_batch32_fp16
MCFD,/content/fall_detection_work/MCFD/MCFD/clips/chute09_cam3_0_9.649_15.706_1_3_mcfd.avi,1,3,9,sitting,4,0,16.842000000000002,19.174000000000003,val,/content/drive/MyDrive/fall_detection_project/pose_cache/pose_v2_yolo11n_T32_C8_batch32_fp16/MCFD_1bc703a401eb475392d2.npz,False,pose_v2_yolo11n_T32_C8_batch32_fp16
MCFD,/content/fall_detection_work/MCFD/MCFD/clips/chute09_cam1_0_10.216_16.273_1_1_mcfd.avi,1,1,9,stand_up,7,0,19.77266666666667,21.44066666666667,train,/content/drive/MyDrive/fall_detection_project/pose_cache/pose_v2_yolo11n_T32_C8_batch32_fp16/MCFD_8b088e76663a94fd3bc0.npz,False,pose_v2_yolo11n_T32_C8_batch32_fp16
MCFD,/content/fall_detection_work/MCFD/MCFD/clips/chute09_cam3_0_9.649_15.706_1_3_mcfd.avi,1,3,9,stand_up,7,0,19.206000000000003,20.874,val,/content/drive/MyDrive/fall_detection_project/pose_cache/pose_v2_yolo11n_T32_C8_batch32_fp16/MCFD_a87604d7491190e48737.npz,False,pose_v2_yolo11n_T32_C8_batch32_fp16
MCFD,/content/fall_detection_work/MCFD/MCFD/clips/chute09_cam1_0_10.216_16.273_1_1_mcfd.avi,1,1,9,fall,1,1,21.47266666666667,22.903476666666663,train,/content/drive/MyDrive/fall_detection_project/pose_cache/pose_v2_yolo11n_T32_C8_batch32_fp16/MCFD_48883626c9cc043878d7.npz,False,pose_v2_yolo11n_T32_C8_batch32_fp16
MCFD,/content/fall_detection_work/MCFD/MCFD/clips/chute09_cam3_0_9.649_15.706_1_3_mcfd.avi,1,3,9,fall,1,1,20.906,22.33681,val,/content/drive/MyDrive/fall_detection_project/pose_cache/pose_v2_yolo11n_T32_C8_batch32_fp16/MCFD_6f0a02c8a80bb42626a4.npz,False,pose_v2_yolo11n_T32_C8_batch32_fp16
MCFD,/content/fall_detection_work/MCFD/MCFD/clips/chute10_cam1_0_10.553_16.013_1_1_mcfd.avi,1,1,10,walk,0,0,10.553476666666668,16.012666666666668,train,/content/drive/MyDrive/fall_detection_project/pose_cache/pose_v2_yolo11n_T32_C8_batch32_fp16/MCFD_81671385e3de5620b528.npz,False,pose_v2_yolo11n_T32_C8_batch32_fp16
MCFD,/content/fall_detection_work/MCFD/MCFD/clips/chute10_cam3_0_10.720_16.179_1_3_mcfd.avi,1,3,10,walk,0,0,10.720143333333333,16.179333333333332,val,/content/drive/MyDrive/fall_detection_project/pose_cache/pose_v2_yolo11n_T32_C8_batch32_fp16/MCFD_fa25d30cb654c8a6189f.npz,False,pose_v2_yolo11n_T32_C8_batch32_fp16
MCFD,/content/fall_detection_work/MCFD/MCFD/clips/chute10_cam1_0_10.553_16.013_1_1_mcfd.avi,1,1,10,sit_down,3,0,16.044666666666668,17.386806666666665,train,/content/drive/MyDrive/fall_detection_project/pose_cache/pose_v2_yolo11n_T32_C8_batch32_fp16/MCFD_ebdc75511d98f4d120cc.npz,False,pose_v2_yolo11n_T32_C8_batch32_fp16
MCFD,/content/fall_detection_work/MCFD/MCFD/clips/chute10_cam3_0_10.720_16.179_1_3_mcfd.avi,1,3,10,sit_down,3,0,16.211333333333332,17.553473333333333,val,/content/drive/MyDrive/fall_detection_project/pose_cache/pose_v2_yolo11n_T32_C8_batch32_fp16/MCFD_a0dddb4ca2ea611df5d0.npz,False,pose_v2_yolo11n_T32_C8_batch32_fp16
MCFD,/content/fall_detection_work/MCFD/MCFD/clips/chute10_cam1_0_10.553_16.013_1_1_mcfd.avi,1,1,10,fallen,2,1,18.719666666666665,20.883476666666667,train,/content/drive/MyDrive/fall_detection_project/pose_cache/pose_v2_yolo11n_T32_C8_batch32_fp16/MCFD_05be79026b8c46c8077e.npz,False,pose_v2_yolo11n_T32_C8_batch32_fp16
MCFD,/content/fall_detection_work/MCFD/MCFD/clips/chute10_cam3_0_10.720_16.179_1_3_mcfd.avi,1,3,10,fallen,2,1,18.886333333333333,21.05014333333333,val,/content/drive/MyDrive/fall_detection_project/pose_cache/pose_v2_yolo11n_T32_C8_batch32_fp16/MCFD_50684d752df3890b5d60.npz,False,pose_v2_yolo11n_T32_C8_batch32_fp16
MCFD,/content/fall_detection_work/MCFD/MCFD/clips/chute11_cam1_0_13.274_16.403_1_1_mcfd.avi,1,1,11,walk,0,0,13.274306666666668,16.402666666666665,train,/content/drive/MyDrive/fall_detection_project/pose_cache/pose_v2_yolo11n_T32_C8_batch32_fp16/MCFD_27642c6b0fda849f7ce7.npz,False,pose_v2_yolo11n_T32_C8_batch32_fp16
MCFD,/content/fall_detection_work/MCFD/MCFD/clips/chute11_cam3_0_13.174_16.303_1_3_mcfd.avi,1,3,11,walk,0,0,13.174306666666666,16.302666666666667,val,/content/drive/MyDrive/fall_detection_project/pose_cache/pose_v2_yolo11n_T32_C8_batch32_fp16/MCFD_74cc49fb6f0210450054.npz,False,pose_v2_yolo11n_T32_C8_batch32_fp16
MCFD,/content/fall_detection_work/MCFD/MCFD/clips/chute11_cam1_0_13.274_16.403_1_1_mcfd.avi,1,1,11,fall,1,1,16.438666666666666,18.003476666666664,train,/content/drive/MyDrive/fall_detection_project/pose_cache/pose_v2_yolo11n_T32_C8_batch32_fp16/MCFD_5fcdd62a6e48e7ec1c6e.npz,False,pose_v2_yolo11n_T32_C8_batch32_fp16
MCFD,/content/fall_detection_work/MCFD/MCFD/clips/chute11_cam3_0_13.174_16.303_1_3_mcfd.avi,1,3,11,fall,1,1,16.33866666666667,17.903476666666666,val,/content/drive/MyDrive/fall_detection_project/pose_cache/pose_v2_yolo11n_T32_C8_batch32_fp16/MCFD_3780e7ee628ffde953d5.npz,False,pose_v2_yolo11n_T32_C8_batch32_fp16
MCFD,/content/fall_detection_work/MCFD/MCFD/clips/chute12_cam1_0_12.634_20.934_1_1_mcfd.avi,1,1,12,walk,0,0,12.634,20.934,train,/content/drive/MyDrive/fall_detection_project/pose_cache/pose_v2_yolo11n_T32_C8_batch32_fp16/MCFD_15578389153a1f16841b.npz,False,pose_v2_yolo11n_T32_C8_batch32_fp16
MCFD,/content/fall_detection_work/MCFD/MCFD/clips/chute12_cam3_0_12.367_20.667_1_3_mcfd.avi,1,3,12,walk,0,0,12.367333333333333,20.66733333333333,val,/content/drive/MyDrive/fall_detection_project/pose_cache/pose_v2_yolo11n_T32_C8_batch32_fp16/MCFD_caa59f9ece5a6427f027.npz,False,pose_v2_yolo11n_T32_C8_batch32_fp16
MCFD,/content/fall_detection_work/MCFD/MCFD/clips/chute12_cam1_0_12.634_20.934_1_1_mcfd.avi,1,1,12,fall,1,1,20.97,22.57,train,/content/drive/MyDrive/fall_detection_project/pose_cache/pose_v2_yolo11n_T32_C8_batch32_fp16/MCFD_96df51b519330cabd96c.npz,False,pose_v2_yolo11n_T32_C8_batch32_fp16
MCFD,/content/fall_detection_work/MCFD/MCFD/clips/chute12_cam3_0_12.367_20.667_1_3_mcfd.avi,1,3,12,fall,1,1,20.703333333333333,22.30333333333333,val,/content/drive/MyDrive/fall_detection_project/pose_cache/pose_v2_yolo11n_T32_C8_batch32_fp16/MCFD_df1d46b101a09944efd3.npz,False,pose_v2_yolo11n_T32_C8_batch32_fp16
MCFD,/content/fall_detection_work/MCFD/MCFD/clips/chute12_cam1_0_12.634_20.934_1_1_mcfd.avi,1,1,12,fallen,2,1,22.602,26.47,train,/content/drive/MyDrive/fall_detection_project/pose_cache/pose_v2_yolo11n_T32_C8_batch32_fp16/MCFD_1970b982b50ac30a6f06.npz,False,pose_v2_yolo11n_T32_C8_batch32_fp16
MCFD,/content/fall_detection_work/MCFD/MCFD/clips/chute12_cam3_0_12.367_20.667_1_3_mcfd.avi,1,3,12,fallen,2,1,22.33533333333333,26.203333333333333,val,/content/drive/MyDrive/fall_detection_project/pose_cache/pose_v2_yolo11n_T32_C8_batch32_fp16/MCFD_7836a6d65a6b488eb6e1.npz,False,pose_v2_yolo11n_T32_C8_batch32_fp16
MCFD,/content/fall_detection_work/MCFD/MCFD/clips/chute13_cam1_0_10.583_14.883_1_1_mcfd.avi,1,1,13,walk,0,0,10.583333333333332,14.883333333333333,train,/content/drive/MyDrive/fall_detection_project/pose_cache/pose_v2_yolo11n_T32_C8_batch32_fp16/MCFD_6957e6b0df93ebd61c17.npz,False,pose_v2_yolo11n_T32_C8_batch32_fp16
MCFD,/content/fall_detection_work/MCFD/MCFD/clips/chute13_cam3_0_10.050_14.350_1_3_mcfd.avi,1,3,13,walk,0,0,10.05,14.35,val,/content/drive/MyDrive/fall_detection_project/pose_cache/pose_v2_yolo11n_T32_C8_batch32_fp16/MCFD_f7e10276211f01406114.npz,False,pose_v2_yolo11n_T32_C8_batch32_fp16
MCFD,/content/fall_detection_work/MCFD/MCFD/clips/chute13_cam1_0_10.583_14.883_1_1_mcfd.avi,1,1,13,fall,1,1,14.919333333333332,16.419333333333334,train,/content/drive/MyDrive/fall_detection_project/pose_cache/pose_v2_yolo11n_T32_C8_batch32_fp16/MCFD_6f6361d20564d9b85857.npz,False,pose_v2_yolo11n_T32_C8_batch32_fp16
MCFD,/content/fall_detection_work/MCFD/MCFD/clips/chute13_cam3_0_10.050_14.350_1_3_mcfd.avi,1,3,13,fall,1,1,14.386,15.886,val,/content/drive/MyDrive/fall_detection_project/pose_cache/pose_v2_yolo11n_T32_C8_batch32_fp16/MCFD_192c39f7c068006ed1ed.npz,False,pose_v2_yolo11n_T32_C8_batch32_fp16
MCFD,/content/fall_detection_work/MCFD/MCFD/clips/chute13_cam1_0_10.583_14.883_1_1_mcfd.avi,1,1,13,other,9,0,16.451333333333334,21.75133333333333,train,/content/drive/MyDrive/fall_detection_project/pose_cache/pose_v2_yolo11n_T32_C8_batch32_fp16/MCFD_e7afa27891429b0b7e66.npz,False,pose_v2_yolo11n_T32_C8_batch32_fp16
MCFD,/content/fall_detection_work/MCFD/MCFD/clips/chute13_cam3_0_10.050_14.350_1_3_mcfd.avi,1,3,13,other,9,0,15.918,21.218,val,/content/drive/MyDrive/fall_detection_project/pose_cache/pose_v2_yolo11n_T32_C8_batch32_fp16/MCFD_b1a3dba03c595b98b56c.npz,False,pose_v2_yolo11n_T32_C8_batch32_fp16
MCFD,/content/fall_detection_work/MCFD/MCFD/clips/chute13_cam1_0_10.583_14.883_1_1_mcfd.avi,1,1,13,lying,6,0,21.78333333333333,23.89097333333333,train,/content/drive/MyDrive/fall_detection_project/pose_cache/pose_v2_yolo11n_T32_C8_batch32_fp16/MCFD_06c767a34e808a6a5106.npz,False,pose_v2_yolo11n_T32_C8_batch32_fp16
MCFD,/content/fall_detection_work/MCFD/MCFD/clips/chute13_cam3_0_10.050_14.350_1_3_mcfd.avi,1,3,13,lying,6,0,21.25,23.35764,val,/content/drive/MyDrive/fall_detection_project/pose_cache/pose_v2_yolo11n_T32_C8_batch32_fp16/MCFD_f71103c5d8164c425d62.npz,False,pose_v2_yolo11n_T32_C8_batch32_fp16
MCFD,/content/fall_detection_work/MCFD/MCFD/clips/chute13_cam1_0_10.583_14.883_1_1_mcfd.avi,1,1,13,fall,1,1,27.98333333333333,29.319333333333333,train,/content/drive/MyDrive/fall_detection_project/pose_cache/pose_v2_yolo11n_T32_C8_batch32_fp16/MCFD_3ea8b12a4cbd6e81a14f.npz,False,pose_v2_yolo11n_T32_C8_batch32_fp16
MCFD,/content/fall_detection_work/MCFD/MCFD/clips/chute13_cam3_0_10.050_14.350_1_3_mcfd.avi,1,3,13,fall,1,1,27.450000000000003,28.786,val,/content/drive/MyDrive/fall_detection_project/pose_cache/pose_v2_yolo11n_T32_C8_batch32_fp16/MCFD_5344a01bf1f5dffe75c1.npz,False,pose_v2_yolo11n_T32_C8_batch32_fp16
MCFD,/content/fall_detection_work/MCFD/MCFD/clips/chute13_cam1_0_10.583_14.883_1_1_mcfd.avi,1,1,13,fallen,2,1,29.351333333333333,32.55133333333333,train,/content/drive/MyDrive/fall_detection_project/pose_cache/pose_v2_yolo11n_T32_C8_batch32_fp16/MCFD_fec0cc304b71fe33ed57.npz,False,pose_v2_yolo11n_T32_C8_batch32_fp16
MCFD,/content/fall_detection_work/MCFD/MCFD/clips/chute13_cam3_0_10.050_14.350_1_3_mcfd.avi,1,3,13,fallen,2,1,28.818,32.018,val,/content/drive/MyDrive/fall_detection_project/pose_cache/pose_v2_yolo11n_T32_C8_batch32_fp16/MCFD_865999fd20a12cc5826a.npz,False,pose_v2_yolo11n_T32_C8_batch32_fp16
MCFD,/content/fall_detection_work/MCFD/MCFD/clips/chute14_cam1_0_14.053_20.153_1_1_mcfd.avi,1,1,14,walk,0,0,14.052666666666664,20.15266666666667,train,/content/drive/MyDrive/fall_detection_project/pose_cache/pose_v2_yolo11n_T32_C8_batch32_fp16/MCFD_b0bedb2735ae928fabb0.npz,False,pose_v2_yolo11n_T32_C8_batch32_fp16
MCFD,/content/fall_detection_work/MCFD/MCFD/clips/chute14_cam3_0_13.686_19.786_1_3_mcfd.avi,1,3,14,walk,0,0,13.686,19.786,val,/content/drive/MyDrive/fall_detection_project/pose_cache/pose_v2_yolo11n_T32_C8_batch32_fp16/MCFD_82bc87ca09ccbd527ffd.npz,False,pose_v2_yolo11n_T32_C8_batch32_fp16
MCFD,/content/fall_detection_work/MCFD/MCFD/clips/chute14_cam1_0_14.053_20.153_1_1_mcfd.avi,1,1,14,fall,1,1,20.18466666666667,21.320666666666668,train,/content/drive/MyDrive/fall_detection_project/pose_cache/pose_v2_yolo11n_T32_C8_batch32_fp16/MCFD_3fc7470e706be77bf5ed.npz,False,pose_v2_yolo11n_T32_C8_batch32_fp16
MCFD,/content/fall_detection_work/MCFD/MCFD/clips/chute14_cam3_0_13.686_19.786_1_3_mcfd.avi,1,3,14,fall,1,1,19.818,20.954,val,/content/drive/MyDrive/fall_detection_project/pose_cache/pose_v2_yolo11n_T32_C8_batch32_fp16/MCFD_2feea5b38deb4b6d7f35.npz,False,pose_v2_yolo11n_T32_C8_batch32_fp16
MCFD,/content/fall_detection_work/MCFD/MCFD/clips/chute14_cam1_0_14.053_20.153_1_1_mcfd.avi,1,1,14,lying,6,0,21.352666666666668,28.278476666666663,train,/content/drive/MyDrive/fall_detection_project/pose_cache/pose_v2_yolo11n_T32_C8_batch32_fp16/MCFD_a0ef433bc353e7558c28.npz,False,pose_v2_yolo11n_T32_C8_batch32_fp16
MCFD,/content/fall_detection_work/MCFD/MCFD/clips/chute14_cam3_0_13.686_19.786_1_3_mcfd.avi,1,3,14,lying,6,0,20.986,27.91181,val,/content/drive/MyDrive/fall_detection_project/pose_cache/pose_v2_yolo11n_T32_C8_batch32_fp16/MCFD_b07b1e6387298e8a3ff7.npz,False,pose_v2_yolo11n_T32_C8_batch32_fp16
MCFD,/content/fall_detection_work/MCFD/MCFD/clips/chute14_cam1_0_14.053_20.153_1_1_mcfd.avi,1,1,14,stand_up,7,0,28.278666666666663,34.584666666666664,train,/content/drive/MyDrive/fall_detection_project/pose_cache/pose_v2_yolo11n_T32_C8_batch32_fp16/MCFD_21614220b894edf1e6a0.npz,False,pose_v2_yolo11n_T32_C8_batch32_fp16
MCFD,/content/fall_detection_work/MCFD/MCFD/clips/chute14_cam3_0_13.686_19.786_1_3_mcfd.avi,1,3,14,stand_up,7,0,27.912,34.218,val,/content/drive/MyDrive/fall_detection_project/pose_cache/pose_v2_yolo11n_T32_C8_batch32_fp16/MCFD_4df4cd90c4866425d357.npz,False,pose_v2_yolo11n_T32_C8_batch32_fp16
MCFD,/content/fall_detection_work/MCFD/MCFD/clips/chute14_cam1_0_14.053_20.153_1_1_mcfd.avi,1,1,14,fall,1,1,34.620666666666665,35.75266666666666,train,/content/drive/MyDrive/fall_detection_project/pose_cache/pose_v2_yolo11n_T32_C8_batch32_fp16/MCFD_646735c1ec9e8dccaa1a.npz,False,pose_v2_yolo11n_T32_C8_batch32_fp16
MCFD,/content/fall_detection_work/MCFD/MCFD/clips/chute14_cam3_0_13.686_19.786_1_3_mcfd.avi,1,3,14,fall,1,1,34.254,35.386,val,/content/drive/MyDrive/fall_detection_project/pose_cache/pose_v2_yolo11n_T32_C8_batch32_fp16/MCFD_b01be332dc1013fd91a4.npz,False,pose_v2_yolo11n_T32_C8_batch32_fp16
MCFD,/content/fall_detection_work/MCFD/MCFD/clips/chute14_cam1_0_14.053_20.153_1_1_mcfd.avi,1,1,14,fallen,2,1,35.784666666666666,38.82066666666667,train,/content/drive/MyDrive/fall_detection_project/pose_cache/pose_v2_yolo11n_T32_C8_batch32_fp16/MCFD_d32642bab6078134457b.npz,False,pose_v2_yolo11n_T32_C8_batch32_fp16
MCFD,/content/fall_detection_work/MCFD/MCFD/clips/chute14_cam3_0_13.686_19.786_1_3_mcfd.avi,1,3,14,fallen,2,1,35.418,38.454,val,/content/drive/MyDrive/fall_detection_project/pose_cache/pose_v2_yolo11n_T32_C8_batch32_fp16/MCFD_744a515ad86a49b9a349.npz,False,pose_v2_yolo11n_T32_C8_batch32_fp16
MCFD,/content/fall_detection_work/MCFD/MCFD/clips/chute15_cam1_0_12.827_16.927_1_1_mcfd.avi,1,1,15,walk,0,0,12.826666666666668,16.926666666666666,train,/content/drive/MyDrive/fall_detection_project/pose_cache/pose_v2_yolo11n_T32_C8_batch32_fp16/MCFD_a1b80ced19f97e59eb45.npz,False,pose_v2_yolo11n_T32_C8_batch32_fp16
MCFD,/content/fall_detection_work/MCFD/MCFD/clips/chute15_cam3_0_12.960_17.060_1_3_mcfd.avi,1,3,15,walk,0,0,12.96,17.06,val,/content/drive/MyDrive/fall_detection_project/pose_cache/pose_v2_yolo11n_T32_C8_batch32_fp16/MCFD_439481bea23c0799110c.npz,False,pose_v2_yolo11n_T32_C8_batch32_fp16
MCFD,/content/fall_detection_work/MCFD/MCFD/clips/chute15_cam1_0_12.827_16.927_1_1_mcfd.avi,1,1,15,fall,1,1,16.958666666666666,18.394666666666662,train,/content/drive/MyDrive/fall_detection_project/pose_cache/pose_v2_yolo11n_T32_C8_batch32_fp16/MCFD_0f4f6d37cce5b5dad1e4.npz,False,pose_v2_yolo11n_T32_C8_batch32_fp16
MCFD,/content/fall_detection_work/MCFD/MCFD/clips/chute15_cam3_0_12.960_17.060_1_3_mcfd.avi,1,3,15,fall,1,1,17.092,18.528,val,/content/drive/MyDrive/fall_detection_project/pose_cache/pose_v2_yolo11n_T32_C8_batch32_fp16/MCFD_d82b1739b75290ed0bfc.npz,False,pose_v2_yolo11n_T32_C8_batch32_fp16
MCFD,/content/fall_detection_work/MCFD/MCFD/clips/chute15_cam1_0_12.827_16.927_1_1_mcfd.avi,1,1,15,sitting,4,0,18.426666666666662,21.726666666666667,train,/content/drive/MyDrive/fall_detection_project/pose_cache/pose_v2_yolo11n_T32_C8_batch32_fp16/MCFD_98919bc0ee571a62ab2b.npz,False,pose_v2_yolo11n_T32_C8_batch32_fp16
MCFD,/content/fall_detection_work/MCFD/MCFD/clips/chute15_cam3_0_12.960_17.060_1_3_mcfd.avi,1,3,15,sitting,4,0,18.56,21.86,val,/content/drive/MyDrive/fall_detection_project/pose_cache/pose_v2_yolo11n_T32_C8_batch32_fp16/MCFD_006cd1f711bad4bc8c55.npz,False,pose_v2_yolo11n_T32_C8_batch32_fp16
MCFD,/content/fall_detection_work/MCFD/MCFD/clips/chute15_cam1_0_12.827_16.927_1_1_mcfd.avi,1,1,15,stand_up,7,0,21.758666666666667,25.858666666666668,train,/content/drive/MyDrive/fall_detection_project/pose_cache/pose_v2_yolo11n_T32_C8_batch32_fp16/MCFD_472de75d27059f308dac.npz,False,pose_v2_yolo11n_T32_C8_batch32_fp16
MCFD,/content/fall_detection_work/MCFD/MCFD/clips/chute15_cam3_0_12.960_17.060_1_3_mcfd.avi,1,3,15,stand_up,7,0,21.892,25.992,val,/content/drive/MyDrive/fall_detection_project/pose_cache/pose_v2_yolo11n_T32_C8_batch32_fp16/MCFD_bc13419382ccee9f4956.npz,False,pose_v2_yolo11n_T32_C8_batch32_fp16
MCFD,/content/fall_detection_work/MCFD/MCFD/clips/chute15_cam1_0_12.827_16.927_1_1_mcfd.avi,1,1,15,fall,1,1,25.894666666666662,26.958666666666662,train,/content/drive/MyDrive/fall_detection_project/pose_cache/pose_v2_yolo11n_T32_C8_batch32_fp16/MCFD_d33a9ae44f2791ff78f8.npz,False,pose_v2_yolo11n_T32_C8_batch32_fp16
MCFD,/content/fall_detection_work/MCFD/MCFD/clips/chute15_cam3_0_12.960_17.060_1_3_mcfd.avi,1,3,15,fall,1,1,26.028,27.092,val,/content/drive/MyDrive/fall_detection_project/pose_cache/pose_v2_yolo11n_T32_C8_batch32_fp16/MCFD_191f1119c835b126c164.npz,False,pose_v2_yolo11n_T32_C8_batch32_fp16
MCFD,/content/fall_detection_work/MCFD/MCFD/clips/chute15_cam1_0_12.827_16.927_1_1_mcfd.avi,1,1,15,fallen,2,1,26.994666666666667,29.726666666666667,train,/content/drive/MyDrive/fall_detection_project/pose_cache/pose_v2_yolo11n_T32_C8_batch32_fp16/MCFD_52ee1427b532c4bdcf3b.npz,False,pose_v2_yolo11n_T32_C8_batch32_fp16
MCFD,/content/fall_detection_work/MCFD/MCFD/clips/chute15_cam3_0_12.960_17.060_1_3_mcfd.avi,1,3,15,fallen,2,1,27.128,29.86,val,/content/drive/MyDrive/fall_detection_project/pose_cache/pose_v2_yolo11n_T32_C8_batch32_fp16/MCFD_3b87fbfb0cb631464db6.npz,False,pose_v2_yolo11n_T32_C8_batch32_fp16
MCFD,/content/fall_detection_work/MCFD/MCFD/clips/chute16_cam1_0_13.341_15.841_1_1_mcfd.avi,1,1,16,walk,0,0,13.340666666666667,15.840666666666667,train,/content/drive/MyDrive/fall_detection_project/pose_cache/pose_v2_yolo11n_T32_C8_batch32_fp16/MCFD_1bd4e33c7f6f20d3b7e2.npz,False,pose_v2_yolo11n_T32_C8_batch32_fp16
MCFD,/content/fall_detection_work/MCFD/MCFD/clips/chute16_cam3_0_12.574_15.074_1_3_mcfd.avi,1,3,16,walk,0,0,12.574,15.074,val,/content/drive/MyDrive/fall_detection_project/pose_cache/pose_v2_yolo11n_T32_C8_batch32_fp16/MCFD_8673c8502f41981e9bb9.npz,False,pose_v2_yolo11n_T32_C8_batch32_fp16
MCFD,/content/fall_detection_work/MCFD/MCFD/clips/chute16_cam1_0_13.341_15.841_1_1_mcfd.avi,1,1,16,other,9,0,15.872666666666667,19.604666666666667,train,/content/drive/MyDrive/fall_detection_project/pose_cache/pose_v2_yolo11n_T32_C8_batch32_fp16/MCFD_131d6c0abb9996b40359.npz,False,pose_v2_yolo11n_T32_C8_batch32_fp16
MCFD,/content/fall_detection_work/MCFD/MCFD/clips/chute16_cam3_0_12.574_15.074_1_3_mcfd.avi,1,3,16,other,9,0,15.106,18.838,val,/content/drive/MyDrive/fall_detection_project/pose_cache/pose_v2_yolo11n_T32_C8_batch32_fp16/MCFD_36f9247e2b088e905fd3.npz,False,pose_v2_yolo11n_T32_C8_batch32_fp16
MCFD,/content/fall_detection_work/MCFD/MCFD/clips/chute16_cam1_0_13.341_15.841_1_1_mcfd.avi,1,1,16,other,9,0,19.640666666666668,23.00466666666667,train,/content/drive/MyDrive/fall_detection_project/pose_cache/pose_v2_yolo11n_T32_C8_batch32_fp16/MCFD_8cd036f5485e56b61be4.npz,False,pose_v2_yolo11n_T32_C8_batch32_fp16
MCFD,/content/fall_detection_work/MCFD/MCFD/clips/chute16_cam3_0_12.574_15.074_1_3_mcfd.avi,1,3,16,other,9,0,18.874,22.238000000000003,val,/content/drive/MyDrive/fall_detection_project/pose_cache/pose_v2_yolo11n_T32_C8_batch32_fp16/MCFD_b35d9728453c54291fa6.npz,False,pose_v2_yolo11n_T32_C8_batch32_fp16
MCFD,/content/fall_detection_work/MCFD/MCFD/clips/chute16_cam1_0_13.341_15.841_1_1_mcfd.avi,1,1,16,fall,1,1,23.040666666666667,25.040666666666667,train,/content/drive/MyDrive/fall_detection_project/pose_cache/pose_v2_yolo11n_T32_C8_batch32_fp16/MCFD_b0f13661251681353ca8.npz,False,pose_v2_yolo11n_T32_C8_batch32_fp16
MCFD,/content/fall_detection_work/MCFD/MCFD/clips/chute16_cam3_0_12.574_15.074_1_3_mcfd.avi,1,3,16,fall,1,1,22.274,24.274,val,/content/drive/MyDrive/fall_detection_project/pose_cache/pose_v2_yolo11n_T32_C8_batch32_fp16/MCFD_97d638fd54484125c0c3.npz,False,pose_v2_yolo11n_T32_C8_batch32_fp16
MCFD,/content/fall_detection_work/MCFD/MCFD/clips/chute16_cam1_0_13.341_15.841_1_1_mcfd.avi,1,1,16,sitting,4,0,25.072666666666667,27.904666666666667,train,/content/drive/MyDrive/fall_detection_project/pose_cache/pose_v2_yolo11n_T32_C8_batch32_fp16/MCFD_c346a26f14c180b70cef.npz,False,pose_v2_yolo11n_T32_C8_batch32_fp16
MCFD,/content/fall_detection_work/MCFD/MCFD/clips/chute16_cam3_0_12.574_15.074_1_3_mcfd.avi,1,3,16,sitting,4,0,24.306,27.138,val,/content/drive/MyDrive/fall_detection_project/pose_cache/pose_v2_yolo11n_T32_C8_batch32_fp16/MCFD_9fdc831e68880ba2f9fe.npz,False,pose_v2_yolo11n_T32_C8_batch32_fp16
MCFD,/content/fall_detection_work/MCFD/MCFD/clips/chute16_cam1_0_13.341_15.841_1_1_mcfd.avi,1,1,16,stand_up,7,0,27.94066666666667,30.340666666666667,train,/content/drive/MyDrive/fall_detection_project/pose_cache/pose_v2_yolo11n_T32_C8_batch32_fp16/MCFD_d014cd75ced3d9975ae3.npz,False,pose_v2_yolo11n_T32_C8_batch32_fp16
MCFD,/content/fall_detection_work/MCFD/MCFD/clips/chute16_cam3_0_12.574_15.074_1_3_mcfd.avi,1,3,16,stand_up,7,0,27.174000000000003,29.574,val,/content/drive/MyDrive/fall_detection_project/pose_cache/pose_v2_yolo11n_T32_C8_batch32_fp16/MCFD_dd6e08d29e91f1602dee.npz,False,pose_v2_yolo11n_T32_C8_batch32_fp16
MCFD,/content/fall_detection_work/MCFD/MCFD/clips/chute16_cam1_0_13.341_15.841_1_1_mcfd.avi,1,1,16,fall,1,1,30.372666666666667,32.004666666666665,train,/content/drive/MyDrive/fall_detection_project/pose_cache/pose_v2_yolo11n_T32_C8_batch32_fp16/MCFD_5d225285b8e19588442d.npz,False,pose_v2_yolo11n_T32_C8_batch32_fp16
MCFD,/content/fall_detection_work/MCFD/MCFD/clips/chute16_cam3_0_12.574_15.074_1_3_mcfd.avi,1,3,16,fall,1,1,29.606,31.238000000000003,val,/content/drive/MyDrive/fall_detection_project/pose_cache/pose_v2_yolo11n_T32_C8_batch32_fp16/MCFD_825864597bcce9fc02d5.npz,False,pose_v2_yolo11n_T32_C8_batch32_fp16
MCFD,/content/fall_detection_work/MCFD/MCFD/clips/chute16_cam1_0_13.341_15.841_1_1_mcfd.avi,1,1,16,fallen,2,1,32.04066666666667,34.004666666666665,train,/content/drive/MyDrive/fall_detection_project/pose_cache/pose_v2_yolo11n_T32_C8_batch32_fp16/MCFD_9effc57e54b35ec16de5.npz,False,pose_v2_yolo11n_T32_C8_batch32_fp16
MCFD,/content/fall_detection_work/MCFD/MCFD/clips/chute16_cam3_0_12.574_15.074_1_3_mcfd.avi,1,3,16,fallen,2,1,31.274,33.238,val,/content/drive/MyDrive/fall_detection_project/pose_cache/pose_v2_yolo11n_T32_C8_batch32_fp16/MCFD_6735985d86927219ffed.npz,False,pose_v2_yolo11n_T32_C8_batch32_fp16
MCFD,/content/fall_detection_work/MCFD/MCFD/clips/chute17_cam1_0_8.735_10.867_1_1_mcfd.avi,1,1,17,walk,0,0,8.734666666666667,10.866666666666667,train,/content/drive/MyDrive/fall_detection_project/pose_cache/pose_v2_yolo11n_T32_C8_batch32_fp16/MCFD_5407bdb39184e96c277b.npz,False,pose_v2_yolo11n_T32_C8_batch32_fp16
MCFD,/content/fall_detection_work/MCFD/MCFD/clips/chute17_cam3_0_8.535_10.667_1_3_mcfd.avi,1,3,17,walk,0,0,8.534666666666666,10.666666666666666,val,/content/drive/MyDrive/fall_detection_project/pose_cache/pose_v2_yolo11n_T32_C8_batch32_fp16/MCFD_a9be146c6cc94e497d04.npz,False,pose_v2_yolo11n_T32_C8_batch32_fp16
MCFD,/content/fall_detection_work/MCFD/MCFD/clips/chute17_cam1_0_8.735_10.867_1_1_mcfd.avi,1,1,17,other,9,0,10.898666666666667,13.298666666666668,train,/content/drive/MyDrive/fall_detection_project/pose_cache/pose_v2_yolo11n_T32_C8_batch32_fp16/MCFD_bbb3b6a7a844280f9773.npz,False,pose_v2_yolo11n_T32_C8_batch32_fp16
MCFD,/content/fall_detection_work/MCFD/MCFD/clips/chute17_cam3_0_8.535_10.667_1_3_mcfd.avi,1,3,17,other,9,0,10.698666666666666,13.098666666666666,val,/content/drive/MyDrive/fall_detection_project/pose_cache/pose_v2_yolo11n_T32_C8_batch32_fp16/MCFD_531ff2e019f1e1a85a8b.npz,False,pose_v2_yolo11n_T32_C8_batch32_fp16
MCFD,/content/fall_detection_work/MCFD/MCFD/clips/chute17_cam1_0_8.735_10.867_1_1_mcfd.avi,1,1,17,other,9,0,13.334666666666667,15.698666666666668,train,/content/drive/MyDrive/fall_detection_project/pose_cache/pose_v2_yolo11n_T32_C8_batch32_fp16/MCFD_0023d71cd207db9d0935.npz,False,pose_v2_yolo11n_T32_C8_batch32_fp16
MCFD,/content/fall_detection_work/MCFD/MCFD/clips/chute17_cam3_0_8.535_10.667_1_3_mcfd.avi,1,3,17,other,9,0,13.134666666666666,15.498666666666669,val,/content/drive/MyDrive/fall_detection_project/pose_cache/pose_v2_yolo11n_T32_C8_batch32_fp16/MCFD_3047b0667ef2987f51ac.npz,False,pose_v2_yolo11n_T32_C8_batch32_fp16
MCFD,/content/fall_detection_work/MCFD/MCFD/clips/chute17_cam1_0_8.735_10.867_1_1_mcfd.avi,1,1,17,fall,1,1,15.734666666666667,18.066666666666663,train,/content/drive/MyDrive/fall_detection_project/pose_cache/pose_v2_yolo11n_T32_C8_batch32_fp16/MCFD_c773480ce97171ef62fd.npz,False,pose_v2_yolo11n_T32_C8_batch32_fp16
MCFD,/content/fall_detection_work/MCFD/MCFD/clips/chute17_cam3_0_8.535_10.667_1_3_mcfd.avi,1,3,17,fall,1,1,15.534666666666666,17.866666666666667,val,/content/drive/MyDrive/fall_detection_project/pose_cache/pose_v2_yolo11n_T32_C8_batch32_fp16/MCFD_40670718ecbdf85a930e.npz,False,pose_v2_yolo11n_T32_C8_batch32_fp16
MCFD,/content/fall_detection_work/MCFD/MCFD/clips/chute17_cam1_0_8.735_10.867_1_1_mcfd.avi,1,1,17,sitting,4,0,18.098666666666663,20.436806666666666,train,/content/drive/MyDrive/fall_detection_project/pose_cache/pose_v2_yolo11n_T32_C8_batch32_fp16/MCFD_aa697b0c36b027eeacdc.npz,False,pose_v2_yolo11n_T32_C8_batch32_fp16
MCFD,/content/fall_detection_work/MCFD/MCFD/clips/chute17_cam3_0_8.535_10.667_1_3_mcfd.avi,1,3,17,sitting,4,0,17.898666666666667,20.236806666666663,val,/content/drive/MyDrive/fall_detection_project/pose_cache/pose_v2_yolo11n_T32_C8_batch32_fp16/MCFD_a716a6fc4794f9a942b0.npz,False,pose_v2_yolo11n_T32_C8_batch32_fp16
MCFD,/content/fall_detection_work/MCFD/MCFD/clips/chute17_cam1_0_8.735_10.867_1_1_mcfd.avi,1,1,17,fall,1,1,24.698666666666668,26.034666666666663,train,/content/drive/MyDrive/fall_detection_project/pose_cache/pose_v2_yolo11n_T32_C8_batch32_fp16/MCFD_64fab2240c45a0e3f3bb.npz,False,pose_v2_yolo11n_T32_C8_batch32_fp16
MCFD,/content/fall_detection_work/MCFD/MCFD/clips/chute17_cam3_0_8.535_10.667_1_3_mcfd.avi,1,3,17,fall,1,1,24.49866666666667,25.834666666666667,val,/content/drive/MyDrive/fall_detection_project/pose_cache/pose_v2_yolo11n_T32_C8_batch32_fp16/MCFD_3f8d874df26b5dea63cc.npz,False,pose_v2_yolo11n_T32_C8_batch32_fp16
MCFD,/content/fall_detection_work/MCFD/MCFD/clips/chute17_cam1_0_8.735_10.867_1_1_mcfd.avi,1,1,17,fallen,2,1,26.066666666666663,29.034666666666663,train,/content/drive/MyDrive/fall_detection_project/pose_cache/pose_v2_yolo11n_T32_C8_batch32_fp16/MCFD_b6b065a2bbafbaade72e.npz,False,pose_v2_yolo11n_T32_C8_batch32_fp16
MCFD,/content/fall_detection_work/MCFD/MCFD/clips/chute17_cam3_0_8.535_10.667_1_3_mcfd.avi,1,3,17,fallen,2,1,25.866666666666667,28.834666666666667,val,/content/drive/MyDrive/fall_detection_project/pose_cache/pose_v2_yolo11n_T32_C8_batch32_fp16/MCFD_0992dd2c0a39ccb0498c.npz,False,pose_v2_yolo11n_T32_C8_batch32_fp16
MCFD,/content/fall_detection_work/MCFD/MCFD/clips/chute18_cam1_0_14.204_16.772_1_1_mcfd.avi,1,1,18,walk,0,0,14.204,16.772,train,/content/drive/MyDrive/fall_detection_project/pose_cache/pose_v2_yolo11n_T32_C8_batch32_fp16/MCFD_bc01d939e181fcbd9cc5.npz,False,pose_v2_yolo11n_T32_C8_batch32_fp16
MCFD,/content/fall_detection_work/MCFD/MCFD/clips/chute18_cam3_0_13.771_16.339_1_3_mcfd.avi,1,3,18,walk,0,0,13.770666666666669,16.338666666666665,val,/content/drive/MyDrive/fall_detection_project/pose_cache/pose_v2_yolo11n_T32_C8_batch32_fp16/MCFD_2bcda46f811a55fff05b.npz,False,pose_v2_yolo11n_T32_C8_batch32_fp16
MCFD,/content/fall_detection_work/MCFD/MCFD/clips/chute18_cam1_0_14.204_16.772_1_1_mcfd.avi,1,1,18,sit_down,3,0,16.804,18.504,train,/content/drive/MyDrive/fall_detection_project/pose_cache/pose_v2_yolo11n_T32_C8_batch32_fp16/MCFD_c407903d052e6582c2a9.npz,False,pose_v2_yolo11n_T32_C8_batch32_fp16
MCFD,/content/fall_detection_work/MCFD/MCFD/clips/chute18_cam3_0_13.771_16.339_1_3_mcfd.avi,1,3,18,sit_down,3,0,16.370666666666665,18.070666666666668,val,/content/drive/MyDrive/fall_detection_project/pose_cache/pose_v2_yolo11n_T32_C8_batch32_fp16/MCFD_93ccb315360a67e8515e.npz,False,pose_v2_yolo11n_T32_C8_batch32_fp16
MCFD,/content/fall_detection_work/MCFD/MCFD/clips/chute18_cam1_0_14.204_16.772_1_1_mcfd.avi,1,1,18,sitting,4,0,18.54,21.84,train,/content/drive/MyDrive/fall_detection_project/pose_cache/pose_v2_yolo11n_T32_C8_batch32_fp16/MCFD_a04a7c34a31e89e0becd.npz,False,pose_v2_yolo11n_T32_C8_batch32_fp16
MCFD,/content/fall_detection_work/MCFD/MCFD/clips/chute18_cam3_0_13.771_16.339_1_3_mcfd.avi,1,3,18,sitting,4,0,18.106666666666666,21.406666666666663,val,/content/drive/MyDrive/fall_detection_project/pose_cache/pose_v2_yolo11n_T32_C8_batch32_fp16/MCFD_f16784b8c585d98df982.npz,False,pose_v2_yolo11n_T32_C8_batch32_fp16
MCFD,/content/fall_detection_work/MCFD/MCFD/clips/chute18_cam1_0_14.204_16.772_1_1_mcfd.avi,1,1,18,stand_up,7,0,21.872,23.172,train,/content/drive/MyDrive/fall_detection_project/pose_cache/pose_v2_yolo11n_T32_C8_batch32_fp16/MCFD_4d791faa9e2cb612a64f.npz,False,pose_v2_yolo11n_T32_C8_batch32_fp16
MCFD,/content/fall_detection_work/MCFD/MCFD/clips/chute18_cam3_0_13.771_16.339_1_3_mcfd.avi,1,3,18,stand_up,7,0,21.438666666666663,22.738666666666667,val,/content/drive/MyDrive/fall_detection_project/pose_cache/pose_v2_yolo11n_T32_C8_batch32_fp16/MCFD_986eec083aa4529f8cc2.npz,False,pose_v2_yolo11n_T32_C8_batch32_fp16
MCFD,/content/fall_detection_work/MCFD/MCFD/clips/chute18_cam1_0_14.204_16.772_1_1_mcfd.avi,1,1,18,fall,1,1,23.204,24.204,train,/content/drive/MyDrive/fall_detection_project/pose_cache/pose_v2_yolo11n_T32_C8_batch32_fp16/MCFD_a6074f811d0f1d63077b.npz,False,pose_v2_yolo11n_T32_C8_batch32_fp16
MCFD,/content/fall_detection_work/MCFD/MCFD/clips/chute18_cam3_0_13.771_16.339_1_3_mcfd.avi,1,3,18,fall,1,1,22.770666666666667,23.770666666666667,val,/content/drive/MyDrive/fall_detection_project/pose_cache/pose_v2_yolo11n_T32_C8_batch32_fp16/MCFD_a1a7b9dd82a6fa9e7a9e.npz,False,pose_v2_yolo11n_T32_C8_batch32_fp16
MCFD,/content/fall_detection_work/MCFD/MCFD/clips/chute18_cam1_0_14.204_16.772_1_1_mcfd.avi,1,1,18,fallen,2,1,24.24,28.84,train,/content/drive/MyDrive/fall_detection_project/pose_cache/pose_v2_yolo11n_T32_C8_batch32_fp16/MCFD_10ea34056642023ceee6.npz,False,pose_v2_yolo11n_T32_C8_batch32_fp16
MCFD,/content/fall_detection_work/MCFD/MCFD/clips/chute18_cam3_0_13.771_16.339_1_3_mcfd.avi,1,3,18,fallen,2,1,23.806666666666665,28.406666666666663,val,/content/drive/MyDrive/fall_detection_project/pose_cache/pose_v2_yolo11n_T32_C8_batch32_fp16/MCFD_c4c313e21aebb67493da.npz,False,pose_v2_yolo11n_T32_C8_batch32_fp16
MCFD,/content/fall_detection_work/MCFD/MCFD/clips/chute19_cam1_0_9.953_18.053_1_1_mcfd.avi,1,1,19,walk,0,0,9.952666666666667,18.052666666666664,train,/content/drive/MyDrive/fall_detection_project/pose_cache/pose_v2_yolo11n_T32_C8_batch32_fp16/MCFD_affc2705f4b162c834d7.npz,False,pose_v2_yolo11n_T32_C8_batch32_fp16
MCFD,/content/fall_detection_work/MCFD/MCFD/clips/chute19_cam3_0_9.853_17.953_1_3_mcfd.avi,1,3,19,walk,0,0,9.852666666666668,17.952666666666666,val,/content/drive/MyDrive/fall_detection_project/pose_cache/pose_v2_yolo11n_T32_C8_batch32_fp16/MCFD_00a9553910939ee5ce8d.npz,False,pose_v2_yolo11n_T32_C8_batch32_fp16
MCFD,/content/fall_detection_work/MCFD/MCFD/clips/chute19_cam1_0_9.953_18.053_1_1_mcfd.avi,1,1,19,fall,1,1,18.084666666666664,21.452666666666666,train,/content/drive/MyDrive/fall_detection_project/pose_cache/pose_v2_yolo11n_T32_C8_batch32_fp16/MCFD_cdf2991268f8cc8650f2.npz,False,pose_v2_yolo11n_T32_C8_batch32_fp16
MCFD,/content/fall_detection_work/MCFD/MCFD/clips/chute19_cam3_0_9.853_17.953_1_3_mcfd.avi,1,3,19,fall,1,1,17.984666666666666,21.352666666666668,val,/content/drive/MyDrive/fall_detection_project/pose_cache/pose_v2_yolo11n_T32_C8_batch32_fp16/MCFD_291a5ca995b4e28a8202.npz,False,pose_v2_yolo11n_T32_C8_batch32_fp16
MCFD,/content/fall_detection_work/MCFD/MCFD/clips/chute19_cam1_0_9.953_18.053_1_1_mcfd.avi,1,1,19,fallen,2,1,21.484666666666666,27.120666666666665,train,/content/drive/MyDrive/fall_detection_project/pose_cache/pose_v2_yolo11n_T32_C8_batch32_fp16/MCFD_9d5f191ff1c2b43e3284.npz,False,pose_v2_yolo11n_T32_C8_batch32_fp16
MCFD,/content/fall_detection_work/MCFD/MCFD/clips/chute19_cam3_0_9.853_17.953_1_3_mcfd.avi,1,3,19,fallen,2,1,21.384666666666668,27.020666666666667,val,/content/drive/MyDrive/fall_detection_project/pose_cache/pose_v2_yolo11n_T32_C8_batch32_fp16/MCFD_4e321a6c8102b7de1805.npz,False,pose_v2_yolo11n_T32_C8_batch32_fp16
MCFD,/content/fall_detection_work/MCFD/MCFD/clips/chute20_cam1_0_10.668_18.768_1_1_mcfd.avi,1,1,20,walk,0,0,10.668,18.768,train,/content/drive/MyDrive/fall_detection_project/pose_cache/pose_v2_yolo11n_T32_C8_batch32_fp16/MCFD_549d7746e310e3b1749a.npz,False,pose_v2_yolo11n_T32_C8_batch32_fp16
MCFD,/content/fall_detection_work/MCFD/MCFD/clips/chute20_cam3_0_9.935_18.035_1_3_mcfd.avi,1,3,20,walk,0,0,9.934666666666669,18.034666666666663,val,/content/drive/MyDrive/fall_detection_project/pose_cache/pose_v2_yolo11n_T32_C8_batch32_fp16/MCFD_480cbef964d2b1fdcf4f.npz,False,pose_v2_yolo11n_T32_C8_batch32_fp16
MCFD,/content/fall_detection_work/MCFD/MCFD/clips/chute20_cam1_0_10.668_18.768_1_1_mcfd.avi,1,1,20,fall,1,1,18.804,23.036,train,/content/drive/MyDrive/fall_detection_project/pose_cache/pose_v2_yolo11n_T32_C8_batch32_fp16/MCFD_89199d760edb0e2bc540.npz,False,pose_v2_yolo11n_T32_C8_batch32_fp16
MCFD,/content/fall_detection_work/MCFD/MCFD/clips/chute20_cam3_0_9.935_18.035_1_3_mcfd.avi,1,3,20,fall,1,1,18.070666666666664,22.302666666666667,val,/content/drive/MyDrive/fall_detection_project/pose_cache/pose_v2_yolo11n_T32_C8_batch32_fp16/MCFD_545370ed12a9d5143830.npz,False,pose_v2_yolo11n_T32_C8_batch32_fp16
MCFD,/content/fall_detection_work/MCFD/MCFD/clips/chute20_cam1_0_10.668_18.768_1_1_mcfd.avi,1,1,20,fallen,2,1,23.068,27.304,train,/content/drive/MyDrive/fall_detection_project/pose_cache/pose_v2_yolo11n_T32_C8_batch32_fp16/MCFD_08774c316b80a32cd189.npz,False,pose_v2_yolo11n_T32_C8_batch32_fp16
MCFD,/content/fall_detection_work/MCFD/MCFD/clips/chute20_cam3_0_9.935_18.035_1_3_mcfd.avi,1,3,20,fallen,2,1,22.334666666666667,26.570666666666664,val,/content/drive/MyDrive/fall_detection_project/pose_cache/pose_v2_yolo11n_T32_C8_batch32_fp16/MCFD_13a0ba91bf8233941e57.npz,False,pose_v2_yolo11n_T32_C8_batch32_fp16
MCFD,/content/fall_detection_work/MCFD/MCFD/clips/chute01_cam1_0_28.133_33.237_1_1_mcfd.avi,1,1,1,fallen,2,1,37.54933333333334,41.90347333333334,train,/content/drive/MyDrive/fall_detection_project/pose_cache/pose_v2_yolo11n_T32_C8_batch32_fp16/MCFD_8739b0584ca7aa94029d.npz,False,pose_v2_yolo11n_T32_C8_batch32_fp16
MCFD,/content/fall_detection_work/MCFD/MCFD/clips/chute01_cam3_0_28.299_33.404_1_3_mcfd.avi,1,3,1,fallen,2,1,37.716,42.07014,val,/content/drive/MyDrive/fall_detection_project/pose_cache/pose_v2_yolo11n_T32_C8_batch32_fp16/MCFD_ff8643c34a6b04f6a90f.npz,False,pose_v2_yolo11n_T32_C8_batch32_fp16
MCFD,/content/fall_detection_work/MCFD/MCFD/clips/chute01_cam1_0_28.133_33.237_1_1_mcfd.avi,1,1,1,stand_up,7,0,41.903333333333336,47.48680333333333,train,/content/drive/MyDrive/fall_detection_project/pose_cache/pose_v2_yolo11n_T32_C8_batch32_fp16/MCFD_5597c1577866e2668cf5.npz,False,pose_v2_yolo11n_T32_C8_batch32_fp16
MCFD,/content/fall_detection_work/MCFD/MCFD/clips/chute01_cam3_0_28.299_33.404_1_3_mcfd.avi,1,3,1,stand_up,7,0,42.07,47.65347,val,/content/drive/MyDrive/fall_detection_project/pose_cache/pose_v2_yolo11n_T32_C8_batch32_fp16/MCFD_8b3195814dc537c23d50.npz,False,pose_v2_yolo11n_T32_C8_batch32_fp16
MCFD,/content/fall_detection_work/MCFD/MCFD/clips/chute01_cam1_0_28.133_33.237_1_1_mcfd.avi,1,1,1,walk,0,0,47.48633333333333,48.61180333333333,train,/content/drive/MyDrive/fall_detection_project/pose_cache/pose_v2_yolo11n_T32_C8_batch32_fp16/MCFD_4db5fa9c64aa2ca46a3f.npz,False,pose_v2_yolo11n_T32_C8_batch32_fp16
MCFD,/content/fall_detection_work/MCFD/MCFD/clips/chute01_cam3_0_28.299_33.404_1_3_mcfd.avi,1,3,1,walk,0,0,47.653,48.77847,val,/content/drive/MyDrive/fall_detection_project/pose_cache/pose_v2_yolo11n_T32_C8_batch32_fp16/MCFD_24e4bf85a7502f612aa4.npz,False,pose_v2_yolo11n_T32_C8_batch32_fp16
MCFD,/content/fall_detection_work/MCFD/MCFD/clips/chute01_cam1_0_28.133_33.237_1_1_mcfd.avi,1,1,1,other,9,0,48.61133333333333,50.44514333333333,train,/content/drive/MyDrive/fall_detection_project/pose_cache/pose_v2_yolo11n_T32_C8_batch32_fp16/MCFD_c262d2703620d22b1f79.npz,False,pose_v2_yolo11n_T32_C8_batch32_fp16
MCFD,/content/fall_detection_work/MCFD/MCFD/clips/chute01_cam3_0_28.299_33.404_1_3_mcfd.avi,1,3,1,other,9,0,48.778,50.61181,val,/content/drive/MyDrive/fall_detection_project/pose_cache/pose_v2_yolo11n_T32_C8_batch32_fp16/MCFD_d6e875c17b290442c52e.npz,False,pose_v2_yolo11n_T32_C8_batch32_fp16
MCFD,/content/fall_detection_work/MCFD/MCFD/clips/chute01_cam1_0_28.133_33.237_1_1_mcfd.avi,1,1,1,walk,0,0,50.44533333333334,51.48533333333334,train,/content/drive/MyDrive/fall_detection_project/pose_cache/pose_v2_yolo11n_T32_C8_batch32_fp16/MCFD_db4ea4de0febf9138d9a.npz,False,pose_v2_yolo11n_T32_C8_batch32_fp16
MCFD,/content/fall_detection_work/MCFD/MCFD/clips/chute01_cam3_0_28.299_33.404_1_3_mcfd.avi,1,3,1,walk,0,0,50.612,51.652,val,/content/drive/MyDrive/fall_detection_project/pose_cache/pose_v2_yolo11n_T32_C8_batch32_fp16/MCFD_5705823c14caf85bb85a.npz,False,pose_v2_yolo11n_T32_C8_batch32_fp16
MCFD,/content/fall_detection_work/MCFD/MCFD/clips/chute02_cam1_0_10.970_13.823_1_1_mcfd.avi,1,1,2,fallen,2,1,15.907333333333332,24.678473333333333,train,/content/drive/MyDrive/fall_detection_project/pose_cache/pose_v2_yolo11n_T32_C8_batch32_fp16/MCFD_f241ac73c20fc67ad8da.npz,False,pose_v2_yolo11n_T32_C8_batch32_fp16
MCFD,/content/fall_detection_work/MCFD/MCFD/clips/chute02_cam3_0_10.137_12.990_1_3_mcfd.avi,1,3,2,fallen,2,1,15.074,23.84514,val,/content/drive/MyDrive/fall_detection_project/pose_cache/pose_v2_yolo11n_T32_C8_batch32_fp16/MCFD_34ebf35cea66be05eb6d.npz,False,pose_v2_yolo11n_T32_C8_batch32_fp16
MCFD,/content/fall_detection_work/MCFD/MCFD/clips/chute02_cam1_0_10.970_13.823_1_1_mcfd.avi,1,1,2,stand_up,7,0,24.67833333333333,27.803473333333333,train,/content/drive/MyDrive/fall_detection_project/pose_cache/pose_v2_yolo11n_T32_C8_batch32_fp16/MCFD_9efd1f648337eb359bd1.npz,False,pose_v2_yolo11n_T32_C8_batch32_fp16
MCFD,/content/fall_detection_work/MCFD/MCFD/clips/chute02_cam3_0_10.137_12.990_1_3_mcfd.avi,1,3,2,stand_up,7,0,23.845,26.97014,val,/content/drive/MyDrive/fall_detection_project/pose_cache/pose_v2_yolo11n_T32_C8_batch32_fp16/MCFD_3c1b53c6962c560afc2e.npz,False,pose_v2_yolo11n_T32_C8_batch32_fp16
MCFD,/content/fall_detection_work/MCFD/MCFD/clips/chute02_cam1_0_10.970_13.823_1_1_mcfd.avi,1,1,2,walk,0,0,27.80333333333333,28.200333333333333,train,/content/drive/MyDrive/fall_detection_project/pose_cache/pose_v2_yolo11n_T32_C8_batch32_fp16/MCFD_726a6dad78ba3ec6cbc7.npz,False,pose_v2_yolo11n_T32_C8_batch32_fp16
MCFD,/content/fall_detection_work/MCFD/MCFD/clips/chute02_cam3_0_10.137_12.990_1_3_mcfd.avi,1,3,2,walk,0,0,26.97,27.367,val,/content/drive/MyDrive/fall_detection_project/pose_cache/pose_v2_yolo11n_T32_C8_batch32_fp16/MCFD_cab0be091a9d27438e5a.npz,False,pose_v2_yolo11n_T32_C8_batch32_fp16
MCFD,/content/fall_detection_work/MCFD/MCFD/clips/chute03_cam1_0_12.012_19.581_1_1_mcfd.avi,1,1,3,fallen,2,1,22.345333333333333,28.011803333333333,train,/content/drive/MyDrive/fall_detection_project/pose_cache/pose_v2_yolo11n_T32_C8_batch32_fp16/MCFD_a188376a33736417bad0.npz,False,pose_v2_yolo11n_T32_C8_batch32_fp16
MCFD,/content/fall_detection_work/MCFD/MCFD/clips/chute03_cam3_0_11.878_19.448_1_3_mcfd.avi,1,3,3,fallen,2,1,22.212,27.87847,val,/content/drive/MyDrive/fall_detection_project/pose_cache/pose_v2_yolo11n_T32_C8_batch32_fp16/MCFD_bd090460d14638841be5.npz,False,pose_v2_yolo11n_T32_C8_batch32_fp16
MCFD,/content/fall_detection_work/MCFD/MCFD/clips/chute03_cam1_0_12.012_19.581_1_1_mcfd.avi,1,1,3,stand_up,7,0,28.011333333333333,30.782643333333333,train,/content/drive/MyDrive/fall_detection_project/pose_cache/pose_v2_yolo11n_T32_C8_batch32_fp16/MCFD_22213e69aea418be512a.npz,False,pose_v2_yolo11n_T32_C8_batch32_fp16
MCFD,/content/fall_detection_work/MCFD/MCFD/clips/chute03_cam3_0_11.878_19.448_1_3_mcfd.avi,1,3,3,stand_up,7,0,27.878,30.64931,val,/content/drive/MyDrive/fall_detection_project/pose_cache/pose_v2_yolo11n_T32_C8_batch32_fp16/MCFD_f1e5f7cc3ec4e59bcbfe.npz,False,pose_v2_yolo11n_T32_C8_batch32_fp16
MCFD,/content/fall_detection_work/MCFD/MCFD/clips/chute04_cam1_0_9.953_12.521_1_1_mcfd.avi,1,1,4,fallen,2,1,13.870333333333331,14.953473333333331,train,/content/drive/MyDrive/fall_detection_project/pose_cache/pose_v2_yolo11n_T32_C8_batch32_fp16/MCFD_cd46f0c6f97bd5c5b02f.npz,False,pose_v2_yolo11n_T32_C8_batch32_fp16
MCFD,/content/fall_detection_work/MCFD/MCFD/clips/chute04_cam3_0_10.153_12.721_1_3_mcfd.avi,1,3,4,fallen,2,1,14.070333333333334,15.153473333333334,val,/content/drive/MyDrive/fall_detection_project/pose_cache/pose_v2_yolo11n_T32_C8_batch32_fp16/MCFD_2e291feb8437832fd81b.npz,False,pose_v2_yolo11n_T32_C8_batch32_fp16
MCFD,/content/fall_detection_work/MCFD/MCFD/clips/chute04_cam1_0_9.953_12.521_1_1_mcfd.avi,1,1,4,stand_up,7,0,14.953333333333331,22.78680333333333,train,/content/drive/MyDrive/fall_detection_project/pose_cache/pose_v2_yolo11n_T32_C8_batch32_fp16/MCFD_aa97fa210d1c618e97ae.npz,False,pose_v2_yolo11n_T32_C8_batch32_fp16
MCFD,/content/fall_detection_work/MCFD/MCFD/clips/chute04_cam3_0_10.153_12.721_1_3_mcfd.avi,1,3,4,stand_up,7,0,15.153333333333334,22.98680333333333,val,/content/drive/MyDrive/fall_detection_project/pose_cache/pose_v2_yolo11n_T32_C8_batch32_fp16/MCFD_87065203fec9ff14079b.npz,False,pose_v2_yolo11n_T32_C8_batch32_fp16
MCFD,/content/fall_detection_work/MCFD/MCFD/clips/chute04_cam1_0_9.953_12.521_1_1_mcfd.avi,1,1,4,fall,1,1,22.78633333333333,24.49514333333333,train,/content/drive/MyDrive/fall_detection_project/pose_cache/pose_v2_yolo11n_T32_C8_batch32_fp16/MCFD_c6f225ea2e77f3540c68.npz,False,pose_v2_yolo11n_T32_C8_batch32_fp16
MCFD,/content/fall_detection_work/MCFD/MCFD/clips/chute04_cam3_0_10.153_12.721_1_3_mcfd.avi,1,3,4,fall,1,1,22.98633333333333,24.69514333333333,val,/content/drive/MyDrive/fall_detection_project/pose_cache/pose_v2_yolo11n_T32_C8_batch32_fp16/MCFD_043617e85516b496e70f.npz,False,pose_v2_yolo11n_T32_C8_batch32_fp16
MCFD,/content/fall_detection_work/MCFD/MCFD/clips/chute04_cam1_0_9.953_12.521_1_1_mcfd.avi,1,1,4,fallen,2,1,24.49533333333333,29.78680333333333,train,/content/drive/MyDrive/fall_detection_project/pose_cache/pose_v2_yolo11n_T32_C8_batch32_fp16/MCFD_01fbd00492f6a353e22a.npz,False,pose_v2_yolo11n_T32_C8_batch32_fp16
MCFD,/content/fall_detection_work/MCFD/MCFD/clips/chute04_cam3_0_10.153_12.721_1_3_mcfd.avi,1,3,4,fallen,2,1,24.69533333333333,29.98680333333333,val,/content/drive/MyDrive/fall_detection_project/pose_cache/pose_v2_yolo11n_T32_C8_batch32_fp16/MCFD_b5e998e6f470496bbafc.npz,False,pose_v2_yolo11n_T32_C8_batch32_fp16
MCFD,/content/fall_detection_work/MCFD/MCFD/clips/chute04_cam1_0_9.953_12.521_1_1_mcfd.avi,1,1,4,stand_up,7,0,29.78633333333333,33.41180333333333,train,/content/drive/MyDrive/fall_detection_project/pose_cache/pose_v2_yolo11n_T32_C8_batch32_fp16/MCFD_9fd45e94661449c8a2ae.npz,False,pose_v2_yolo11n_T32_C8_batch32_fp16
MCFD,/content/fall_detection_work/MCFD/MCFD/clips/chute04_cam3_0_10.153_12.721_1_3_mcfd.avi,1,3,4,stand_up,7,0,29.98633333333333,33.611803333333334,val,/content/drive/MyDrive/fall_detection_project/pose_cache/pose_v2_yolo11n_T32_C8_batch32_fp16/MCFD_74b87cb6a0d5d618cca6.npz,False,pose_v2_yolo11n_T32_C8_batch32_fp16
MCFD,/content/fall_detection_work/MCFD/MCFD/clips/chute04_cam1_0_9.953_12.521_1_1_mcfd.avi,1,1,4,walk,0,0,33.41133333333333,35.42930333333333,train,/content/drive/MyDrive/fall_detection_project/pose_cache/pose_v2_yolo11n_T32_C8_batch32_fp16/MCFD_3831e73ca7f70347cbc3.npz,False,pose_v2_yolo11n_T32_C8_batch32_fp16
MCFD,/content/fall_detection_work/MCFD/MCFD/clips/chute04_cam3_0_10.153_12.721_1_3_mcfd.avi,1,3,4,walk,0,0,33.611333333333334,35.62930333333333,val,/content/drive/MyDrive/fall_detection_project/pose_cache/pose_v2_yolo11n_T32_C8_batch32_fp16/MCFD_dc33a2a49dfa7d05a4f9.npz,False,pose_v2_yolo11n_T32_C8_batch32_fp16
MCFD,/content/fall_detection_work/MCFD/MCFD/clips/chute05_cam1_0_9.766_10.613_1_1_mcfd.avi,1,1,5,stand_up,7,0,15.280666666666669,21.203476666666663,train,/content/drive/MyDrive/fall_detection_project/pose_cache/pose_v2_yolo11n_T32_C8_batch32_fp16/MCFD_8957cfe5e60a6a9d7300.npz,False,pose_v2_yolo11n_T32_C8_batch32_fp16
MCFD,/content/fall_detection_work/MCFD/MCFD/clips/chute05_cam3_0_9.366_10.213_1_3_mcfd.avi,1,3,5,stand_up,7,0,14.880666666666666,20.803476666666665,val,/content/drive/MyDrive/fall_detection_project/pose_cache/pose_v2_yolo11n_T32_C8_batch32_fp16/MCFD_6e83b49389f54e994f6f.npz,False,pose_v2_yolo11n_T32_C8_batch32_fp16
MCFD,/content/fall_detection_work/MCFD/MCFD/clips/chute05_cam1_0_9.766_10.613_1_1_mcfd.avi,1,1,5,other,9,0,21.203666666666663,25.825976666666666,train,/content/drive/MyDrive/fall_detection_project/pose_cache/pose_v2_yolo11n_T32_C8_batch32_fp16/MCFD_fe26b45eb0a8f46cd727.npz,False,pose_v2_yolo11n_T32_C8_batch32_fp16
MCFD,/content/fall_detection_work/MCFD/MCFD/clips/chute05_cam3_0_9.366_10.213_1_3_mcfd.avi,1,3,5,other,9,0,20.803666666666665,25.425976666666667,val,/content/drive/MyDrive/fall_detection_project/pose_cache/pose_v2_yolo11n_T32_C8_batch32_fp16/MCFD_c361da90b9f26b033f6c.npz,False,pose_v2_yolo11n_T32_C8_batch32_fp16
MCFD,/content/fall_detection_work/MCFD/MCFD/clips/chute06_cam1_0_10.999_19.935_1_1_mcfd.avi,1,1,6,fallen,2,1,22.35333333333333,38.97847333333333,train,/content/drive/MyDrive/fall_detection_project/pose_cache/pose_v2_yolo11n_T32_C8_batch32_fp16/MCFD_57df848b991655d06d99.npz,False,pose_v2_yolo11n_T32_C8_batch32_fp16
MCFD,/content/fall_detection_work/MCFD/MCFD/clips/chute06_cam3_0_14.533_23.469_1_3_mcfd.avi,1,3,6,fallen,2,1,25.886666666666667,42.51180666666667,val,/content/drive/MyDrive/fall_detection_project/pose_cache/pose_v2_yolo11n_T32_C8_batch32_fp16/MCFD_3349846e25a24fbb60b6.npz,False,pose_v2_yolo11n_T32_C8_batch32_fp16
MCFD,/content/fall_detection_work/MCFD/MCFD/clips/chute06_cam1_0_10.999_19.935_1_1_mcfd.avi,1,1,6,stand_up,7,0,38.97833333333333,42.32930333333333,train,/content/drive/MyDrive/fall_detection_project/pose_cache/pose_v2_yolo11n_T32_C8_batch32_fp16/MCFD_3204040bb5546fdb94bb.npz,False,pose_v2_yolo11n_T32_C8_batch32_fp16
MCFD,/content/fall_detection_work/MCFD/MCFD/clips/chute06_cam3_0_14.533_23.469_1_3_mcfd.avi,1,3,6,stand_up,7,0,42.51166666666667,45.86263666666667,val,/content/drive/MyDrive/fall_detection_project/pose_cache/pose_v2_yolo11n_T32_C8_batch32_fp16/MCFD_5f0c6e51732e7fbd55e0.npz,False,pose_v2_yolo11n_T32_C8_batch32_fp16
MCFD,/content/fall_detection_work/MCFD/MCFD/clips/chute07_cam1_0_11.741_17.310_1_1_mcfd.avi,1,1,7,fallen,2,1,19.491,24.99014,train,/content/drive/MyDrive/fall_detection_project/pose_cache/pose_v2_yolo11n_T32_C8_batch32_fp16/MCFD_e5110d4b5ba080ef4696.npz,False,pose_v2_yolo11n_T32_C8_batch32_fp16
MCFD,/content/fall_detection_work/MCFD/MCFD/clips/chute07_cam3_0_11.341_16.910_1_3_mcfd.avi,1,3,7,fallen,2,1,19.091,24.59014,val,/content/drive/MyDrive/fall_detection_project/pose_cache/pose_v2_yolo11n_T32_C8_batch32_fp16/MCFD_ddfe4af4bdddf5bf7431.npz,False,pose_v2_yolo11n_T32_C8_batch32_fp16
MCFD,/content/fall_detection_work/MCFD/MCFD/clips/chute07_cam1_0_11.741_17.310_1_1_mcfd.avi,1,1,7,stand_up,7,0,24.99,28.63681,train,/content/drive/MyDrive/fall_detection_project/pose_cache/pose_v2_yolo11n_T32_C8_batch32_fp16/MCFD_ef64404c6310e07e1d19.npz,False,pose_v2_yolo11n_T32_C8_batch32_fp16
MCFD,/content/fall_detection_work/MCFD/MCFD/clips/chute07_cam3_0_11.341_16.910_1_3_mcfd.avi,1,3,7,stand_up,7,0,24.59,28.23681,val,/content/drive/MyDrive/fall_detection_project/pose_cache/pose_v2_yolo11n_T32_C8_batch32_fp16/MCFD_12cdf1b44b3974fc5b33.npz,False,pose_v2_yolo11n_T32_C8_batch32_fp16
MCFD,/content/fall_detection_work/MCFD/MCFD/clips/chute07_cam1_0_11.741_17.310_1_1_mcfd.avi,1,1,7,fall,1,1,28.637,29.92847,train,/content/drive/MyDrive/fall_detection_project/pose_cache/pose_v2_yolo11n_T32_C8_batch32_fp16/MCFD_bfd0533d45eb2d5b548f.npz,False,pose_v2_yolo11n_T32_C8_batch32_fp16
MCFD,/content/fall_detection_work/MCFD/MCFD/clips/chute07_cam3_0_11.341_16.910_1_3_mcfd.avi,1,3,7,fall,1,1,28.237,29.52847,val,/content/drive/MyDrive/fall_detection_project/pose_cache/pose_v2_yolo11n_T32_C8_batch32_fp16/MCFD_29b4aac275b0e7d120cf.npz,False,pose_v2_yolo11n_T32_C8_batch32_fp16
MCFD,/content/fall_detection_work/MCFD/MCFD/clips/chute07_cam1_0_11.741_17.310_1_1_mcfd.avi,1,1,7,stand_up,7,0,29.928,31.38431,train,/content/drive/MyDrive/fall_detection_project/pose_cache/pose_v2_yolo11n_T32_C8_batch32_fp16/MCFD_6ad910bc85ae365ed737.npz,False,pose_v2_yolo11n_T32_C8_batch32_fp16
MCFD,/content/fall_detection_work/MCFD/MCFD/clips/chute07_cam3_0_11.341_16.910_1_3_mcfd.avi,1,3,7,stand_up,7,0,29.528,30.98431,val,/content/drive/MyDrive/fall_detection_project/pose_cache/pose_v2_yolo11n_T32_C8_batch32_fp16/MCFD_cf17ff3ff18f32934dad.npz,False,pose_v2_yolo11n_T32_C8_batch32_fp16
MCFD,/content/fall_detection_work/MCFD/MCFD/clips/chute08_cam1_0_7.878_12.687_1_1_mcfd.avi,1,1,8,stand_up,7,0,16.355333333333334,23.29514333333333,train,/content/drive/MyDrive/fall_detection_project/pose_cache/pose_v2_yolo11n_T32_C8_batch32_fp16/MCFD_be51abd930098b603136.npz,False,pose_v2_yolo11n_T32_C8_batch32_fp16
MCFD,/content/fall_detection_work/MCFD/MCFD/clips/chute08_cam3_0_4.812_9.621_1_3_mcfd.avi,1,3,8,stand_up,7,0,13.288666666666668,20.228476666666666,val,/content/drive/MyDrive/fall_detection_project/pose_cache/pose_v2_yolo11n_T32_C8_batch32_fp16/MCFD_06a086f5b0c2af7dad9e.npz,False,pose_v2_yolo11n_T32_C8_batch32_fp16
MCFD,/content/fall_detection_work/MCFD/MCFD/clips/chute08_cam1_0_7.878_12.687_1_1_mcfd.avi,1,1,8,walk,0,0,23.29533333333333,24.31533333333333,train,/content/drive/MyDrive/fall_detection_project/pose_cache/pose_v2_yolo11n_T32_C8_batch32_fp16/MCFD_6100636599178fa9ad17.npz,False,pose_v2_yolo11n_T32_C8_batch32_fp16
MCFD,/content/fall_detection_work/MCFD/MCFD/clips/chute08_cam3_0_4.812_9.621_1_3_mcfd.avi,1,3,8,walk,0,0,20.228666666666665,21.24866666666667,val,/content/drive/MyDrive/fall_detection_project/pose_cache/pose_v2_yolo11n_T32_C8_batch32_fp16/MCFD_9d98f2d9f07b3ff48c06.npz,False,pose_v2_yolo11n_T32_C8_batch32_fp16
MCFD,/content/fall_detection_work/MCFD/MCFD/clips/chute09_cam1_0_10.216_16.273_1_1_mcfd.avi,1,1,9,fallen,2,1,22.903666666666663,28.299306666666663,train,/content/drive/MyDrive/fall_detection_project/pose_cache/pose_v2_yolo11n_T32_C8_batch32_fp16/MCFD_feb3e7ffe1a7d495e422.npz,False,pose_v2_yolo11n_T32_C8_batch32_fp16
MCFD,/content/fall_detection_work/MCFD/MCFD/clips/chute09_cam3_0_9.649_15.706_1_3_mcfd.avi,1,3,9,fallen,2,1,22.337,27.73264,val,/content/drive/MyDrive/fall_detection_project/pose_cache/pose_v2_yolo11n_T32_C8_batch32_fp16/MCFD_b112f0ce746f6845f5d9.npz,False,pose_v2_yolo11n_T32_C8_batch32_fp16
MCFD,/content/fall_detection_work/MCFD/MCFD/clips/chute09_cam1_0_10.216_16.273_1_1_mcfd.avi,1,1,9,stand_up,7,0,28.299666666666667,31.027636666666663,train,/content/drive/MyDrive/fall_detection_project/pose_cache/pose_v2_yolo11n_T32_C8_batch32_fp16/MCFD_77ec5594111046372085.npz,False,pose_v2_yolo11n_T32_C8_batch32_fp16
MCFD,/content/fall_detection_work/MCFD/MCFD/clips/chute09_cam3_0_9.649_15.706_1_3_mcfd.avi,1,3,9,stand_up,7,0,27.733,30.46097,val,/content/drive/MyDrive/fall_detection_project/pose_cache/pose_v2_yolo11n_T32_C8_batch32_fp16/MCFD_073e4a9e1cd2f4cc71e0.npz,False,pose_v2_yolo11n_T32_C8_batch32_fp16
MCFD,/content/fall_detection_work/MCFD/MCFD/clips/chute10_cam1_0_10.553_16.013_1_1_mcfd.avi,1,1,10,fall,1,1,17.386666666666667,18.720136666666665,train,/content/drive/MyDrive/fall_detection_project/pose_cache/pose_v2_yolo11n_T32_C8_batch32_fp16/MCFD_9a98c458b8844176e533.npz,False,pose_v2_yolo11n_T32_C8_batch32_fp16
MCFD,/content/fall_detection_work/MCFD/MCFD/clips/chute10_cam3_0_10.720_16.179_1_3_mcfd.avi,1,3,10,fall,1,1,17.553333333333335,18.886803333333333,val,/content/drive/MyDrive/fall_detection_project/pose_cache/pose_v2_yolo11n_T32_C8_batch32_fp16/MCFD_bb38cfdd65f8eea4eafc.npz,False,pose_v2_yolo11n_T32_C8_batch32_fp16
MCFD,/content/fall_detection_work/MCFD/MCFD/clips/chute10_cam1_0_10.553_16.013_1_1_mcfd.avi,1,1,10,stand_up,7,0,20.907636666666665,29.240976666666665,train,/content/drive/MyDrive/fall_detection_project/pose_cache/pose_v2_yolo11n_T32_C8_batch32_fp16/MCFD_b2e5b72ccacd37c88dd8.npz,False,pose_v2_yolo11n_T32_C8_batch32_fp16
MCFD,/content/fall_detection_work/MCFD/MCFD/clips/chute10_cam3_0_10.720_16.179_1_3_mcfd.avi,1,3,10,stand_up,7,0,21.074303333333333,29.407643333333333,val,/content/drive/MyDrive/fall_detection_project/pose_cache/pose_v2_yolo11n_T32_C8_batch32_fp16/MCFD_c1a9fc7a08f65859c204.npz,False,pose_v2_yolo11n_T32_C8_batch32_fp16
MCFD,/content/fall_detection_work/MCFD/MCFD/clips/chute10_cam1_0_10.553_16.013_1_1_mcfd.avi,1,1,10,walk,0,0,29.240666666666662,31.583476666666662,train,/content/drive/MyDrive/fall_detection_project/pose_cache/pose_v2_yolo11n_T32_C8_batch32_fp16/MCFD_2437183489a1dca0bd5b.npz,False,pose_v2_yolo11n_T32_C8_batch32_fp16
MCFD,/content/fall_detection_work/MCFD/MCFD/clips/chute10_cam3_0_10.720_16.179_1_3_mcfd.avi,1,3,10,walk,0,0,29.407333333333334,31.75014333333333,val,/content/drive/MyDrive/fall_detection_project/pose_cache/pose_v2_yolo11n_T32_C8_batch32_fp16/MCFD_3170dba78e3174d2fec1.npz,False,pose_v2_yolo11n_T32_C8_batch32_fp16
MCFD,/content/fall_detection_work/MCFD/MCFD/clips/chute11_cam1_0_13.274_16.403_1_1_mcfd.avi,1,1,11,fallen,2,1,18.003666666666664,24.940976666666664,train,/content/drive/MyDrive/fall_detection_project/pose_cache/pose_v2_yolo11n_T32_C8_batch32_fp16/MCFD_d9cba4dba22012fe0cd4.npz,False,pose_v2_yolo11n_T32_C8_batch32_fp16
MCFD,/content/fall_detection_work/MCFD/MCFD/clips/chute11_cam3_0_13.174_16.303_1_3_mcfd.avi,1,3,11,fallen,2,1,17.903666666666666,24.840976666666663,val,/content/drive/MyDrive/fall_detection_project/pose_cache/pose_v2_yolo11n_T32_C8_batch32_fp16/MCFD_79caca1a842fca59e0d5.npz,False,pose_v2_yolo11n_T32_C8_batch32_fp16
MCFD,/content/fall_detection_work/MCFD/MCFD/clips/chute11_cam1_0_13.274_16.403_1_1_mcfd.avi,1,1,11,stand_up,7,0,24.940666666666665,27.582636666666662,train,/content/drive/MyDrive/fall_detection_project/pose_cache/pose_v2_yolo11n_T32_C8_batch32_fp16/MCFD_40a0eb4cd5a3a5e8ead8.npz,False,pose_v2_yolo11n_T32_C8_batch32_fp16
MCFD,/content/fall_detection_work/MCFD/MCFD/clips/chute11_cam3_0_13.174_16.303_1_3_mcfd.avi,1,3,11,stand_up,7,0,24.840666666666667,27.482636666666668,val,/content/drive/MyDrive/fall_detection_project/pose_cache/pose_v2_yolo11n_T32_C8_batch32_fp16/MCFD_d8c4a32c7b4bae87dd89.npz,False,pose_v2_yolo11n_T32_C8_batch32_fp16
MCFD,/content/fall_detection_work/MCFD/MCFD/clips/chute13_cam1_0_10.583_14.883_1_1_mcfd.avi,1,1,13,stand_up,7,0,23.89133333333333,27.95133333333333,train,/content/drive/MyDrive/fall_detection_project/pose_cache/pose_v2_yolo11n_T32_C8_batch32_fp16/MCFD_15a63c33f8af4a637416.npz,False,pose_v2_yolo11n_T32_C8_batch32_fp16
MCFD,/content/fall_detection_work/MCFD/MCFD/clips/chute13_cam3_0_10.050_14.350_1_3_mcfd.avi,1,3,13,stand_up,7,0,23.358,27.418000000000003,val,/content/drive/MyDrive/fall_detection_project/pose_cache/pose_v2_yolo11n_T32_C8_batch32_fp16/MCFD_5b49db579118982c2e13.npz,False,pose_v2_yolo11n_T32_C8_batch32_fp16
MCFD,/content/fall_detection_work/MCFD/MCFD/clips/chute17_cam1_0_8.735_10.867_1_1_mcfd.avi,1,1,17,stand_up,7,0,20.436666666666667,24.666666666666668,train,/content/drive/MyDrive/fall_detection_project/pose_cache/pose_v2_yolo11n_T32_C8_batch32_fp16/MCFD_6ebc14c37e170133481b.npz,False,pose_v2_yolo11n_T32_C8_batch32_fp16
MCFD,/content/fall_detection_work/MCFD/MCFD/clips/chute17_cam3_0_8.535_10.667_1_3_mcfd.avi,1,3,17,stand_up,7,0,20.236666666666668,24.46666666666667,val,/content/drive/MyDrive/fall_detection_project/pose_cache/pose_v2_yolo11n_T32_C8_batch32_fp16/MCFD_d5c53435939370684ce0.npz,False,pose_v2_yolo11n_T32_C8_batch32_fp16
MCFD,/content/fall_detection_work/MCFD/MCFD/clips/chute21_cam1_0_14.637_19.082_1_1_mcfd.avi,1,1,21,walk,0,0,14.63681,19.082,train,/content/drive/MyDrive/fall_detection_project/pose_cache/pose_v2_yolo11n_T32_C8_batch32_fp16/MCFD_29775a9f996ecc2c8b3a.npz,False,pose_v2_yolo11n_T32_C8_batch32_fp16
MCFD,/content/fall_detection_work/MCFD/MCFD/clips/chute21_cam3_0_14.703_19.149_1_3_mcfd.avi,1,3,21,walk,0,0,14.703476666666669,19.148666666666664,val,/content/drive/MyDrive/fall_detection_project/pose_cache/pose_v2_yolo11n_T32_C8_batch32_fp16/MCFD_5077767e694988e8b314.npz,False,pose_v2_yolo11n_T32_C8_batch32_fp16
MCFD,/content/fall_detection_work/MCFD/MCFD/clips/chute21_cam1_0_14.637_19.082_1_1_mcfd.avi,1,1,21,sit_down,3,0,19.082,21.79,train,/content/drive/MyDrive/fall_detection_project/pose_cache/pose_v2_yolo11n_T32_C8_batch32_fp16/MCFD_d50d961716aec1b644f3.npz,False,pose_v2_yolo11n_T32_C8_batch32_fp16
MCFD,/content/fall_detection_work/MCFD/MCFD/clips/chute21_cam3_0_14.703_19.149_1_3_mcfd.avi,1,3,21,sit_down,3,0,19.148666666666664,21.856666666666666,val,/content/drive/MyDrive/fall_detection_project/pose_cache/pose_v2_yolo11n_T32_C8_batch32_fp16/MCFD_30f2ec73030a0957bfdf.npz,False,pose_v2_yolo11n_T32_C8_batch32_fp16
MCFD,/content/fall_detection_work/MCFD/MCFD/clips/chute21_cam1_0_14.637_19.082_1_1_mcfd.avi,1,1,21,sitting,4,0,21.822,27.99,train,/content/drive/MyDrive/fall_detection_project/pose_cache/pose_v2_yolo11n_T32_C8_batch32_fp16/MCFD_0167f8b2f4806eca28f6.npz,False,pose_v2_yolo11n_T32_C8_batch32_fp16
MCFD,/content/fall_detection_work/MCFD/MCFD/clips/chute21_cam3_0_14.703_19.149_1_3_mcfd.avi,1,3,21,sitting,4,0,21.888666666666666,28.056666666666665,val,/content/drive/MyDrive/fall_detection_project/pose_cache/pose_v2_yolo11n_T32_C8_batch32_fp16/MCFD_0975ff0c2079933faa15.npz,False,pose_v2_yolo11n_T32_C8_batch32_fp16
MCFD,/content/fall_detection_work/MCFD/MCFD/clips/chute21_cam1_0_14.637_19.082_1_1_mcfd.avi,1,1,21,stand_up,7,0,28.022,30.29,train,/content/drive/MyDrive/fall_detection_project/pose_cache/pose_v2_yolo11n_T32_C8_batch32_fp16/MCFD_dc4a83870b4d8de8a418.npz,False,pose_v2_yolo11n_T32_C8_batch32_fp16
MCFD,/content/fall_detection_work/MCFD/MCFD/clips/chute21_cam3_0_14.703_19.149_1_3_mcfd.avi,1,3,21,stand_up,7,0,28.088666666666665,30.356666666666666,val,/content/drive/MyDrive/fall_detection_project/pose_cache/pose_v2_yolo11n_T32_C8_batch32_fp16/MCFD_768b6946cd4215ec9d61.npz,False,pose_v2_yolo11n_T32_C8_batch32_fp16
MCFD,/content/fall_detection_work/MCFD/MCFD/clips/chute21_cam1_0_14.637_19.082_1_1_mcfd.avi,1,1,21,fall,1,1,30.322,32.014,train,/content/drive/MyDrive/fall_detection_project/pose_cache/pose_v2_yolo11n_T32_C8_batch32_fp16/MCFD_2052b5f6888c8d70910a.npz,False,pose_v2_yolo11n_T32_C8_batch32_fp16
MCFD,/content/fall_detection_work/MCFD/MCFD/clips/chute21_cam3_0_14.703_19.149_1_3_mcfd.avi,1,3,21,fall,1,1,30.388666666666666,32.080666666666666,val,/content/drive/MyDrive/fall_detection_project/pose_cache/pose_v2_yolo11n_T32_C8_batch32_fp16/MCFD_864338859a53c3935ebe.npz,False,pose_v2_yolo11n_T32_C8_batch32_fp16
MCFD,/content/fall_detection_work/MCFD/MCFD/clips/chute22_cam1_0_10.085_19.329_1_1_mcfd.avi,1,1,22,walk,0,0,10.085333333333336,19.32933333333333,train,/content/drive/MyDrive/fall_detection_project/pose_cache/pose_v2_yolo11n_T32_C8_batch32_fp16/MCFD_c631d770108bccf9ffc4.npz,False,pose_v2_yolo11n_T32_C8_batch32_fp16
MCFD,/content/fall_detection_work/MCFD/MCFD/clips/chute22_cam3_0_11.785_21.029_1_3_mcfd.avi,1,3,22,walk,0,0,11.785333333333334,21.029333333333334,val,/content/drive/MyDrive/fall_detection_project/pose_cache/pose_v2_yolo11n_T32_C8_batch32_fp16/MCFD_869bdda604965e03e77f.npz,False,pose_v2_yolo11n_T32_C8_batch32_fp16
MCFD,/content/fall_detection_work/MCFD/MCFD/clips/chute22_cam1_0_10.085_19.329_1_1_mcfd.avi,1,1,22,sit_down,3,0,19.365333333333336,22.62933333333333,train,/content/drive/MyDrive/fall_detection_project/pose_cache/pose_v2_yolo11n_T32_C8_batch32_fp16/MCFD_a88d100a3ea5a61c1bd9.npz,False,pose_v2_yolo11n_T32_C8_batch32_fp16
MCFD,/content/fall_detection_work/MCFD/MCFD/clips/chute22_cam3_0_11.785_21.029_1_3_mcfd.avi,1,3,22,sit_down,3,0,21.06533333333333,24.32933333333333,val,/content/drive/MyDrive/fall_detection_project/pose_cache/pose_v2_yolo11n_T32_C8_batch32_fp16/MCFD_5e82fb994ac2fd31d343.npz,False,pose_v2_yolo11n_T32_C8_batch32_fp16
MCFD,/content/fall_detection_work/MCFD/MCFD/clips/chute22_cam1_0_10.085_19.329_1_1_mcfd.avi,1,1,22,sitting,4,0,22.665333333333333,24.365333333333336,train,/content/drive/MyDrive/fall_detection_project/pose_cache/pose_v2_yolo11n_T32_C8_batch32_fp16/MCFD_5280cc05bcc8023b9f4d.npz,False,pose_v2_yolo11n_T32_C8_batch32_fp16
MCFD,/content/fall_detection_work/MCFD/MCFD/clips/chute22_cam3_0_11.785_21.029_1_3_mcfd.avi,1,3,22,sitting,4,0,24.36533333333333,26.06533333333333,val,/content/drive/MyDrive/fall_detection_project/pose_cache/pose_v2_yolo11n_T32_C8_batch32_fp16/MCFD_26b5ffab8f7bfa4db16d.npz,False,pose_v2_yolo11n_T32_C8_batch32_fp16
MCFD,/content/fall_detection_work/MCFD/MCFD/clips/chute22_cam1_0_10.085_19.329_1_1_mcfd.avi,1,1,22,stand_up,7,0,24.397333333333336,25.32933333333333,train,/content/drive/MyDrive/fall_detection_project/pose_cache/pose_v2_yolo11n_T32_C8_batch32_fp16/MCFD_4f9492d64be3de996e7a.npz,False,pose_v2_yolo11n_T32_C8_batch32_fp16
MCFD,/content/fall_detection_work/MCFD/MCFD/clips/chute22_cam3_0_11.785_21.029_1_3_mcfd.avi,1,3,22,stand_up,7,0,26.09733333333333,27.029333333333334,val,/content/drive/MyDrive/fall_detection_project/pose_cache/pose_v2_yolo11n_T32_C8_batch32_fp16/MCFD_31602fb28be54bf9eed0.npz,False,pose_v2_yolo11n_T32_C8_batch32_fp16
MCFD,/content/fall_detection_work/MCFD/MCFD/clips/chute22_cam1_0_10.085_19.329_1_1_mcfd.avi,1,1,22,fall,1,1,25.365333333333336,27.409333333333333,train,/content/drive/MyDrive/fall_detection_project/pose_cache/pose_v2_yolo11n_T32_C8_batch32_fp16/MCFD_276291a434d046dbe8ce.npz,False,pose_v2_yolo11n_T32_C8_batch32_fp16
MCFD,/content/fall_detection_work/MCFD/MCFD/clips/chute22_cam3_0_11.785_21.029_1_3_mcfd.avi,1,3,22,fall,1,1,27.06533333333333,29.10933333333333,val,/content/drive/MyDrive/fall_detection_project/pose_cache/pose_v2_yolo11n_T32_C8_batch32_fp16/MCFD_b024410725c8c67c3fda.npz,False,pose_v2_yolo11n_T32_C8_batch32_fp16
MCFD,/content/fall_detection_work/MCFD/MCFD/clips/chute23_cam1_0_12.393_18.373_1_1_mcfd.avi,1,1,23,walk,0,0,18.993333333333336,21.57433333333333,train,/content/drive/MyDrive/fall_detection_project/pose_cache/pose_v2_yolo11n_T32_C8_batch32_fp16/MCFD_5515f4c73e9527a896b0.npz,False,pose_v2_yolo11n_T32_C8_batch32_fp16
MCFD,/content/fall_detection_work/MCFD/MCFD/clips/chute23_cam3_0_13.093_19.073_1_3_mcfd.avi,1,3,23,walk,0,0,19.69333333333333,22.27433333333333,val,/content/drive/MyDrive/fall_detection_project/pose_cache/pose_v2_yolo11n_T32_C8_batch32_fp16/MCFD_8b1d648183dc0c629229.npz,False,pose_v2_yolo11n_T32_C8_batch32_fp16
MCFD,/content/fall_detection_work/MCFD/MCFD/clips/chute23_cam1_0_12.393_18.373_1_1_mcfd.avi,1,1,23,stand_up,7,0,51.94133333333333,55.34514333333333,train,/content/drive/MyDrive/fall_detection_project/pose_cache/pose_v2_yolo11n_T32_C8_batch32_fp16/MCFD_e15bbecea81549707359.npz,False,pose_v2_yolo11n_T32_C8_batch32_fp16
MCFD,/content/fall_detection_work/MCFD/MCFD/clips/chute23_cam3_0_13.093_19.073_1_3_mcfd.avi,1,3,23,stand_up,7,0,52.64133333333333,56.04514333333333,val,/content/drive/MyDrive/fall_detection_project/pose_cache/pose_v2_yolo11n_T32_C8_batch32_fp16/MCFD_ecae0f9de5fe39e79abf.npz,False,pose_v2_yolo11n_T32_C8_batch32_fp16
MCFD,/content/fall_detection_work/MCFD/MCFD/clips/chute23_cam1_0_12.393_18.373_1_1_mcfd.avi,1,1,23,walk,0,0,62.60533333333333,88.26180333333333,train,/content/drive/MyDrive/fall_detection_project/pose_cache/pose_v2_yolo11n_T32_C8_batch32_fp16/MCFD_b8c72fd784000120bf01.npz,False,pose_v2_yolo11n_T32_C8_batch32_fp16
MCFD,/content/fall_detection_work/MCFD/MCFD/clips/chute23_cam3_0_13.093_19.073_1_3_mcfd.avi,1,3,23,walk,0,0,63.30533333333333,88.96180333333334,val,/content/drive/MyDrive/fall_detection_project/pose_cache/pose_v2_yolo11n_T32_C8_batch32_fp16/MCFD_72e336c8b8888b9fb994.npz,False,pose_v2_yolo11n_T32_C8_batch32_fp16
MCFD,/content/fall_detection_work/MCFD/MCFD/clips/chute23_cam1_0_12.393_18.373_1_1_mcfd.avi,1,1,23,lying,6,0,91.53233333333334,93.92847333333332,train,/content/drive/MyDrive/fall_detection_project/pose_cache/pose_v2_yolo11n_T32_C8_batch32_fp16/MCFD_69abae3ef8516ed293fc.npz,False,pose_v2_yolo11n_T32_C8_batch32_fp16
MCFD,/content/fall_detection_work/MCFD/MCFD/clips/chute23_cam3_0_13.093_19.073_1_3_mcfd.avi,1,3,23,lying,6,0,92.23233333333334,94.62847333333332,val,/content/drive/MyDrive/fall_detection_project/pose_cache/pose_v2_yolo11n_T32_C8_batch32_fp16/MCFD_ca18d3c89836e9d16288.npz,False,pose_v2_yolo11n_T32_C8_batch32_fp16
MCFD,/content/fall_detection_work/MCFD/MCFD/clips/chute23_cam1_0_12.393_18.373_1_1_mcfd.avi,1,1,23,stand_up,7,0,93.92833333333331,101.82430333333332,train,/content/drive/MyDrive/fall_detection_project/pose_cache/pose_v2_yolo11n_T32_C8_batch32_fp16/MCFD_27dc97fcb8685296b70f.npz,False,pose_v2_yolo11n_T32_C8_batch32_fp16
MCFD,/content/fall_detection_work/MCFD/MCFD/clips/chute23_cam3_0_13.093_19.073_1_3_mcfd.avi,1,3,23,stand_up,7,0,94.62833333333332,102.52430333333334,val,/content/drive/MyDrive/fall_detection_project/pose_cache/pose_v2_yolo11n_T32_C8_batch32_fp16/MCFD_2f871613196b39a6cdf3.npz,False,pose_v2_yolo11n_T32_C8_batch32_fp16
MCFD,/content/fall_detection_work/MCFD/MCFD/clips/chute23_cam1_0_12.393_18.373_1_1_mcfd.avi,1,1,23,lie_down,5,0,106.63633333333334,109.51333333333334,train,/content/drive/MyDrive/fall_detection_project/pose_cache/pose_v2_yolo11n_T32_C8_batch32_fp16/MCFD_7c4d5689ec5b3ab9f618.npz,False,pose_v2_yolo11n_T32_C8_batch32_fp16
MCFD,/content/fall_detection_work/MCFD/MCFD/clips/chute23_cam3_0_13.093_19.073_1_3_mcfd.avi,1,3,23,lie_down,5,0,107.33633333333334,110.21333333333334,val,/content/drive/MyDrive/fall_detection_project/pose_cache/pose_v2_yolo11n_T32_C8_batch32_fp16/MCFD_3aa0d8649ac8f51df799.npz,False,pose_v2_yolo11n_T32_C8_batch32_fp16
MCFD,/content/fall_detection_work/MCFD/MCFD/clips/chute23_cam1_0_12.393_18.373_1_1_mcfd.avi,1,1,23,stand_up,7,0,113.63633333333334,119.92847333333332,train,/content/drive/MyDrive/fall_detection_project/pose_cache/pose_v2_yolo11n_T32_C8_batch32_fp16/MCFD_b224d47676603daa722b.npz,False,pose_v2_yolo11n_T32_C8_batch32_fp16
MCFD,/content/fall_detection_work/MCFD/MCFD/clips/chute23_cam3_0_13.093_19.073_1_3_mcfd.avi,1,3,23,stand_up,7,0,114.33633333333334,120.62847333333332,val,/content/drive/MyDrive/fall_detection_project/pose_cache/pose_v2_yolo11n_T32_C8_batch32_fp16/MCFD_2cb355e4eff3efaf4592.npz,False,pose_v2_yolo11n_T32_C8_batch32_fp16
MCFD,/content/fall_detection_work/MCFD/MCFD/clips/chute23_cam1_0_12.393_18.373_1_1_mcfd.avi,1,1,23,sit_down,3,0,140.32433333333333,143.40533333333332,train,/content/drive/MyDrive/fall_detection_project/pose_cache/pose_v2_yolo11n_T32_C8_batch32_fp16/MCFD_a4fade4d8163c36391c6.npz,False,pose_v2_yolo11n_T32_C8_batch32_fp16
MCFD,/content/fall_detection_work/MCFD/MCFD/clips/chute23_cam3_0_13.093_19.073_1_3_mcfd.avi,1,3,23,sit_down,3,0,141.02433333333337,144.10533333333333,val,/content/drive/MyDrive/fall_detection_project/pose_cache/pose_v2_yolo11n_T32_C8_batch32_fp16/MCFD_f5d58b5557f2d60353ad.npz,False,pose_v2_yolo11n_T32_C8_batch32_fp16
MCFD,/content/fall_detection_work/MCFD/MCFD/clips/chute23_cam1_0_12.393_18.373_1_1_mcfd.avi,1,1,23,sitting,4,0,143.44133333333332,149.29847333333333,train,/content/drive/MyDrive/fall_detection_project/pose_cache/pose_v2_yolo11n_T32_C8_batch32_fp16/MCFD_dead7dcec980241a3199.npz,False,pose_v2_yolo11n_T32_C8_batch32_fp16
MCFD,/content/fall_detection_work/MCFD/MCFD/clips/chute23_cam3_0_13.093_19.073_1_3_mcfd.avi,1,3,23,sitting,4,0,144.14133333333334,149.99847333333335,val,/content/drive/MyDrive/fall_detection_project/pose_cache/pose_v2_yolo11n_T32_C8_batch32_fp16/MCFD_a7c817895d1836376647.npz,False,pose_v2_yolo11n_T32_C8_batch32_fp16
MCFD,/content/fall_detection_work/MCFD/MCFD/clips/chute23_cam1_0_12.393_18.373_1_1_mcfd.avi,1,1,23,stand_up,7,0,149.30533333333332,151.82430333333332,train,/content/drive/MyDrive/fall_detection_project/pose_cache/pose_v2_yolo11n_T32_C8_batch32_fp16/MCFD_acef4625192c0209abd4.npz,False,pose_v2_yolo11n_T32_C8_batch32_fp16
MCFD,/content/fall_detection_work/MCFD/MCFD/clips/chute23_cam3_0_13.093_19.073_1_3_mcfd.avi,1,3,23,stand_up,7,0,150.00533333333334,152.52430333333334,val,/content/drive/MyDrive/fall_detection_project/pose_cache/pose_v2_yolo11n_T32_C8_batch32_fp16/MCFD_9bc220415b5e84bd3680.npz,False,pose_v2_yolo11n_T32_C8_batch32_fp16
MCFD,/content/fall_detection_work/MCFD/MCFD/clips/chute24_cam1_0_10.015_31.675_1_1_mcfd.avi,1,1,24,walk,0,0,10.014666666666669,31.674666666666667,train,/content/drive/MyDrive/fall_detection_project/pose_cache/pose_v2_yolo11n_T32_C8_batch32_fp16/MCFD_e9c1494ff45edb48bbdc.npz,False,pose_v2_yolo11n_T32_C8_batch32_fp16
MCFD,/content/fall_detection_work/MCFD/MCFD/clips/chute24_cam3_0_10.148_31.808_1_3_mcfd.avi,1,3,24,walk,0,0,10.148,31.808,val,/content/drive/MyDrive/fall_detection_project/pose_cache/pose_v2_yolo11n_T32_C8_batch32_fp16/MCFD_bf26b0d0fc820856827f.npz,False,pose_v2_yolo11n_T32_C8_batch32_fp16
MCFD,/content/fall_detection_work/MCFD/MCFD/clips/chute24_cam1_0_10.015_31.675_1_1_mcfd.avi,1,1,24,other,9,0,31.70666666666667,43.03866666666666,train,/content/drive/MyDrive/fall_detection_project/pose_cache/pose_v2_yolo11n_T32_C8_batch32_fp16/MCFD_e0f3d408caa99d4891ca.npz,False,pose_v2_yolo11n_T32_C8_batch32_fp16
MCFD,/content/fall_detection_work/MCFD/MCFD/clips/chute24_cam3_0_10.148_31.808_1_3_mcfd.avi,1,3,24,other,9,0,31.840000000000003,43.172,val,/content/drive/MyDrive/fall_detection_project/pose_cache/pose_v2_yolo11n_T32_C8_batch32_fp16/MCFD_8b48a5fd874c285ca1d0.npz,False,pose_v2_yolo11n_T32_C8_batch32_fp16
MCFD,/content/fall_detection_work/MCFD/MCFD/clips/chute24_cam1_0_10.015_31.675_1_1_mcfd.avi,1,1,24,other,9,0,43.074666666666666,47.53866666666666,train,/content/drive/MyDrive/fall_detection_project/pose_cache/pose_v2_yolo11n_T32_C8_batch32_fp16/MCFD_761e9825f4bd8fe07946.npz,False,pose_v2_yolo11n_T32_C8_batch32_fp16
MCFD,/content/fall_detection_work/MCFD/MCFD/clips/chute24_cam3_0_10.148_31.808_1_3_mcfd.avi,1,3,24,other,9,0,43.208,47.672,val,/content/drive/MyDrive/fall_detection_project/pose_cache/pose_v2_yolo11n_T32_C8_batch32_fp16/MCFD_a63bf4888256fe9f245a.npz,False,pose_v2_yolo11n_T32_C8_batch32_fp16
MCFD,/content/fall_detection_work/MCFD/MCFD/clips/chute24_cam1_0_10.015_31.675_1_1_mcfd.avi,1,1,24,other,9,0,47.574666666666666,57.53866666666666,train,/content/drive/MyDrive/fall_detection_project/pose_cache/pose_v2_yolo11n_T32_C8_batch32_fp16/MCFD_de8b0fb658c15dfdc361.npz,False,pose_v2_yolo11n_T32_C8_batch32_fp16
MCFD,/content/fall_detection_work/MCFD/MCFD/clips/chute24_cam3_0_10.148_31.808_1_3_mcfd.avi,1,3,24,other,9,0,47.708,57.672,val,/content/drive/MyDrive/fall_detection_project/pose_cache/pose_v2_yolo11n_T32_C8_batch32_fp16/MCFD_291d979461beb2eccaf5.npz,False,pose_v2_yolo11n_T32_C8_batch32_fp16
MCFD,/content/fall_detection_work/MCFD/MCFD/clips/chute24_cam1_0_10.015_31.675_1_1_mcfd.avi,1,1,24,other,9,0,57.574666666666666,62.00666666666667,train,/content/drive/MyDrive/fall_detection_project/pose_cache/pose_v2_yolo11n_T32_C8_batch32_fp16/MCFD_e277712548848ad65cd5.npz,False,pose_v2_yolo11n_T32_C8_batch32_fp16
MCFD,/content/fall_detection_work/MCFD/MCFD/clips/chute24_cam3_0_10.148_31.808_1_3_mcfd.avi,1,3,24,other,9,0,57.708,62.14,val,/content/drive/MyDrive/fall_detection_project/pose_cache/pose_v2_yolo11n_T32_C8_batch32_fp16/MCFD_0c1a77c2051f44111a72.npz,False,pose_v2_yolo11n_T32_C8_batch32_fp16
MCFD,/content/fall_detection_work/MCFD/MCFD/clips/chute24_cam1_0_10.015_31.675_1_1_mcfd.avi,1,1,24,other,9,0,62.03866666666666,82.20666666666666,train,/content/drive/MyDrive/fall_detection_project/pose_cache/pose_v2_yolo11n_T32_C8_batch32_fp16/MCFD_fefc3157df8cc1f61701.npz,False,pose_v2_yolo11n_T32_C8_batch32_fp16
MCFD,/content/fall_detection_work/MCFD/MCFD/clips/chute24_cam3_0_10.148_31.808_1_3_mcfd.avi,1,3,24,other,9,0,62.172,82.34,val,/content/drive/MyDrive/fall_detection_project/pose_cache/pose_v2_yolo11n_T32_C8_batch32_fp16/MCFD_12757bf4aa5ae607d42c.npz,False,pose_v2_yolo11n_T32_C8_batch32_fp16
MCFD,/content/fall_detection_work/MCFD/MCFD/clips/chute24_cam1_0_10.015_31.675_1_1_mcfd.avi,1,1,24,other,9,0,82.23866666666666,85.43866666666666,train,/content/drive/MyDrive/fall_detection_project/pose_cache/pose_v2_yolo11n_T32_C8_batch32_fp16/MCFD_935088d521da60fb8b11.npz,False,pose_v2_yolo11n_T32_C8_batch32_fp16
MCFD,/content/fall_detection_work/MCFD/MCFD/clips/chute24_cam3_0_10.148_31.808_1_3_mcfd.avi,1,3,24,other,9,0,82.372,85.572,val,/content/drive/MyDrive/fall_detection_project/pose_cache/pose_v2_yolo11n_T32_C8_batch32_fp16/MCFD_d36210cc5a919fb06ff2.npz,False,pose_v2_yolo11n_T32_C8_batch32_fp16
MCFD,/content/fall_detection_work/MCFD/MCFD/clips/chute24_cam1_0_10.015_31.675_1_1_mcfd.avi,1,1,24,other,9,0,85.47466666666666,100.53866666666666,train,/content/drive/MyDrive/fall_detection_project/pose_cache/pose_v2_yolo11n_T32_C8_batch32_fp16/MCFD_3fd11503f2f9e3bc22a8.npz,False,pose_v2_yolo11n_T32_C8_batch32_fp16
MCFD,/content/fall_detection_work/MCFD/MCFD/clips/chute24_cam3_0_10.148_31.808_1_3_mcfd.avi,1,3,24,other,9,0,85.608,100.672,val,/content/drive/MyDrive/fall_detection_project/pose_cache/pose_v2_yolo11n_T32_C8_batch32_fp16/MCFD_aa9792f91b10f010b396.npz,False,pose_v2_yolo11n_T32_C8_batch32_fp16
MCFD,/content/fall_detection_work/MCFD/MCFD/clips/chute24_cam1_0_10.015_31.675_1_1_mcfd.avi,1,1,24,other,9,0,100.57466666666666,103.37466666666666,train,/content/drive/MyDrive/fall_detection_project/pose_cache/pose_v2_yolo11n_T32_C8_batch32_fp16/MCFD_fc92a75a42bf287d3978.npz,False,pose_v2_yolo11n_T32_C8_batch32_fp16
MCFD,/content/fall_detection_work/MCFD/MCFD/clips/chute24_cam3_0_10.148_31.808_1_3_mcfd.avi,1,3,24,other,9,0,100.708,103.508,val,/content/drive/MyDrive/fall_detection_project/pose_cache/pose_v2_yolo11n_T32_C8_batch32_fp16/MCFD_e1fd74406261ee15780b.npz,False,pose_v2_yolo11n_T32_C8_batch32_fp16
MCFD,/content/fall_detection_work/MCFD/MCFD/clips/chute24_cam1_0_10.015_31.675_1_1_mcfd.avi,1,1,24,walk,0,0,103.40666666666668,107.30666666666666,train,/content/drive/MyDrive/fall_detection_project/pose_cache/pose_v2_yolo11n_T32_C8_batch32_fp16/MCFD_8548d8b58584d14712d5.npz,False,pose_v2_yolo11n_T32_C8_batch32_fp16
MCFD,/content/fall_detection_work/MCFD/MCFD/clips/chute24_cam3_0_10.148_31.808_1_3_mcfd.avi,1,3,24,walk,0,0,103.54,107.44,val,/content/drive/MyDrive/fall_detection_project/pose_cache/pose_v2_yolo11n_T32_C8_batch32_fp16/MCFD_4c4917cb0a964ce2cf56.npz,False,pose_v2_yolo11n_T32_C8_batch32_fp16
MCFD,/content/fall_detection_work/MCFD/MCFD/clips/chute24_cam1_0_10.015_31.675_1_1_mcfd.avi,1,1,24,walk,0,0,107.33866666666664,110.97466666666666,train,/content/drive/MyDrive/fall_detection_project/pose_cache/pose_v2_yolo11n_T32_C8_batch32_fp16/MCFD_d27ecd36aeac737d80c8.npz,False,pose_v2_yolo11n_T32_C8_batch32_fp16
MCFD,/content/fall_detection_work/MCFD/MCFD/clips/chute24_cam3_0_10.148_31.808_1_3_mcfd.avi,1,3,24,walk,0,0,107.472,111.108,val,/content/drive/MyDrive/fall_detection_project/pose_cache/pose_v2_yolo11n_T32_C8_batch32_fp16/MCFD_fc4ff1b8aebe838a2196.npz,False,pose_v2_yolo11n_T32_C8_batch32_fp16
MCFD,/content/fall_detection_work/MCFD/MCFD/clips/chute24_cam1_0_10.015_31.675_1_1_mcfd.avi,1,1,24,other,9,0,111.00666666666666,117.77013666666666,train,/content/drive/MyDrive/fall_detection_project/pose_cache/pose_v2_yolo11n_T32_C8_batch32_fp16/MCFD_33c5e86f721374e4c7ff.npz,False,pose_v2_yolo11n_T32_C8_batch32_fp16
MCFD,/content/fall_detection_work/MCFD/MCFD/clips/chute24_cam3_0_10.148_31.808_1_3_mcfd.avi,1,3,24,other,9,0,111.14,117.90347,val,/content/drive/MyDrive/fall_detection_project/pose_cache/pose_v2_yolo11n_T32_C8_batch32_fp16/MCFD_6232fb6fe3f67fb56114.npz,False,pose_v2_yolo11n_T32_C8_batch32_fp16
MCFD,/content/fall_detection_work/MCFD/MCFD/clips/chute21_cam1_0_14.637_19.082_1_1_mcfd.avi,1,1,21,fallen,2,1,32.014,36.99097,train,/content/drive/MyDrive/fall_detection_project/pose_cache/pose_v2_yolo11n_T32_C8_batch32_fp16/MCFD_360d07c59d0b246f4d1d.npz,False,pose_v2_yolo11n_T32_C8_batch32_fp16
MCFD,/content/fall_detection_work/MCFD/MCFD/clips/chute21_cam3_0_14.703_19.149_1_3_mcfd.avi,1,3,21,fallen,2,1,32.080666666666666,37.05763666666667,val,/content/drive/MyDrive/fall_detection_project/pose_cache/pose_v2_yolo11n_T32_C8_batch32_fp16/MCFD_b0db337f76a9a389bcb7.npz,False,pose_v2_yolo11n_T32_C8_batch32_fp16
MCFD,/content/fall_detection_work/MCFD/MCFD/clips/chute21_cam1_0_14.637_19.082_1_1_mcfd.avi,1,1,21,stand_up,7,0,36.991,40.53264,train,/content/drive/MyDrive/fall_detection_project/pose_cache/pose_v2_yolo11n_T32_C8_batch32_fp16/MCFD_63ce63f09398794ba7e6.npz,False,pose_v2_yolo11n_T32_C8_batch32_fp16
MCFD,/content/fall_detection_work/MCFD/MCFD/clips/chute21_cam3_0_14.703_19.149_1_3_mcfd.avi,1,3,21,stand_up,7,0,37.05766666666667,40.59930666666667,val,/content/drive/MyDrive/fall_detection_project/pose_cache/pose_v2_yolo11n_T32_C8_batch32_fp16/MCFD_99786f291f488371e60b.npz,False,pose_v2_yolo11n_T32_C8_batch32_fp16
MCFD,/content/fall_detection_work/MCFD/MCFD/clips/chute21_cam1_0_14.637_19.082_1_1_mcfd.avi,1,1,21,walk,0,0,40.533,41.067,train,/content/drive/MyDrive/fall_detection_project/pose_cache/pose_v2_yolo11n_T32_C8_batch32_fp16/MCFD_b3e93b707c009a440f52.npz,False,pose_v2_yolo11n_T32_C8_batch32_fp16
MCFD,/content/fall_detection_work/MCFD/MCFD/clips/chute21_cam3_0_14.703_19.149_1_3_mcfd.avi,1,3,21,walk,0,0,40.59966666666667,41.13366666666667,val,/content/drive/MyDrive/fall_detection_project/pose_cache/pose_v2_yolo11n_T32_C8_batch32_fp16/MCFD_3691eb1678cca897bbfe.npz,False,pose_v2_yolo11n_T32_C8_batch32_fp16
MCFD,/content/fall_detection_work/MCFD/MCFD/clips/chute22_cam1_0_10.085_19.329_1_1_mcfd.avi,1,1,22,fallen,2,1,27.409333333333333,30.79733333333333,train,/content/drive/MyDrive/fall_detection_project/pose_cache/pose_v2_yolo11n_T32_C8_batch32_fp16/MCFD_255b26bcc65658822814.npz,False,pose_v2_yolo11n_T32_C8_batch32_fp16
MCFD,/content/fall_detection_work/MCFD/MCFD/clips/chute22_cam3_0_11.785_21.029_1_3_mcfd.avi,1,3,22,fallen,2,1,29.10933333333333,32.49733333333333,val,/content/drive/MyDrive/fall_detection_project/pose_cache/pose_v2_yolo11n_T32_C8_batch32_fp16/MCFD_ca81a97f5ae6ee687081.npz,False,pose_v2_yolo11n_T32_C8_batch32_fp16
MCFD,/content/fall_detection_work/MCFD/MCFD/clips/chute22_cam1_0_10.085_19.329_1_1_mcfd.avi,1,1,22,stand_up,7,0,30.79733333333333,36.26180333333333,train,/content/drive/MyDrive/fall_detection_project/pose_cache/pose_v2_yolo11n_T32_C8_batch32_fp16/MCFD_179ba06ef96e70c8c1dc.npz,False,pose_v2_yolo11n_T32_C8_batch32_fp16
MCFD,/content/fall_detection_work/MCFD/MCFD/clips/chute22_cam3_0_11.785_21.029_1_3_mcfd.avi,1,3,22,stand_up,7,0,32.49733333333333,37.96180333333333,val,/content/drive/MyDrive/fall_detection_project/pose_cache/pose_v2_yolo11n_T32_C8_batch32_fp16/MCFD_faf94dbb52f0985982c5.npz,False,pose_v2_yolo11n_T32_C8_batch32_fp16
MCFD,/content/fall_detection_work/MCFD/MCFD/clips/chute22_cam1_0_10.085_19.329_1_1_mcfd.avi,1,1,22,walk,0,0,36.26133333333333,36.73333333333333,train,/content/drive/MyDrive/fall_detection_project/pose_cache/pose_v2_yolo11n_T32_C8_batch32_fp16/MCFD_479ee96b7b0d1bee9585.npz,False,pose_v2_yolo11n_T32_C8_batch32_fp16
MCFD,/content/fall_detection_work/MCFD/MCFD/clips/chute22_cam3_0_11.785_21.029_1_3_mcfd.avi,1,3,22,walk,0,0,37.96133333333333,38.43333333333333,val,/content/drive/MyDrive/fall_detection_project/pose_cache/pose_v2_yolo11n_T32_C8_batch32_fp16/MCFD_cc8494c94ba2cc4911b1.npz,False,pose_v2_yolo11n_T32_C8_batch32_fp16
MCFD,/content/fall_detection_work/MCFD/MCFD/clips/chute23_cam1_0_12.393_18.373_1_1_mcfd.avi,1,1,23,other,9,0,21.57433333333333,24.345143333333333,train,/content/drive/MyDrive/fall_detection_project/pose_cache/pose_v2_yolo11n_T32_C8_batch32_fp16/MCFD_d73967d82c2d0b34fae5.npz,False,pose_v2_yolo11n_T32_C8_batch32_fp16
MCFD,/content/fall_detection_work/MCFD/MCFD/clips/chute23_cam3_0_13.093_19.073_1_3_mcfd.avi,1,3,23,other,9,0,22.27433333333333,25.04514333333333,val,/content/drive/MyDrive/fall_detection_project/pose_cache/pose_v2_yolo11n_T32_C8_batch32_fp16/MCFD_7b7482c4a0c3a196ceec.npz,False,pose_v2_yolo11n_T32_C8_batch32_fp16
MCFD,/content/fall_detection_work/MCFD/MCFD/clips/chute23_cam1_0_12.393_18.373_1_1_mcfd.avi,1,1,23,walk,0,0,12.393333333333333,18.37333333333333,train,/content/drive/MyDrive/fall_detection_project/pose_cache/pose_v2_yolo11n_T32_C8_batch32_fp16/MCFD_b85be5b6c94b01869d9e.npz,False,pose_v2_yolo11n_T32_C8_batch32_fp16
MCFD,/content/fall_detection_work/MCFD/MCFD/clips/chute23_cam3_0_13.093_19.073_1_3_mcfd.avi,1,3,23,walk,0,0,13.093333333333334,19.07333333333333,val,/content/drive/MyDrive/fall_detection_project/pose_cache/pose_v2_yolo11n_T32_C8_batch32_fp16/MCFD_a20709e3ab62aa1c38f9.npz,False,pose_v2_yolo11n_T32_C8_batch32_fp16
MCFD,/content/fall_detection_work/MCFD/MCFD/clips/chute23_cam1_0_12.393_18.373_1_1_mcfd.avi,1,1,23,standing,8,0,18.39333333333333,18.993333333333336,train,/content/drive/MyDrive/fall_detection_project/pose_cache/pose_v2_yolo11n_T32_C8_batch32_fp16/MCFD_3548c0a3cb8fbf5fb266.npz,False,pose_v2_yolo11n_T32_C8_batch32_fp16
MCFD,/content/fall_detection_work/MCFD/MCFD/clips/chute23_cam3_0_13.093_19.073_1_3_mcfd.avi,1,3,23,standing,8,0,19.093333333333334,19.69333333333333,val,/content/drive/MyDrive/fall_detection_project/pose_cache/pose_v2_yolo11n_T32_C8_batch32_fp16/MCFD_ff1d00971e9a6304860e.npz,False,pose_v2_yolo11n_T32_C8_batch32_fp16
MCFD,/content/fall_detection_work/MCFD/MCFD/clips/chute23_cam1_0_12.393_18.373_1_1_mcfd.avi,1,1,23,walk,0,0,24.345333333333333,50.51180333333333,train,/content/drive/MyDrive/fall_detection_project/pose_cache/pose_v2_yolo11n_T32_C8_batch32_fp16/MCFD_045360a2a4f5a65c5391.npz,False,pose_v2_yolo11n_T32_C8_batch32_fp16
MCFD,/content/fall_detection_work/MCFD/MCFD/clips/chute23_cam3_0_13.093_19.073_1_3_mcfd.avi,1,3,23,walk,0,0,25.04533333333333,51.21180333333333,val,/content/drive/MyDrive/fall_detection_project/pose_cache/pose_v2_yolo11n_T32_C8_batch32_fp16/MCFD_8dfab5c28d0d49148f33.npz,False,pose_v2_yolo11n_T32_C8_batch32_fp16
MCFD,/content/fall_detection_work/MCFD/MCFD/clips/chute23_cam1_0_12.393_18.373_1_1_mcfd.avi,1,1,23,fall,1,1,50.51133333333333,51.94133333333333,train,/content/drive/MyDrive/fall_detection_project/pose_cache/pose_v2_yolo11n_T32_C8_batch32_fp16/MCFD_5ef58427604579902087.npz,False,pose_v2_yolo11n_T32_C8_batch32_fp16
MCFD,/content/fall_detection_work/MCFD/MCFD/clips/chute23_cam3_0_13.093_19.073_1_3_mcfd.avi,1,3,23,fall,1,1,51.21133333333333,52.64133333333333,val,/content/drive/MyDrive/fall_detection_project/pose_cache/pose_v2_yolo11n_T32_C8_batch32_fp16/MCFD_dadfd6cfdcacdeb94928.npz,False,pose_v2_yolo11n_T32_C8_batch32_fp16
MCFD,/content/fall_detection_work/MCFD/MCFD/clips/chute23_cam1_0_12.393_18.373_1_1_mcfd.avi,1,1,23,walk,0,0,55.345333333333336,57.76180333333333,train,/content/drive/MyDrive/fall_detection_project/pose_cache/pose_v2_yolo11n_T32_C8_batch32_fp16/MCFD_d486044769baf986a816.npz,False,pose_v2_yolo11n_T32_C8_batch32_fp16
MCFD,/content/fall_detection_work/MCFD/MCFD/clips/chute23_cam3_0_13.093_19.073_1_3_mcfd.avi,1,3,23,walk,0,0,56.04533333333333,58.46180333333333,val,/content/drive/MyDrive/fall_detection_project/pose_cache/pose_v2_yolo11n_T32_C8_batch32_fp16/MCFD_90139ae7760f20aab463.npz,False,pose_v2_yolo11n_T32_C8_batch32_fp16
MCFD,/content/fall_detection_work/MCFD/MCFD/clips/chute23_cam1_0_12.393_18.373_1_1_mcfd.avi,1,1,23,other,9,0,57.76133333333333,62.57333333333334,train,/content/drive/MyDrive/fall_detection_project/pose_cache/pose_v2_yolo11n_T32_C8_batch32_fp16/MCFD_924c84c8b570b1d2368d.npz,False,pose_v2_yolo11n_T32_C8_batch32_fp16
MCFD,/content/fall_detection_work/MCFD/MCFD/clips/chute23_cam3_0_13.093_19.073_1_3_mcfd.avi,1,3,23,other,9,0,58.46133333333333,63.27333333333333,val,/content/drive/MyDrive/fall_detection_project/pose_cache/pose_v2_yolo11n_T32_C8_batch32_fp16/MCFD_a73b759b3176aed25f49.npz,False,pose_v2_yolo11n_T32_C8_batch32_fp16
MCFD,/content/fall_detection_work/MCFD/MCFD/clips/chute23_cam1_0_12.393_18.373_1_1_mcfd.avi,1,1,23,lie_down,5,0,88.26133333333334,91.53264333333334,train,/content/drive/MyDrive/fall_detection_project/pose_cache/pose_v2_yolo11n_T32_C8_batch32_fp16/MCFD_07bac98d8a58a49a9c70.npz,False,pose_v2_yolo11n_T32_C8_batch32_fp16
MCFD,/content/fall_detection_work/MCFD/MCFD/clips/chute23_cam3_0_13.093_19.073_1_3_mcfd.avi,1,3,23,lie_down,5,0,88.96133333333334,92.23264333333334,val,/content/drive/MyDrive/fall_detection_project/pose_cache/pose_v2_yolo11n_T32_C8_batch32_fp16/MCFD_1815b83de30f59d415ff.npz,False,pose_v2_yolo11n_T32_C8_batch32_fp16
MCFD,/content/fall_detection_work/MCFD/MCFD/clips/chute23_cam1_0_12.393_18.373_1_1_mcfd.avi,1,1,23,walk,0,0,101.82433333333331,105.88680333333332,train,/content/drive/MyDrive/fall_detection_project/pose_cache/pose_v2_yolo11n_T32_C8_batch32_fp16/MCFD_1ff86976a0ffc1cdf0a6.npz,False,pose_v2_yolo11n_T32_C8_batch32_fp16
MCFD,/content/fall_detection_work/MCFD/MCFD/clips/chute23_cam3_0_13.093_19.073_1_3_mcfd.avi,1,3,23,walk,0,0,102.52433333333332,106.58680333333334,val,/content/drive/MyDrive/fall_detection_project/pose_cache/pose_v2_yolo11n_T32_C8_batch32_fp16/MCFD_d779f621999b1d440c60.npz,False,pose_v2_yolo11n_T32_C8_batch32_fp16
MCFD,/content/fall_detection_work/MCFD/MCFD/clips/chute23_cam1_0_12.393_18.373_1_1_mcfd.avi,1,1,23,sit_down,3,0,105.88633333333334,106.63680333333332,train,/content/drive/MyDrive/fall_detection_project/pose_cache/pose_v2_yolo11n_T32_C8_batch32_fp16/MCFD_4d6e6fc022a76c2a9ff6.npz,False,pose_v2_yolo11n_T32_C8_batch32_fp16
MCFD,/content/fall_detection_work/MCFD/MCFD/clips/chute23_cam3_0_13.093_19.073_1_3_mcfd.avi,1,3,23,sit_down,3,0,106.58633333333334,107.33680333333334,val,/content/drive/MyDrive/fall_detection_project/pose_cache/pose_v2_yolo11n_T32_C8_batch32_fp16/MCFD_43dca91673c460884e16.npz,False,pose_v2_yolo11n_T32_C8_batch32_fp16
MCFD,/content/fall_detection_work/MCFD/MCFD/clips/chute23_cam1_0_12.393_18.373_1_1_mcfd.avi,1,1,23,lying,6,0,109.51333333333334,113.63680333333332,train,/content/drive/MyDrive/fall_detection_project/pose_cache/pose_v2_yolo11n_T32_C8_batch32_fp16/MCFD_93ecdfe9e68e7673bbdf.npz,False,pose_v2_yolo11n_T32_C8_batch32_fp16
MCFD,/content/fall_detection_work/MCFD/MCFD/clips/chute23_cam3_0_13.093_19.073_1_3_mcfd.avi,1,3,23,lying,6,0,110.21333333333334,114.33680333333334,val,/content/drive/MyDrive/fall_detection_project/pose_cache/pose_v2_yolo11n_T32_C8_batch32_fp16/MCFD_4fb91b04b041106100a2.npz,False,pose_v2_yolo11n_T32_C8_batch32_fp16
MCFD,/content/fall_detection_work/MCFD/MCFD/clips/chute23_cam1_0_12.393_18.373_1_1_mcfd.avi,1,1,23,fall,1,1,119.92833333333331,121.01180333333332,train,/content/drive/MyDrive/fall_detection_project/pose_cache/pose_v2_yolo11n_T32_C8_batch32_fp16/MCFD_6450b2b875a1febdcde1.npz,False,pose_v2_yolo11n_T32_C8_batch32_fp16
MCFD,/content/fall_detection_work/MCFD/MCFD/clips/chute23_cam3_0_13.093_19.073_1_3_mcfd.avi,1,3,23,fall,1,1,120.62833333333332,121.71180333333334,val,/content/drive/MyDrive/fall_detection_project/pose_cache/pose_v2_yolo11n_T32_C8_batch32_fp16/MCFD_f8478deadb4e3043916f.npz,False,pose_v2_yolo11n_T32_C8_batch32_fp16
MCFD,/content/fall_detection_work/MCFD/MCFD/clips/chute23_cam1_0_12.393_18.373_1_1_mcfd.avi,1,1,23,stand_up,7,0,121.01133333333334,125.40764333333334,train,/content/drive/MyDrive/fall_detection_project/pose_cache/pose_v2_yolo11n_T32_C8_batch32_fp16/MCFD_c45e232d510203c80895.npz,False,pose_v2_yolo11n_T32_C8_batch32_fp16
MCFD,/content/fall_detection_work/MCFD/MCFD/clips/chute23_cam3_0_13.093_19.073_1_3_mcfd.avi,1,3,23,stand_up,7,0,121.71133333333334,126.10764333333334,val,/content/drive/MyDrive/fall_detection_project/pose_cache/pose_v2_yolo11n_T32_C8_batch32_fp16/MCFD_f2d861c507c7f14f13c1.npz,False,pose_v2_yolo11n_T32_C8_batch32_fp16
MCFD,/content/fall_detection_work/MCFD/MCFD/clips/chute23_cam1_0_12.393_18.373_1_1_mcfd.avi,1,1,23,other,9,0,125.40733333333334,137.4076433333333,train,/content/drive/MyDrive/fall_detection_project/pose_cache/pose_v2_yolo11n_T32_C8_batch32_fp16/MCFD_a0b5d1a2a8d15e569012.npz,False,pose_v2_yolo11n_T32_C8_batch32_fp16
MCFD,/content/fall_detection_work/MCFD/MCFD/clips/chute23_cam3_0_13.093_19.073_1_3_mcfd.avi,1,3,23,other,9,0,126.10733333333334,138.10764333333333,val,/content/drive/MyDrive/fall_detection_project/pose_cache/pose_v2_yolo11n_T32_C8_batch32_fp16/MCFD_f5116e561b5dae3ccc8c.npz,False,pose_v2_yolo11n_T32_C8_batch32_fp16
MCFD,/content/fall_detection_work/MCFD/MCFD/clips/chute23_cam1_0_12.393_18.373_1_1_mcfd.avi,1,1,23,walk,0,0,137.40733333333333,140.32430333333332,train,/content/drive/MyDrive/fall_detection_project/pose_cache/pose_v2_yolo11n_T32_C8_batch32_fp16/MCFD_2fd4b0b1d325a9e643b3.npz,False,pose_v2_yolo11n_T32_C8_batch32_fp16
MCFD,/content/fall_detection_work/MCFD/MCFD/clips/chute23_cam3_0_13.093_19.073_1_3_mcfd.avi,1,3,23,walk,0,0,138.10733333333334,141.02430333333334,val,/content/drive/MyDrive/fall_detection_project/pose_cache/pose_v2_yolo11n_T32_C8_batch32_fp16/MCFD_3e401fb4b27cf93ec816.npz,False,pose_v2_yolo11n_T32_C8_batch32_fp16
MCFD,/content/fall_detection_work/MCFD/MCFD/clips/chute23_cam1_0_12.393_18.373_1_1_mcfd.avi,1,1,23,standing,8,0,171.26180333333332,173.44930333333332,train,/content/drive/MyDrive/fall_detection_project/pose_cache/pose_v2_yolo11n_T32_C8_batch32_fp16/MCFD_ce0af67df6c2f754a151.npz,False,pose_v2_yolo11n_T32_C8_batch32_fp16
MCFD,/content/fall_detection_work/MCFD/MCFD/clips/chute23_cam3_0_13.093_19.073_1_3_mcfd.avi,1,3,23,standing,8,0,171.96180333333334,174.14930333333334,val,/content/drive/MyDrive/fall_detection_project/pose_cache/pose_v2_yolo11n_T32_C8_batch32_fp16/MCFD_9147af24fd80c46c7f31.npz,False,pose_v2_yolo11n_T32_C8_batch32_fp16
MCFD,/content/fall_detection_work/MCFD/MCFD/clips/chute23_cam1_0_12.393_18.373_1_1_mcfd.avi,1,1,23,walk,0,0,151.82433333333333,171.2613333333333,train,/content/drive/MyDrive/fall_detection_project/pose_cache/pose_v2_yolo11n_T32_C8_batch32_fp16/MCFD_abf205d65c7b2f0788a0.npz,False,pose_v2_yolo11n_T32_C8_batch32_fp16
MCFD,/content/fall_detection_work/MCFD/MCFD/clips/chute23_cam3_0_13.093_19.073_1_3_mcfd.avi,1,3,23,walk,0,0,152.52433333333337,171.96133333333333,val,/content/drive/MyDrive/fall_detection_project/pose_cache/pose_v2_yolo11n_T32_C8_batch32_fp16/MCFD_5ce29f17a01fd869e807.npz,False,pose_v2_yolo11n_T32_C8_batch32_fp16
MCFD,/content/fall_detection_work/MCFD/MCFD/clips/chute23_cam1_0_12.393_18.373_1_1_mcfd.avi,1,1,23,walk,0,0,173.44933333333333,179.55014333333332,train,/content/drive/MyDrive/fall_detection_project/pose_cache/pose_v2_yolo11n_T32_C8_batch32_fp16/MCFD_e1528bba91da43c88689.npz,False,pose_v2_yolo11n_T32_C8_batch32_fp16
MCFD,/content/fall_detection_work/MCFD/MCFD/clips/chute23_cam3_0_13.093_19.073_1_3_mcfd.avi,1,3,23,walk,0,0,174.14933333333337,180.2501433333333,val,/content/drive/MyDrive/fall_detection_project/pose_cache/pose_v2_yolo11n_T32_C8_batch32_fp16/MCFD_b233c697124a86ce1b63.npz,False,pose_v2_yolo11n_T32_C8_batch32_fp16
MCFD,/content/fall_detection_work/MCFD/MCFD/clips/chute24_cam1_0_10.015_31.675_1_1_mcfd.avi,1,1,24,standing,8,0,117.76966666666668,121.62180666666666,train,/content/drive/MyDrive/fall_detection_project/pose_cache/pose_v2_yolo11n_T32_C8_batch32_fp16/MCFD_304bf16d13c220b7cf46.npz,False,pose_v2_yolo11n_T32_C8_batch32_fp16
MCFD,/content/fall_detection_work/MCFD/MCFD/clips/chute24_cam3_0_10.148_31.808_1_3_mcfd.avi,1,3,24,standing,8,0,117.903,121.75514,val,/content/drive/MyDrive/fall_detection_project/pose_cache/pose_v2_yolo11n_T32_C8_batch32_fp16/MCFD_bb515d9bac149793484e.npz,False,pose_v2_yolo11n_T32_C8_batch32_fp16
GMDCSA24,/content/fall_detection_work/GMDCSA24/ekramalam-GMDCSA24-A-Dataset-for-Human-Fall-Detection-in-Videos-5abac76/Subject 1/ADL/01.mp4,Subject_1,1,subject1_adl_01,sitting,4,0,0.0,0.5,train,/content/drive/MyDrive/fall_detection_project/pose_cache/pose_v2_yolo11n_T32_C8_batch32_fp16/GMDCSA24_6c1f570a2c4fbf497e6a.npz,False,pose_v2_yolo11n_T32_C8_batch32_fp16
GMDCSA24,/content/fall_detection_work/GMDCSA24/ekramalam-GMDCSA24-A-Dataset-for-Human-Fall-Detection-in-Videos-5abac76/Subject 1/ADL/02.mp4,Subject_1,1,subject1_adl_02,sitting,4,0,0.0,0.4,train,/content/drive/MyDrive/fall_detection_project/pose_cache/pose_v2_yolo11n_T32_C8_batch32_fp16/GMDCSA24_1ea82c4f45d7141d25db.npz,False,pose_v2_yolo11n_T32_C8_batch32_fp16
GMDCSA24,/content/fall_detection_work/GMDCSA24/ekramalam-GMDCSA24-A-Dataset-for-Human-Fall-Detection-in-Videos-5abac76/Subject 1/ADL/03.mp4,Subject_1,1,subject1_adl_03,sitting,4,0,0.0,0.4,train,/content/drive/MyDrive/fall_detection_project/pose_cache/pose_v2_yolo11n_T32_C8_batch32_fp16/GMDCSA24_88ed24039c3bdb386f2b.npz,False,pose_v2_yolo11n_T32_C8_batch32_fp16
GMDCSA24,/content/fall_detection_work/GMDCSA24/ekramalam-GMDCSA24-A-Dataset-for-Human-Fall-Detection-in-Videos-5abac76/Subject 1/ADL/04.mp4,Subject_1,1,subject1_adl_04,lying,6,0,0.0,1.14,train,/content/drive/MyDrive/fall_detection_project/pose_cache/pose_v2_yolo11n_T32_C8_batch32_fp16/GMDCSA24_28f4de85fb6e5cb64111.npz,False,pose_v2_yolo11n_T32_C8_batch32_fp16
GMDCSA24,/content/fall_detection_work/GMDCSA24/ekramalam-GMDCSA24-A-Dataset-for-Human-Fall-Detection-in-Videos-5abac76/Subject 1/ADL/06.mp4,Subject_1,1,subject1_adl_06,sitting,4,0,0.0,0.7,train,/content/drive/MyDrive/fall_detection_project/pose_cache/pose_v2_yolo11n_T32_C8_batch32_fp16/GMDCSA24_d19658d0f36a276e425a.npz,False,pose_v2_yolo11n_T32_C8_batch32_fp16
GMDCSA24,/content/fall_detection_work/GMDCSA24/ekramalam-GMDCSA24-A-Dataset-for-Human-Fall-Detection-in-Videos-5abac76/Subject 1/ADL/07.mp4,Subject_1,1,subject1_adl_07,other,9,0,0.0,7.52,train,/content/drive/MyDrive/fall_detection_project/pose_cache/pose_v2_yolo11n_T32_C8_batch32_fp16/GMDCSA24_1a22ce17bb1e0cd53ea3.npz,False,pose_v2_yolo11n_T32_C8_batch32_fp16
GMDCSA24,/content/fall_detection_work/GMDCSA24/ekramalam-GMDCSA24-A-Dataset-for-Human-Fall-Detection-in-Videos-5abac76/Subject 1/ADL/08.mp4,Subject_1,1,subject1_adl_08,walk,0,0,0.0,6.28,train,/content/drive/MyDrive/fall_detection_project/pose_cache/pose_v2_yolo11n_T32_C8_batch32_fp16/GMDCSA24_9bc7ecbf892b9c54d1e6.npz,False,pose_v2_yolo11n_T32_C8_batch32_fp16
GMDCSA24,/content/fall_detection_work/GMDCSA24/ekramalam-GMDCSA24-A-Dataset-for-Human-Fall-Detection-in-Videos-5abac76/Subject 1/ADL/09.mp4,Subject_1,1,subject1_adl_09,other,9,0,0.0,4.98,train,/content/drive/MyDrive/fall_detection_project/pose_cache/pose_v2_yolo11n_T32_C8_batch32_fp16/GMDCSA24_988527607f874d5779c7.npz,False,pose_v2_yolo11n_T32_C8_batch32_fp16
GMDCSA24,/content/fall_detection_work/GMDCSA24/ekramalam-GMDCSA24-A-Dataset-for-Human-Fall-Detection-in-Videos-5abac76/Subject 1/ADL/10.mp4,Subject_1,1,subject1_adl_10,other,9,0,0.0,3.92,train,/content/drive/MyDrive/fall_detection_project/pose_cache/pose_v2_yolo11n_T32_C8_batch32_fp16/GMDCSA24_baba5298a4358790d0a5.npz,False,pose_v2_yolo11n_T32_C8_batch32_fp16
GMDCSA24,/content/fall_detection_work/GMDCSA24/ekramalam-GMDCSA24-A-Dataset-for-Human-Fall-Detection-in-Videos-5abac76/Subject 1/ADL/11.mp4,Subject_1,1,subject1_adl_11,walk,0,0,0.0,1.94,train,/content/drive/MyDrive/fall_detection_project/pose_cache/pose_v2_yolo11n_T32_C8_batch32_fp16/GMDCSA24_9341d094c27e3137b57f.npz,False,pose_v2_yolo11n_T32_C8_batch32_fp16
GMDCSA24,/content/fall_detection_work/GMDCSA24/ekramalam-GMDCSA24-A-Dataset-for-Human-Fall-Detection-in-Videos-5abac76/Subject 1/ADL/14.mp4,Subject_1,1,subject1_adl_14,sitting,4,0,0.0,0.44,train,/content/drive/MyDrive/fall_detection_project/pose_cache/pose_v2_yolo11n_T32_C8_batch32_fp16/GMDCSA24_d2043980ad91f77aa387.npz,False,pose_v2_yolo11n_T32_C8_batch32_fp16
GMDCSA24,/content/fall_detection_work/GMDCSA24/ekramalam-GMDCSA24-A-Dataset-for-Human-Fall-Detection-in-Videos-5abac76/Subject 1/ADL/15.mp4,Subject_1,1,subject1_adl_15,walk,0,0,0.0,1.28,train,/content/drive/MyDrive/fall_detection_project/pose_cache/pose_v2_yolo11n_T32_C8_batch32_fp16/GMDCSA24_a69399de2a3878574014.npz,False,pose_v2_yolo11n_T32_C8_batch32_fp16
GMDCSA24,/content/fall_detection_work/GMDCSA24/ekramalam-GMDCSA24-A-Dataset-for-Human-Fall-Detection-in-Videos-5abac76/Subject 1/ADL/16.mp4,Subject_1,1,subject1_adl_16,sitting,4,0,0.0,3.52,train,/content/drive/MyDrive/fall_detection_project/pose_cache/pose_v2_yolo11n_T32_C8_batch32_fp16/GMDCSA24_678abad7cb8a642e04f3.npz,False,pose_v2_yolo11n_T32_C8_batch32_fp16
GMDCSA24,/content/fall_detection_work/GMDCSA24/ekramalam-GMDCSA24-A-Dataset-for-Human-Fall-Detection-in-Videos-5abac76/Subject 1/Fall/01.mp4,Subject_1,1,subject1_fall_01,sitting,4,0,0.0,2.28,train,/content/drive/MyDrive/fall_detection_project/pose_cache/pose_v2_yolo11n_T32_C8_batch32_fp16/GMDCSA24_e084056bef207d8815ce.npz,False,pose_v2_yolo11n_T32_C8_batch32_fp16
GMDCSA24,/content/fall_detection_work/GMDCSA24/ekramalam-GMDCSA24-A-Dataset-for-Human-Fall-Detection-in-Videos-5abac76/Subject 1/Fall/02.mp4,Subject_1,1,subject1_fall_02,sitting,4,0,0.0,1.14,train,/content/drive/MyDrive/fall_detection_project/pose_cache/pose_v2_yolo11n_T32_C8_batch32_fp16/GMDCSA24_c20dbab7860e79cf7d46.npz,False,pose_v2_yolo11n_T32_C8_batch32_fp16
GMDCSA24,/content/fall_detection_work/GMDCSA24/ekramalam-GMDCSA24-A-Dataset-for-Human-Fall-Detection-in-Videos-5abac76/Subject 1/Fall/03.mp4,Subject_1,1,subject1_fall_03,sitting,4,0,0.0,0.8,train,/content/drive/MyDrive/fall_detection_project/pose_cache/pose_v2_yolo11n_T32_C8_batch32_fp16/GMDCSA24_6265a2c0b35f6bf89e19.npz,False,pose_v2_yolo11n_T32_C8_batch32_fp16
GMDCSA24,/content/fall_detection_work/GMDCSA24/ekramalam-GMDCSA24-A-Dataset-for-Human-Fall-Detection-in-Videos-5abac76/Subject 1/Fall/04.mp4,Subject_1,1,subject1_fall_04,sitting,4,0,0.0,0.72,train,/content/drive/MyDrive/fall_detection_project/pose_cache/pose_v2_yolo11n_T32_C8_batch32_fp16/GMDCSA24_0872b71995c408db853e.npz,False,pose_v2_yolo11n_T32_C8_batch32_fp16
GMDCSA24,/content/fall_detection_work/GMDCSA24/ekramalam-GMDCSA24-A-Dataset-for-Human-Fall-Detection-in-Videos-5abac76/Subject 1/ADL/12.mp4,Subject_1,1,subject1_adl_12,other,9,0,0.0,2.58,train,/content/drive/MyDrive/fall_detection_project/pose_cache/pose_v2_yolo11n_T32_C8_batch32_fp16/GMDCSA24_0b9c6a124fd5cd6b7372.npz,False,pose_v2_yolo11n_T32_C8_batch32_fp16
GMDCSA24,/content/fall_detection_work/GMDCSA24/ekramalam-GMDCSA24-A-Dataset-for-Human-Fall-Detection-in-Videos-5abac76/Subject 1/ADL/13.mp4,Subject_1,1,subject1_adl_13,standing,8,0,0.0,0.64,train,/content/drive/MyDrive/fall_detection_project/pose_cache/pose_v2_yolo11n_T32_C8_batch32_fp16/GMDCSA24_3674d166292ad3bbd313.npz,False,pose_v2_yolo11n_T32_C8_batch32_fp16
GMDCSA24,/content/fall_detection_work/GMDCSA24/ekramalam-GMDCSA24-A-Dataset-for-Human-Fall-Detection-in-Videos-5abac76/Subject 1/Fall/06.mp4,Subject_1,1,subject1_fall_06,walk,0,0,0.0,2.24,train,/content/drive/MyDrive/fall_detection_project/pose_cache/pose_v2_yolo11n_T32_C8_batch32_fp16/GMDCSA24_89a4e0425def15d1fe1a.npz,False,pose_v2_yolo11n_T32_C8_batch32_fp16
GMDCSA24,/content/fall_detection_work/GMDCSA24/ekramalam-GMDCSA24-A-Dataset-for-Human-Fall-Detection-in-Videos-5abac76/Subject 1/Fall/07.mp4,Subject_1,1,subject1_fall_07,walk,0,0,0.0,1.0,train,/content/drive/MyDrive/fall_detection_project/pose_cache/pose_v2_yolo11n_T32_C8_batch32_fp16/GMDCSA24_80ec5b43a1c0c3ceac1c.npz,False,pose_v2_yolo11n_T32_C8_batch32_fp16
GMDCSA24,/content/fall_detection_work/GMDCSA24/ekramalam-GMDCSA24-A-Dataset-for-Human-Fall-Detection-in-Videos-5abac76/Subject 1/Fall/08.mp4,Subject_1,1,subject1_fall_08,walk,0,0,0.0,0.76,train,/content/drive/MyDrive/fall_detection_project/pose_cache/pose_v2_yolo11n_T32_C8_batch32_fp16/GMDCSA24_2ed19d9b30caf9e988d7.npz,False,pose_v2_yolo11n_T32_C8_batch32_fp16
GMDCSA24,/content/fall_detection_work/GMDCSA24/ekramalam-GMDCSA24-A-Dataset-for-Human-Fall-Detection-in-Videos-5abac76/Subject 1/Fall/09.mp4,Subject_1,1,subject1_fall_09,standing,8,0,0.0,0.64,train,/content/drive/MyDrive/fall_detection_project/pose_cache/pose_v2_yolo11n_T32_C8_batch32_fp16/GMDCSA24_1ded96cfbc2a64e2daea.npz,False,pose_v2_yolo11n_T32_C8_batch32_fp16
GMDCSA24,/content/fall_detection_work/GMDCSA24/ekramalam-GMDCSA24-A-Dataset-for-Human-Fall-Detection-in-Videos-5abac76/Subject 1/Fall/10.mp4,Subject_1,1,subject1_fall_10,standing,8,0,0.0,0.72,train,/content/drive/MyDrive/fall_detection_project/pose_cache/pose_v2_yolo11n_T32_C8_batch32_fp16/GMDCSA24_7b7c4d8b9f6ac2ccce73.npz,False,pose_v2_yolo11n_T32_C8_batch32_fp16
GMDCSA24,/content/fall_detection_work/GMDCSA24/ekramalam-GMDCSA24-A-Dataset-for-Human-Fall-Detection-in-Videos-5abac76/Subject 1/Fall/11.mp4,Subject_1,1,subject1_fall_11,standing,8,0,0.0,0.52,train,/content/drive/MyDrive/fall_detection_project/pose_cache/pose_v2_yolo11n_T32_C8_batch32_fp16/GMDCSA24_ebc86f7fd0ae9763dc0e.npz,False,pose_v2_yolo11n_T32_C8_batch32_fp16
GMDCSA24,/content/fall_detection_work/GMDCSA24/ekramalam-GMDCSA24-A-Dataset-for-Human-Fall-Detection-in-Videos-5abac76/Subject 1/Fall/12.mp4,Subject_1,1,subject1_fall_12,standing,8,0,0.0,1.66,train,/content/drive/MyDrive/fall_detection_project/pose_cache/pose_v2_yolo11n_T32_C8_batch32_fp16/GMDCSA24_ecd9f213938c9efffcf9.npz,False,pose_v2_yolo11n_T32_C8_batch32_fp16
GMDCSA24,/content/fall_detection_work/GMDCSA24/ekramalam-GMDCSA24-A-Dataset-for-Human-Fall-Detection-in-Videos-5abac76/Subject 1/Fall/14.mp4,Subject_1,1,subject1_fall_14,standing,8,0,0.0,0.02,train,/content/drive/MyDrive/fall_detection_project/pose_cache/pose_v2_yolo11n_T32_C8_batch32_fp16/GMDCSA24_33c980270a646a47eb2a.npz,False,pose_v2_yolo11n_T32_C8_batch32_fp16
GMDCSA24,/content/fall_detection_work/GMDCSA24/ekramalam-GMDCSA24-A-Dataset-for-Human-Fall-Detection-in-Videos-5abac76/Subject 1/Fall/15.mp4,Subject_1,1,subject1_fall_15,sitting,4,0,0.0,0.26,train,/content/drive/MyDrive/fall_detection_project/pose_cache/pose_v2_yolo11n_T32_C8_batch32_fp16/GMDCSA24_ab96f3ee2fd91a5936a5.npz,False,pose_v2_yolo11n_T32_C8_batch32_fp16
GMDCSA24,/content/fall_detection_work/GMDCSA24/ekramalam-GMDCSA24-A-Dataset-for-Human-Fall-Detection-in-Videos-5abac76/Subject 1/Fall/16.mp4,Subject_1,1,subject1_fall_16,sitting,4,0,0.0,1.52,train,/content/drive/MyDrive/fall_detection_project/pose_cache/pose_v2_yolo11n_T32_C8_batch32_fp16/GMDCSA24_7aaf3d26607a9e74f22a.npz,False,pose_v2_yolo11n_T32_C8_batch32_fp16
GMDCSA24,/content/fall_detection_work/GMDCSA24/ekramalam-GMDCSA24-A-Dataset-for-Human-Fall-Detection-in-Videos-5abac76/Subject 1/Fall/05.mp4,Subject_1,1,subject1_fall_05,walk,0,0,0.0,1.76,train,/content/drive/MyDrive/fall_detection_project/pose_cache/pose_v2_yolo11n_T32_C8_batch32_fp16/GMDCSA24_e0a9de2a6c5eb7ceb831.npz,False,pose_v2_yolo11n_T32_C8_batch32_fp16
GMDCSA24,/content/fall_detection_work/GMDCSA24/ekramalam-GMDCSA24-A-Dataset-for-Human-Fall-Detection-in-Videos-5abac76/Subject 1/Fall/13.mp4,Subject_1,1,subject1_fall_13,fall,1,1,0.0,1.92,train,/content/drive/MyDrive/fall_detection_project/pose_cache/pose_v2_yolo11n_T32_C8_batch32_fp16/GMDCSA24_114cde973598146062c3.npz,False,pose_v2_yolo11n_T32_C8_batch32_fp16
GMDCSA24,/content/fall_detection_work/GMDCSA24/ekramalam-GMDCSA24-A-Dataset-for-Human-Fall-Detection-in-Videos-5abac76/Subject 1/Fall/14.mp4,Subject_1,1,subject1_fall_14,fall,1,1,0.014,2.274,train,/content/drive/MyDrive/fall_detection_project/pose_cache/pose_v2_yolo11n_T32_C8_batch32_fp16/GMDCSA24_56ce06ef59fc42c60236.npz,False,pose_v2_yolo11n_T32_C8_batch32_fp16
GMDCSA24,/content/fall_detection_work/GMDCSA24/ekramalam-GMDCSA24-A-Dataset-for-Human-Fall-Detection-in-Videos-5abac76/Subject 1/Fall/15.mp4,Subject_1,1,subject1_fall_15,fall,1,1,0.26,3.62,train,/content/drive/MyDrive/fall_detection_project/pose_cache/pose_v2_yolo11n_T32_C8_batch32_fp16/GMDCSA24_3e3e9d7004bf7378b7af.npz,False,pose_v2_yolo11n_T32_C8_batch32_fp16
GMDCSA24,/content/fall_detection_work/GMDCSA24/ekramalam-GMDCSA24-A-Dataset-for-Human-Fall-Detection-in-Videos-5abac76/Subject 1/ADL/02.mp4,Subject_1,1,subject1_adl_02,lie_down,5,0,0.4,2.58,train,/content/drive/MyDrive/fall_detection_project/pose_cache/pose_v2_yolo11n_T32_C8_batch32_fp16/GMDCSA24_b094bb7c2558023fc0e2.npz,False,pose_v2_yolo11n_T32_C8_batch32_fp16
GMDCSA24,/content/fall_detection_work/GMDCSA24/ekramalam-GMDCSA24-A-Dataset-for-Human-Fall-Detection-in-Videos-5abac76/Subject 1/ADL/03.mp4,Subject_1,1,subject1_adl_03,lie_down,5,0,0.4,1.9,train,/content/drive/MyDrive/fall_detection_project/pose_cache/pose_v2_yolo11n_T32_C8_batch32_fp16/GMDCSA24_0d11a2bdfa31f4a5d26c.npz,False,pose_v2_yolo11n_T32_C8_batch32_fp16
GMDCSA24,/content/fall_detection_work/GMDCSA24/ekramalam-GMDCSA24-A-Dataset-for-Human-Fall-Detection-in-Videos-5abac76/Subject 1/ADL/14.mp4,Subject_1,1,subject1_adl_14,stand_up,7,0,0.44,1.62,train,/content/drive/MyDrive/fall_detection_project/pose_cache/pose_v2_yolo11n_T32_C8_batch32_fp16/GMDCSA24_3045b5988c704a63e6dd.npz,False,pose_v2_yolo11n_T32_C8_batch32_fp16
GMDCSA24,/content/fall_detection_work/GMDCSA24/ekramalam-GMDCSA24-A-Dataset-for-Human-Fall-Detection-in-Videos-5abac76/Subject 1/ADL/01.mp4,Subject_1,1,subject1_adl_01,lie_down,5,0,0.5,2.8,train,/content/drive/MyDrive/fall_detection_project/pose_cache/pose_v2_yolo11n_T32_C8_batch32_fp16/GMDCSA24_4f224bc9df04ecdd3c0a.npz,False,pose_v2_yolo11n_T32_C8_batch32_fp16
GMDCSA24,/content/fall_detection_work/GMDCSA24/ekramalam-GMDCSA24-A-Dataset-for-Human-Fall-Detection-in-Videos-5abac76/Subject 1/Fall/11.mp4,Subject_1,1,subject1_fall_11,fall,1,1,0.52,2.7,train,/content/drive/MyDrive/fall_detection_project/pose_cache/pose_v2_yolo11n_T32_C8_batch32_fp16/GMDCSA24_cf1ff112c446721c2086.npz,False,pose_v2_yolo11n_T32_C8_batch32_fp16
GMDCSA24,/content/fall_detection_work/GMDCSA24/ekramalam-GMDCSA24-A-Dataset-for-Human-Fall-Detection-in-Videos-5abac76/Subject 1/ADL/13.mp4,Subject_1,1,subject1_adl_13,walk,0,0,0.64,2.52,train,/content/drive/MyDrive/fall_detection_project/pose_cache/pose_v2_yolo11n_T32_C8_batch32_fp16/GMDCSA24_4624f228b316964ebfd7.npz,False,pose_v2_yolo11n_T32_C8_batch32_fp16
GMDCSA24,/content/fall_detection_work/GMDCSA24/ekramalam-GMDCSA24-A-Dataset-for-Human-Fall-Detection-in-Videos-5abac76/Subject 1/Fall/09.mp4,Subject_1,1,subject1_fall_09,fall,1,1,0.64,2.16,train,/content/drive/MyDrive/fall_detection_project/pose_cache/pose_v2_yolo11n_T32_C8_batch32_fp16/GMDCSA24_fb74502b6189f4e6f35c.npz,False,pose_v2_yolo11n_T32_C8_batch32_fp16
GMDCSA24,/content/fall_detection_work/GMDCSA24/ekramalam-GMDCSA24-A-Dataset-for-Human-Fall-Detection-in-Videos-5abac76/Subject 1/ADL/06.mp4,Subject_1,1,subject1_adl_06,lie_down,5,0,0.7,3.1,train,/content/drive/MyDrive/fall_detection_project/pose_cache/pose_v2_yolo11n_T32_C8_batch32_fp16/GMDCSA24_a2699c20484d3f8376a7.npz,False,pose_v2_yolo11n_T32_C8_batch32_fp16
GMDCSA24,/content/fall_detection_work/GMDCSA24/ekramalam-GMDCSA24-A-Dataset-for-Human-Fall-Detection-in-Videos-5abac76/Subject 1/Fall/04.mp4,Subject_1,1,subject1_fall_04,fall,1,1,0.72,3.06,train,/content/drive/MyDrive/fall_detection_project/pose_cache/pose_v2_yolo11n_T32_C8_batch32_fp16/GMDCSA24_5420020e301ad89f2b0b.npz,False,pose_v2_yolo11n_T32_C8_batch32_fp16
GMDCSA24,/content/fall_detection_work/GMDCSA24/ekramalam-GMDCSA24-A-Dataset-for-Human-Fall-Detection-in-Videos-5abac76/Subject 1/Fall/10.mp4,Subject_1,1,subject1_fall_10,fall,1,1,0.72,2.34,train,/content/drive/MyDrive/fall_detection_project/pose_cache/pose_v2_yolo11n_T32_C8_batch32_fp16/GMDCSA24_942552dc829682b79fc4.npz,False,pose_v2_yolo11n_T32_C8_batch32_fp16
GMDCSA24,/content/fall_detection_work/GMDCSA24/ekramalam-GMDCSA24-A-Dataset-for-Human-Fall-Detection-in-Videos-5abac76/Subject 1/Fall/08.mp4,Subject_1,1,subject1_fall_08,fall,1,1,0.76,2.4,train,/content/drive/MyDrive/fall_detection_project/pose_cache/pose_v2_yolo11n_T32_C8_batch32_fp16/GMDCSA24_944d9fda18cd8b33869d.npz,False,pose_v2_yolo11n_T32_C8_batch32_fp16
GMDCSA24,/content/fall_detection_work/GMDCSA24/ekramalam-GMDCSA24-A-Dataset-for-Human-Fall-Detection-in-Videos-5abac76/Subject 1/Fall/03.mp4,Subject_1,1,subject1_fall_03,fall,1,1,0.8,3.28,train,/content/drive/MyDrive/fall_detection_project/pose_cache/pose_v2_yolo11n_T32_C8_batch32_fp16/GMDCSA24_cd0fdeee760fda882c28.npz,False,pose_v2_yolo11n_T32_C8_batch32_fp16
GMDCSA24,/content/fall_detection_work/GMDCSA24/ekramalam-GMDCSA24-A-Dataset-for-Human-Fall-Detection-in-Videos-5abac76/Subject 1/ADL/05.mp4,Subject_1,1,subject1_adl_05,walk,0,0,1.0,2.08,train,/content/drive/MyDrive/fall_detection_project/pose_cache/pose_v2_yolo11n_T32_C8_batch32_fp16/GMDCSA24_2826e859ea18823465b0.npz,False,pose_v2_yolo11n_T32_C8_batch32_fp16
GMDCSA24,/content/fall_detection_work/GMDCSA24/ekramalam-GMDCSA24-A-Dataset-for-Human-Fall-Detection-in-Videos-5abac76/Subject 1/Fall/07.mp4,Subject_1,1,subject1_fall_07,fall,1,1,1.0,2.74,train,/content/drive/MyDrive/fall_detection_project/pose_cache/pose_v2_yolo11n_T32_C8_batch32_fp16/GMDCSA24_04ebf7b40484ac3d031c.npz,False,pose_v2_yolo11n_T32_C8_batch32_fp16
GMDCSA24,/content/fall_detection_work/GMDCSA24/ekramalam-GMDCSA24-A-Dataset-for-Human-Fall-Detection-in-Videos-5abac76/Subject 1/ADL/04.mp4,Subject_1,1,subject1_adl_04,stand_up,7,0,1.14,3.58,train,/content/drive/MyDrive/fall_detection_project/pose_cache/pose_v2_yolo11n_T32_C8_batch32_fp16/GMDCSA24_fed7cb399fbd11fe43f4.npz,False,pose_v2_yolo11n_T32_C8_batch32_fp16
GMDCSA24,/content/fall_detection_work/GMDCSA24/ekramalam-GMDCSA24-A-Dataset-for-Human-Fall-Detection-in-Videos-5abac76/Subject 1/Fall/02.mp4,Subject_1,1,subject1_fall_02,fall,1,1,1.14,2.78,train,/content/drive/MyDrive/fall_detection_project/pose_cache/pose_v2_yolo11n_T32_C8_batch32_fp16/GMDCSA24_8d8e2c598c7a21bf7313.npz,False,pose_v2_yolo11n_T32_C8_batch32_fp16
GMDCSA24,/content/fall_detection_work/GMDCSA24/ekramalam-GMDCSA24-A-Dataset-for-Human-Fall-Detection-in-Videos-5abac76/Subject 1/ADL/15.mp4,Subject_1,1,subject1_adl_15,other,9,0,1.28,3.12,train,/content/drive/MyDrive/fall_detection_project/pose_cache/pose_v2_yolo11n_T32_C8_batch32_fp16/GMDCSA24_e46b114a51f272cdf5dc.npz,False,pose_v2_yolo11n_T32_C8_batch32_fp16
GMDCSA24,/content/fall_detection_work/GMDCSA24/ekramalam-GMDCSA24-A-Dataset-for-Human-Fall-Detection-in-Videos-5abac76/Subject 1/Fall/16.mp4,Subject_1,1,subject1_fall_16,fall,1,1,1.52,4.5,train,/content/drive/MyDrive/fall_detection_project/pose_cache/pose_v2_yolo11n_T32_C8_batch32_fp16/GMDCSA24_b7de99cdd265e21190e8.npz,False,pose_v2_yolo11n_T32_C8_batch32_fp16
GMDCSA24,/content/fall_detection_work/GMDCSA24/ekramalam-GMDCSA24-A-Dataset-for-Human-Fall-Detection-in-Videos-5abac76/Subject 1/ADL/14.mp4,Subject_1,1,subject1_adl_14,walk,0,0,1.62,4.18,train,/content/drive/MyDrive/fall_detection_project/pose_cache/pose_v2_yolo11n_T32_C8_batch32_fp16/GMDCSA24_211149705b1f2bcc755b.npz,False,pose_v2_yolo11n_T32_C8_batch32_fp16
GMDCSA24,/content/fall_detection_work/GMDCSA24/ekramalam-GMDCSA24-A-Dataset-for-Human-Fall-Detection-in-Videos-5abac76/Subject 1/Fall/12.mp4,Subject_1,1,subject1_fall_12,fall,1,1,1.66,3.78,train,/content/drive/MyDrive/fall_detection_project/pose_cache/pose_v2_yolo11n_T32_C8_batch32_fp16/GMDCSA24_9a5c9d8d91e0a9f059c9.npz,False,pose_v2_yolo11n_T32_C8_batch32_fp16
GMDCSA24,/content/fall_detection_work/GMDCSA24/ekramalam-GMDCSA24-A-Dataset-for-Human-Fall-Detection-in-Videos-5abac76/Subject 1/Fall/05.mp4,Subject_1,1,subject1_fall_05,fall,1,1,1.76,3.6,train,/content/drive/MyDrive/fall_detection_project/pose_cache/pose_v2_yolo11n_T32_C8_batch32_fp16/GMDCSA24_f0328195fbd278de88ad.npz,False,pose_v2_yolo11n_T32_C8_batch32_fp16
GMDCSA24,/content/fall_detection_work/GMDCSA24/ekramalam-GMDCSA24-A-Dataset-for-Human-Fall-Detection-in-Videos-5abac76/Subject 1/ADL/03.mp4,Subject_1,1,subject1_adl_03,lying,6,0,1.9,6.7,train,/content/drive/MyDrive/fall_detection_project/pose_cache/pose_v2_yolo11n_T32_C8_batch32_fp16/GMDCSA24_247b9cf25734254aac91.npz,False,pose_v2_yolo11n_T32_C8_batch32_fp16
GMDCSA24,/content/fall_detection_work/GMDCSA24/ekramalam-GMDCSA24-A-Dataset-for-Human-Fall-Detection-in-Videos-5abac76/Subject 1/Fall/13.mp4,Subject_1,1,subject1_fall_13,fallen,2,1,1.92,4.32,train,/content/drive/MyDrive/fall_detection_project/pose_cache/pose_v2_yolo11n_T32_C8_batch32_fp16/GMDCSA24_979f70ef944f8dff4787.npz,False,pose_v2_yolo11n_T32_C8_batch32_fp16
GMDCSA24,/content/fall_detection_work/GMDCSA24/ekramalam-GMDCSA24-A-Dataset-for-Human-Fall-Detection-in-Videos-5abac76/Subject 1/ADL/11.mp4,Subject_1,1,subject1_adl_11,sit_down,3,0,1.94,3.9,train,/content/drive/MyDrive/fall_detection_project/pose_cache/pose_v2_yolo11n_T32_C8_batch32_fp16/GMDCSA24_63299ecd47d9974c36a3.npz,False,pose_v2_yolo11n_T32_C8_batch32_fp16
GMDCSA24,/content/fall_detection_work/GMDCSA24/ekramalam-GMDCSA24-A-Dataset-for-Human-Fall-Detection-in-Videos-5abac76/Subject 1/ADL/05.mp4,Subject_1,1,subject1_adl_05,sit_down,3,0,2.08,3.78,train,/content/drive/MyDrive/fall_detection_project/pose_cache/pose_v2_yolo11n_T32_C8_batch32_fp16/GMDCSA24_2a8053b07b15bb05f7ff.npz,False,pose_v2_yolo11n_T32_C8_batch32_fp16
GMDCSA24,/content/fall_detection_work/GMDCSA24/ekramalam-GMDCSA24-A-Dataset-for-Human-Fall-Detection-in-Videos-5abac76/Subject 1/Fall/09.mp4,Subject_1,1,subject1_fall_09,fallen,2,1,2.16,4.48,train,/content/drive/MyDrive/fall_detection_project/pose_cache/pose_v2_yolo11n_T32_C8_batch32_fp16/GMDCSA24_e78effe27a35b3008eee.npz,False,pose_v2_yolo11n_T32_C8_batch32_fp16
GMDCSA24,/content/fall_detection_work/GMDCSA24/ekramalam-GMDCSA24-A-Dataset-for-Human-Fall-Detection-in-Videos-5abac76/Subject 1/Fall/06.mp4,Subject_1,1,subject1_fall_06,fall,1,1,2.24,4.5,train,/content/drive/MyDrive/fall_detection_project/pose_cache/pose_v2_yolo11n_T32_C8_batch32_fp16/GMDCSA24_249c57964c8f3797f51a.npz,False,pose_v2_yolo11n_T32_C8_batch32_fp16
GMDCSA24,/content/fall_detection_work/GMDCSA24/ekramalam-GMDCSA24-A-Dataset-for-Human-Fall-Detection-in-Videos-5abac76/Subject 1/Fall/14.mp4,Subject_1,1,subject1_fall_14,fallen,2,1,2.274,5.694,train,/content/drive/MyDrive/fall_detection_project/pose_cache/pose_v2_yolo11n_T32_C8_batch32_fp16/GMDCSA24_84eab46ad838877837d9.npz,False,pose_v2_yolo11n_T32_C8_batch32_fp16
GMDCSA24,/content/fall_detection_work/GMDCSA24/ekramalam-GMDCSA24-A-Dataset-for-Human-Fall-Detection-in-Videos-5abac76/Subject 1/Fall/01.mp4,Subject_1,1,subject1_fall_01,fall,1,1,2.28,4.42,train,/content/drive/MyDrive/fall_detection_project/pose_cache/pose_v2_yolo11n_T32_C8_batch32_fp16/GMDCSA24_b48fd58362fdeed3f0ac.npz,False,pose_v2_yolo11n_T32_C8_batch32_fp16
GMDCSA24,/content/fall_detection_work/GMDCSA24/ekramalam-GMDCSA24-A-Dataset-for-Human-Fall-Detection-in-Videos-5abac76/Subject 1/Fall/10.mp4,Subject_1,1,subject1_fall_10,fallen,2,1,2.34,4.48,train,/content/drive/MyDrive/fall_detection_project/pose_cache/pose_v2_yolo11n_T32_C8_batch32_fp16/GMDCSA24_cf1367bec201c2dd1975.npz,False,pose_v2_yolo11n_T32_C8_batch32_fp16
GMDCSA24,/content/fall_detection_work/GMDCSA24/ekramalam-GMDCSA24-A-Dataset-for-Human-Fall-Detection-in-Videos-5abac76/Subject 1/Fall/08.mp4,Subject_1,1,subject1_fall_08,fallen,2,1,2.4,4.34,train,/content/drive/MyDrive/fall_detection_project/pose_cache/pose_v2_yolo11n_T32_C8_batch32_fp16/GMDCSA24_f9f226558406bc8a62d2.npz,False,pose_v2_yolo11n_T32_C8_batch32_fp16
GMDCSA24,/content/fall_detection_work/GMDCSA24/ekramalam-GMDCSA24-A-Dataset-for-Human-Fall-Detection-in-Videos-5abac76/Subject 1/ADL/13.mp4,Subject_1,1,subject1_adl_13,sit_down,3,0,2.52,3.86,train,/content/drive/MyDrive/fall_detection_project/pose_cache/pose_v2_yolo11n_T32_C8_batch32_fp16/GMDCSA24_be95b159090915971296.npz,False,pose_v2_yolo11n_T32_C8_batch32_fp16
GMDCSA24,/content/fall_detection_work/GMDCSA24/ekramalam-GMDCSA24-A-Dataset-for-Human-Fall-Detection-in-Videos-5abac76/Subject 1/ADL/02.mp4,Subject_1,1,subject1_adl_02,lying,6,0,2.58,6.68,train,/content/drive/MyDrive/fall_detection_project/pose_cache/pose_v2_yolo11n_T32_C8_batch32_fp16/GMDCSA24_d44aafb550a59992b5e9.npz,False,pose_v2_yolo11n_T32_C8_batch32_fp16
GMDCSA24,/content/fall_detection_work/GMDCSA24/ekramalam-GMDCSA24-A-Dataset-for-Human-Fall-Detection-in-Videos-5abac76/Subject 1/ADL/12.mp4,Subject_1,1,subject1_adl_12,stand_up,7,0,2.58,4.0,train,/content/drive/MyDrive/fall_detection_project/pose_cache/pose_v2_yolo11n_T32_C8_batch32_fp16/GMDCSA24_615e5a89b605e1ddb555.npz,False,pose_v2_yolo11n_T32_C8_batch32_fp16
GMDCSA24,/content/fall_detection_work/GMDCSA24/ekramalam-GMDCSA24-A-Dataset-for-Human-Fall-Detection-in-Videos-5abac76/Subject 1/Fall/11.mp4,Subject_1,1,subject1_fall_11,fallen,2,1,2.7,6.08,train,/content/drive/MyDrive/fall_detection_project/pose_cache/pose_v2_yolo11n_T32_C8_batch32_fp16/GMDCSA24_7bb5a6cdbba5673cbfa6.npz,False,pose_v2_yolo11n_T32_C8_batch32_fp16
GMDCSA24,/content/fall_detection_work/GMDCSA24/ekramalam-GMDCSA24-A-Dataset-for-Human-Fall-Detection-in-Videos-5abac76/Subject 1/Fall/07.mp4,Subject_1,1,subject1_fall_07,fallen,2,1,2.74,5.14,train,/content/drive/MyDrive/fall_detection_project/pose_cache/pose_v2_yolo11n_T32_C8_batch32_fp16/GMDCSA24_0076597157a71389e21c.npz,False,pose_v2_yolo11n_T32_C8_batch32_fp16
GMDCSA24,/content/fall_detection_work/GMDCSA24/ekramalam-GMDCSA24-A-Dataset-for-Human-Fall-Detection-in-Videos-5abac76/Subject 1/Fall/02.mp4,Subject_1,1,subject1_fall_02,fallen,2,1,2.78,6.38,train,/content/drive/MyDrive/fall_detection_project/pose_cache/pose_v2_yolo11n_T32_C8_batch32_fp16/GMDCSA24_671680ad406528232e94.npz,False,pose_v2_yolo11n_T32_C8_batch32_fp16
GMDCSA24,/content/fall_detection_work/GMDCSA24/ekramalam-GMDCSA24-A-Dataset-for-Human-Fall-Detection-in-Videos-5abac76/Subject 1/ADL/01.mp4,Subject_1,1,subject1_adl_01,lying,6,0,2.8,8.26,train,/content/drive/MyDrive/fall_detection_project/pose_cache/pose_v2_yolo11n_T32_C8_batch32_fp16/GMDCSA24_7c0a0e3eff99b93b3646.npz,False,pose_v2_yolo11n_T32_C8_batch32_fp16
GMDCSA24,/content/fall_detection_work/GMDCSA24/ekramalam-GMDCSA24-A-Dataset-for-Human-Fall-Detection-in-Videos-5abac76/Subject 1/Fall/04.mp4,Subject_1,1,subject1_fall_04,fallen,2,1,3.06,4.98,train,/content/drive/MyDrive/fall_detection_project/pose_cache/pose_v2_yolo11n_T32_C8_batch32_fp16/GMDCSA24_f1690c9f618b069544b9.npz,False,pose_v2_yolo11n_T32_C8_batch32_fp16
GMDCSA24,/content/fall_detection_work/GMDCSA24/ekramalam-GMDCSA24-A-Dataset-for-Human-Fall-Detection-in-Videos-5abac76/Subject 1/ADL/06.mp4,Subject_1,1,subject1_adl_06,other,9,0,3.1,12.22,train,/content/drive/MyDrive/fall_detection_project/pose_cache/pose_v2_yolo11n_T32_C8_batch32_fp16/GMDCSA24_a8303d74cf61a7f119e7.npz,False,pose_v2_yolo11n_T32_C8_batch32_fp16
GMDCSA24,/content/fall_detection_work/GMDCSA24/ekramalam-GMDCSA24-A-Dataset-for-Human-Fall-Detection-in-Videos-5abac76/Subject 1/ADL/15.mp4,Subject_1,1,subject1_adl_15,sit_down,3,0,3.12,4.74,train,/content/drive/MyDrive/fall_detection_project/pose_cache/pose_v2_yolo11n_T32_C8_batch32_fp16/GMDCSA24_210968b8282a5808af93.npz,False,pose_v2_yolo11n_T32_C8_batch32_fp16
GMDCSA24,/content/fall_detection_work/GMDCSA24/ekramalam-GMDCSA24-A-Dataset-for-Human-Fall-Detection-in-Videos-5abac76/Subject 1/Fall/03.mp4,Subject_1,1,subject1_fall_03,fallen,2,1,3.28,5.92,train,/content/drive/MyDrive/fall_detection_project/pose_cache/pose_v2_yolo11n_T32_C8_batch32_fp16/GMDCSA24_5dd95e5c228c644c504c.npz,False,pose_v2_yolo11n_T32_C8_batch32_fp16
GMDCSA24,/content/fall_detection_work/GMDCSA24/ekramalam-GMDCSA24-A-Dataset-for-Human-Fall-Detection-in-Videos-5abac76/Subject 1/ADL/04.mp4,Subject_1,1,subject1_adl_04,sitting,4,0,3.58,5.84,train,/content/drive/MyDrive/fall_detection_project/pose_cache/pose_v2_yolo11n_T32_C8_batch32_fp16/GMDCSA24_40c13692c3e26a928eec.npz,False,pose_v2_yolo11n_T32_C8_batch32_fp16
GMDCSA24,/content/fall_detection_work/GMDCSA24/ekramalam-GMDCSA24-A-Dataset-for-Human-Fall-Detection-in-Videos-5abac76/Subject 1/Fall/05.mp4,Subject_1,1,subject1_fall_05,fallen,2,1,3.6,5.84,train,/content/drive/MyDrive/fall_detection_project/pose_cache/pose_v2_yolo11n_T32_C8_batch32_fp16/GMDCSA24_98f7697590c5f70015e9.npz,False,pose_v2_yolo11n_T32_C8_batch32_fp16
GMDCSA24,/content/fall_detection_work/GMDCSA24/ekramalam-GMDCSA24-A-Dataset-for-Human-Fall-Detection-in-Videos-5abac76/Subject 1/Fall/15.mp4,Subject_1,1,subject1_fall_15,fallen,2,1,3.62,6.0,train,/content/drive/MyDrive/fall_detection_project/pose_cache/pose_v2_yolo11n_T32_C8_batch32_fp16/GMDCSA24_0dc60d0796fff6af1e00.npz,False,pose_v2_yolo11n_T32_C8_batch32_fp16
GMDCSA24,/content/fall_detection_work/GMDCSA24/ekramalam-GMDCSA24-A-Dataset-for-Human-Fall-Detection-in-Videos-5abac76/Subject 1/ADL/05.mp4,Subject_1,1,subject1_adl_05,other,9,0,3.78,10.54,train,/content/drive/MyDrive/fall_detection_project/pose_cache/pose_v2_yolo11n_T32_C8_batch32_fp16/GMDCSA24_52ce79c8dc73fde5778b.npz,False,pose_v2_yolo11n_T32_C8_batch32_fp16
GMDCSA24,/content/fall_detection_work/GMDCSA24/ekramalam-GMDCSA24-A-Dataset-for-Human-Fall-Detection-in-Videos-5abac76/Subject 1/Fall/12.mp4,Subject_1,1,subject1_fall_12,fallen,2,1,3.78,6.86,train,/content/drive/MyDrive/fall_detection_project/pose_cache/pose_v2_yolo11n_T32_C8_batch32_fp16/GMDCSA24_9b880c70e34ea40ac4c4.npz,False,pose_v2_yolo11n_T32_C8_batch32_fp16
GMDCSA24,/content/fall_detection_work/GMDCSA24/ekramalam-GMDCSA24-A-Dataset-for-Human-Fall-Detection-in-Videos-5abac76/Subject 1/ADL/13.mp4,Subject_1,1,subject1_adl_13,sitting,4,0,3.86,6.3,train,/content/drive/MyDrive/fall_detection_project/pose_cache/pose_v2_yolo11n_T32_C8_batch32_fp16/GMDCSA24_b5b6cd2861adec9d5f18.npz,False,pose_v2_yolo11n_T32_C8_batch32_fp16
GMDCSA24,/content/fall_detection_work/GMDCSA24/ekramalam-GMDCSA24-A-Dataset-for-Human-Fall-Detection-in-Videos-5abac76/Subject 1/ADL/11.mp4,Subject_1,1,subject1_adl_11,other,9,0,3.9,9.32,train,/content/drive/MyDrive/fall_detection_project/pose_cache/pose_v2_yolo11n_T32_C8_batch32_fp16/GMDCSA24_63fe42f161715aaa65ce.npz,False,pose_v2_yolo11n_T32_C8_batch32_fp16
GMDCSA24,/content/fall_detection_work/GMDCSA24/ekramalam-GMDCSA24-A-Dataset-for-Human-Fall-Detection-in-Videos-5abac76/Subject 1/ADL/12.mp4,Subject_1,1,subject1_adl_12,other,9,0,4.0,5.28,train,/content/drive/MyDrive/fall_detection_project/pose_cache/pose_v2_yolo11n_T32_C8_batch32_fp16/GMDCSA24_efa2504b3887c49ad1e9.npz,False,pose_v2_yolo11n_T32_C8_batch32_fp16
GMDCSA24,/content/fall_detection_work/GMDCSA24/ekramalam-GMDCSA24-A-Dataset-for-Human-Fall-Detection-in-Videos-5abac76/Subject 1/ADL/14.mp4,Subject_1,1,subject1_adl_14,standing,8,0,4.18,5.86,train,/content/drive/MyDrive/fall_detection_project/pose_cache/pose_v2_yolo11n_T32_C8_batch32_fp16/GMDCSA24_b500a4af59fa8c099a0f.npz,False,pose_v2_yolo11n_T32_C8_batch32_fp16
GMDCSA24,/content/fall_detection_work/GMDCSA24/ekramalam-GMDCSA24-A-Dataset-for-Human-Fall-Detection-in-Videos-5abac76/Subject 1/Fall/01.mp4,Subject_1,1,subject1_fall_01,fallen,2,1,4.42,6.86,train,/content/drive/MyDrive/fall_detection_project/pose_cache/pose_v2_yolo11n_T32_C8_batch32_fp16/GMDCSA24_7ac5bad7a1d8a2527320.npz,False,pose_v2_yolo11n_T32_C8_batch32_fp16
GMDCSA24,/content/fall_detection_work/GMDCSA24/ekramalam-GMDCSA24-A-Dataset-for-Human-Fall-Detection-in-Videos-5abac76/Subject 1/Fall/06.mp4,Subject_1,1,subject1_fall_06,fallen,2,1,4.5,5.68,train,/content/drive/MyDrive/fall_detection_project/pose_cache/pose_v2_yolo11n_T32_C8_batch32_fp16/GMDCSA24_da0dc2d268c669582828.npz,False,pose_v2_yolo11n_T32_C8_batch32_fp16
GMDCSA24,/content/fall_detection_work/GMDCSA24/ekramalam-GMDCSA24-A-Dataset-for-Human-Fall-Detection-in-Videos-5abac76/Subject 1/Fall/16.mp4,Subject_1,1,subject1_fall_16,fallen,2,1,4.5,6.08,train,/content/drive/MyDrive/fall_detection_project/pose_cache/pose_v2_yolo11n_T32_C8_batch32_fp16/GMDCSA24_2982da87a10da4efb1b5.npz,False,pose_v2_yolo11n_T32_C8_batch32_fp16
GMDCSA24,/content/fall_detection_work/GMDCSA24/ekramalam-GMDCSA24-A-Dataset-for-Human-Fall-Detection-in-Videos-5abac76/Subject 1/ADL/15.mp4,Subject_1,1,subject1_adl_15,sitting,4,0,4.74,7.16,train,/content/drive/MyDrive/fall_detection_project/pose_cache/pose_v2_yolo11n_T32_C8_batch32_fp16/GMDCSA24_f3963c82135f558114d9.npz,False,pose_v2_yolo11n_T32_C8_batch32_fp16
GMDCSA24,/content/fall_detection_work/GMDCSA24/ekramalam-GMDCSA24-A-Dataset-for-Human-Fall-Detection-in-Videos-5abac76/Subject 1/ADL/12.mp4,Subject_1,1,subject1_adl_12,walk,0,0,5.28,7.32,train,/content/drive/MyDrive/fall_detection_project/pose_cache/pose_v2_yolo11n_T32_C8_batch32_fp16/GMDCSA24_5dbd7e3f1b6345acfab8.npz,False,pose_v2_yolo11n_T32_C8_batch32_fp16
GMDCSA24,/content/fall_detection_work/GMDCSA24/ekramalam-GMDCSA24-A-Dataset-for-Human-Fall-Detection-in-Videos-5abac76/Subject 2/ADL/01.mp4,Subject_2,1,subject2_adl_01,sitting,4,0,0.0,5.8,train,/content/drive/MyDrive/fall_detection_project/pose_cache/pose_v2_yolo11n_T32_C8_batch32_fp16/GMDCSA24_d1531c67e185af44ad19.npz,False,pose_v2_yolo11n_T32_C8_batch32_fp16
GMDCSA24,/content/fall_detection_work/GMDCSA24/ekramalam-GMDCSA24-A-Dataset-for-Human-Fall-Detection-in-Videos-5abac76/Subject 2/ADL/02.mp4,Subject_2,1,subject2_adl_02,sitting,4,0,0.0,11.84,train,/content/drive/MyDrive/fall_detection_project/pose_cache/pose_v2_yolo11n_T32_C8_batch32_fp16/GMDCSA24_a669c0d747815f5e38fe.npz,False,pose_v2_yolo11n_T32_C8_batch32_fp16
GMDCSA24,/content/fall_detection_work/GMDCSA24/ekramalam-GMDCSA24-A-Dataset-for-Human-Fall-Detection-in-Videos-5abac76/Subject 2/ADL/03.mp4,Subject_2,1,subject2_adl_03,walk,0,0,0.0,0.62,train,/content/drive/MyDrive/fall_detection_project/pose_cache/pose_v2_yolo11n_T32_C8_batch32_fp16/GMDCSA24_5c8f7768b34d3a28b20c.npz,False,pose_v2_yolo11n_T32_C8_batch32_fp16
GMDCSA24,/content/fall_detection_work/GMDCSA24/ekramalam-GMDCSA24-A-Dataset-for-Human-Fall-Detection-in-Videos-5abac76/Subject 2/ADL/04.mp4,Subject_2,1,subject2_adl_04,other,9,0,0.0,6.08,train,/content/drive/MyDrive/fall_detection_project/pose_cache/pose_v2_yolo11n_T32_C8_batch32_fp16/GMDCSA24_d6123f8ae00a5f604e84.npz,False,pose_v2_yolo11n_T32_C8_batch32_fp16
GMDCSA24,/content/fall_detection_work/GMDCSA24/ekramalam-GMDCSA24-A-Dataset-for-Human-Fall-Detection-in-Videos-5abac76/Subject 2/ADL/05.mp4,Subject_2,1,subject2_adl_05,sitting,4,0,0.0,1.98,train,/content/drive/MyDrive/fall_detection_project/pose_cache/pose_v2_yolo11n_T32_C8_batch32_fp16/GMDCSA24_0943ad190c7b55cd6e20.npz,False,pose_v2_yolo11n_T32_C8_batch32_fp16
GMDCSA24,/content/fall_detection_work/GMDCSA24/ekramalam-GMDCSA24-A-Dataset-for-Human-Fall-Detection-in-Videos-5abac76/Subject 2/ADL/06.mp4,Subject_2,1,subject2_adl_06,stand_up,7,0,0.0,0.46,train,/content/drive/MyDrive/fall_detection_project/pose_cache/pose_v2_yolo11n_T32_C8_batch32_fp16/GMDCSA24_4c5e337c1524f6998790.npz,False,pose_v2_yolo11n_T32_C8_batch32_fp16
GMDCSA24,/content/fall_detection_work/GMDCSA24/ekramalam-GMDCSA24-A-Dataset-for-Human-Fall-Detection-in-Videos-5abac76/Subject 2/ADL/07.mp4,Subject_2,1,subject2_adl_07,other,9,0,0.0,8.24,train,/content/drive/MyDrive/fall_detection_project/pose_cache/pose_v2_yolo11n_T32_C8_batch32_fp16/GMDCSA24_da3018913058d54e8648.npz,False,pose_v2_yolo11n_T32_C8_batch32_fp16
GMDCSA24,/content/fall_detection_work/GMDCSA24/ekramalam-GMDCSA24-A-Dataset-for-Human-Fall-Detection-in-Videos-5abac76/Subject 2/ADL/08.mp4,Subject_2,1,subject2_adl_08,other,9,0,0.0,11.02,train,/content/drive/MyDrive/fall_detection_project/pose_cache/pose_v2_yolo11n_T32_C8_batch32_fp16/GMDCSA24_52dbe41fe6a4d96d7037.npz,False,pose_v2_yolo11n_T32_C8_batch32_fp16
GMDCSA24,/content/fall_detection_work/GMDCSA24/ekramalam-GMDCSA24-A-Dataset-for-Human-Fall-Detection-in-Videos-5abac76/Subject 2/ADL/09.mp4,Subject_2,1,subject2_adl_09,stand_up,7,0,0.0,0.98,train,/content/drive/MyDrive/fall_detection_project/pose_cache/pose_v2_yolo11n_T32_C8_batch32_fp16/GMDCSA24_1ad04a5639ed201f92c7.npz,False,pose_v2_yolo11n_T32_C8_batch32_fp16
GMDCSA24,/content/fall_detection_work/GMDCSA24/ekramalam-GMDCSA24-A-Dataset-for-Human-Fall-Detection-in-Videos-5abac76/Subject 2/ADL/10.mp4,Subject_2,1,subject2_adl_10,stand_up,7,0,0.0,0.96,train,/content/drive/MyDrive/fall_detection_project/pose_cache/pose_v2_yolo11n_T32_C8_batch32_fp16/GMDCSA24_bbfee04a840864c47aaa.npz,False,pose_v2_yolo11n_T32_C8_batch32_fp16
GMDCSA24,/content/fall_detection_work/GMDCSA24/ekramalam-GMDCSA24-A-Dataset-for-Human-Fall-Detection-in-Videos-5abac76/Subject 2/ADL/11.mp4,Subject_2,1,subject2_adl_11,standing,8,0,0.0,3.98,train,/content/drive/MyDrive/fall_detection_project/pose_cache/pose_v2_yolo11n_T32_C8_batch32_fp16/GMDCSA24_f6c75f413aafa7ec0729.npz,False,pose_v2_yolo11n_T32_C8_batch32_fp16
GMDCSA24,/content/fall_detection_work/GMDCSA24/ekramalam-GMDCSA24-A-Dataset-for-Human-Fall-Detection-in-Videos-5abac76/Subject 2/ADL/12.mp4,Subject_2,1,subject2_adl_12,lie_down,5,0,0.0,5.52,train,/content/drive/MyDrive/fall_detection_project/pose_cache/pose_v2_yolo11n_T32_C8_batch32_fp16/GMDCSA24_6307a7f133e2e6a73b18.npz,False,pose_v2_yolo11n_T32_C8_batch32_fp16
GMDCSA24,/content/fall_detection_work/GMDCSA24/ekramalam-GMDCSA24-A-Dataset-for-Human-Fall-Detection-in-Videos-5abac76/Subject 2/ADL/13.mp4,Subject_2,1,subject2_adl_13,sit_down,3,0,0.0,2.6,train,/content/drive/MyDrive/fall_detection_project/pose_cache/pose_v2_yolo11n_T32_C8_batch32_fp16/GMDCSA24_3a982e01e6de80bc0c8c.npz,False,pose_v2_yolo11n_T32_C8_batch32_fp16
GMDCSA24,/content/fall_detection_work/GMDCSA24/ekramalam-GMDCSA24-A-Dataset-for-Human-Fall-Detection-in-Videos-5abac76/Subject 2/ADL/14.mp4,Subject_2,1,subject2_adl_14,walk,0,0,0.0,3.28,train,/content/drive/MyDrive/fall_detection_project/pose_cache/pose_v2_yolo11n_T32_C8_batch32_fp16/GMDCSA24_d8f0314598ad3373740a.npz,False,pose_v2_yolo11n_T32_C8_batch32_fp16
GMDCSA24,/content/fall_detection_work/GMDCSA24/ekramalam-GMDCSA24-A-Dataset-for-Human-Fall-Detection-in-Videos-5abac76/Subject 2/ADL/15.mp4,Subject_2,1,subject2_adl_15,other,9,0,0.0,11.94,train,/content/drive/MyDrive/fall_detection_project/pose_cache/pose_v2_yolo11n_T32_C8_batch32_fp16/GMDCSA24_68c074586fbe78414b11.npz,False,pose_v2_yolo11n_T32_C8_batch32_fp16
GMDCSA24,/content/fall_detection_work/GMDCSA24/ekramalam-GMDCSA24-A-Dataset-for-Human-Fall-Detection-in-Videos-5abac76/Subject 2/ADL/16.mp4,Subject_2,1,subject2_adl_16,other,9,0,0.0,7.78,train,/content/drive/MyDrive/fall_detection_project/pose_cache/pose_v2_yolo11n_T32_C8_batch32_fp16/GMDCSA24_21e412ef058d81f55d1c.npz,False,pose_v2_yolo11n_T32_C8_batch32_fp16
GMDCSA24,/content/fall_detection_work/GMDCSA24/ekramalam-GMDCSA24-A-Dataset-for-Human-Fall-Detection-in-Videos-5abac76/Subject 2/ADL/18.mp4,Subject_2,1,subject2_adl_18,walk,0,0,0.0,1.0,train,/content/drive/MyDrive/fall_detection_project/pose_cache/pose_v2_yolo11n_T32_C8_batch32_fp16/GMDCSA24_27f2aab3ccf7036f0fd1.npz,False,pose_v2_yolo11n_T32_C8_batch32_fp16
GMDCSA24,/content/fall_detection_work/GMDCSA24/ekramalam-GMDCSA24-A-Dataset-for-Human-Fall-Detection-in-Videos-5abac76/Subject 2/ADL/19.mp4,Subject_2,1,subject2_adl_19,walk,0,0,0.0,0.62,train,/content/drive/MyDrive/fall_detection_project/pose_cache/pose_v2_yolo11n_T32_C8_batch32_fp16/GMDCSA24_49aa9182aa23d199e88e.npz,False,pose_v2_yolo11n_T32_C8_batch32_fp16
GMDCSA24,/content/fall_detection_work/GMDCSA24/ekramalam-GMDCSA24-A-Dataset-for-Human-Fall-Detection-in-Videos-5abac76/Subject 2/ADL/22.mp4,Subject_2,1,subject2_adl_22,other,9,0,0.0,12.12,train,/content/drive/MyDrive/fall_detection_project/pose_cache/pose_v2_yolo11n_T32_C8_batch32_fp16/GMDCSA24_02d83eef1375996e8d06.npz,False,pose_v2_yolo11n_T32_C8_batch32_fp16
GMDCSA24,/content/fall_detection_work/GMDCSA24/ekramalam-GMDCSA24-A-Dataset-for-Human-Fall-Detection-in-Videos-5abac76/Subject 2/ADL/23.mp4,Subject_2,1,subject2_adl_23,sitting,4,0,0.0,7.28,train,/content/drive/MyDrive/fall_detection_project/pose_cache/pose_v2_yolo11n_T32_C8_batch32_fp16/GMDCSA24_53c8c5de2a5f176bfe2b.npz,False,pose_v2_yolo11n_T32_C8_batch32_fp16
GMDCSA24,/content/fall_detection_work/GMDCSA24/ekramalam-GMDCSA24-A-Dataset-for-Human-Fall-Detection-in-Videos-5abac76/Subject 2/Fall/02.mp4,Subject_2,1,subject2_fall_02,walk,0,0,0.0,2.6,train,/content/drive/MyDrive/fall_detection_project/pose_cache/pose_v2_yolo11n_T32_C8_batch32_fp16/GMDCSA24_49a4bc7405b814a50db1.npz,False,pose_v2_yolo11n_T32_C8_batch32_fp16
GMDCSA24,/content/fall_detection_work/GMDCSA24/ekramalam-GMDCSA24-A-Dataset-for-Human-Fall-Detection-in-Videos-5abac76/Subject 2/Fall/04.mp4,Subject_2,1,subject2_fall_04,other,9,0,0.0,1.52,train,/content/drive/MyDrive/fall_detection_project/pose_cache/pose_v2_yolo11n_T32_C8_batch32_fp16/GMDCSA24_325683964c800bfec9c2.npz,False,pose_v2_yolo11n_T32_C8_batch32_fp16
GMDCSA24,/content/fall_detection_work/GMDCSA24/ekramalam-GMDCSA24-A-Dataset-for-Human-Fall-Detection-in-Videos-5abac76/Subject 2/Fall/05.mp4,Subject_2,1,subject2_fall_05,walk,0,0,0.0,0.78,train,/content/drive/MyDrive/fall_detection_project/pose_cache/pose_v2_yolo11n_T32_C8_batch32_fp16/GMDCSA24_0b3a5df49793d9505d15.npz,False,pose_v2_yolo11n_T32_C8_batch32_fp16
GMDCSA24,/content/fall_detection_work/GMDCSA24/ekramalam-GMDCSA24-A-Dataset-for-Human-Fall-Detection-in-Videos-5abac76/Subject 2/ADL/17.mp4,Subject_2,1,subject2_adl_17,stand_up,7,0,0.0,4.1,train,/content/drive/MyDrive/fall_detection_project/pose_cache/pose_v2_yolo11n_T32_C8_batch32_fp16/GMDCSA24_7e00a2a276d3cd662c96.npz,False,pose_v2_yolo11n_T32_C8_batch32_fp16
GMDCSA24,/content/fall_detection_work/GMDCSA24/ekramalam-GMDCSA24-A-Dataset-for-Human-Fall-Detection-in-Videos-5abac76/Subject 2/ADL/20.mp4,Subject_2,1,subject2_adl_20,other,9,0,0.0,3.38,train,/content/drive/MyDrive/fall_detection_project/pose_cache/pose_v2_yolo11n_T32_C8_batch32_fp16/GMDCSA24_9608ec588c1976898e96.npz,False,pose_v2_yolo11n_T32_C8_batch32_fp16
GMDCSA24,/content/fall_detection_work/GMDCSA24/ekramalam-GMDCSA24-A-Dataset-for-Human-Fall-Detection-in-Videos-5abac76/Subject 2/ADL/21.mp4,Subject_2,1,subject2_adl_21,standing,8,0,0.0,0.64,train,/content/drive/MyDrive/fall_detection_project/pose_cache/pose_v2_yolo11n_T32_C8_batch32_fp16/GMDCSA24_6378481caa28765c1cb8.npz,False,pose_v2_yolo11n_T32_C8_batch32_fp16
GMDCSA24,/content/fall_detection_work/GMDCSA24/ekramalam-GMDCSA24-A-Dataset-for-Human-Fall-Detection-in-Videos-5abac76/Subject 2/Fall/01.mp4,Subject_2,1,subject2_fall_01,walk,0,0,0.0,0.58,train,/content/drive/MyDrive/fall_detection_project/pose_cache/pose_v2_yolo11n_T32_C8_batch32_fp16/GMDCSA24_093e47ce23b1d09c8e4a.npz,False,pose_v2_yolo11n_T32_C8_batch32_fp16
GMDCSA24,/content/fall_detection_work/GMDCSA24/ekramalam-GMDCSA24-A-Dataset-for-Human-Fall-Detection-in-Videos-5abac76/Subject 2/Fall/03.mp4,Subject_2,1,subject2_fall_03,lie_down,5,0,0.0,1.76,train,/content/drive/MyDrive/fall_detection_project/pose_cache/pose_v2_yolo11n_T32_C8_batch32_fp16/GMDCSA24_ff562e4513de15b8d38c.npz,False,pose_v2_yolo11n_T32_C8_batch32_fp16
GMDCSA24,/content/fall_detection_work/GMDCSA24/ekramalam-GMDCSA24-A-Dataset-for-Human-Fall-Detection-in-Videos-5abac76/Subject 2/Fall/06.mp4,Subject_2,1,subject2_fall_06,other,9,0,0.0,1.9,train,/content/drive/MyDrive/fall_detection_project/pose_cache/pose_v2_yolo11n_T32_C8_batch32_fp16/GMDCSA24_4211efbe975c2cfd3518.npz,False,pose_v2_yolo11n_T32_C8_batch32_fp16
GMDCSA24,/content/fall_detection_work/GMDCSA24/ekramalam-GMDCSA24-A-Dataset-for-Human-Fall-Detection-in-Videos-5abac76/Subject 2/Fall/07.mp4,Subject_2,1,subject2_fall_07,other,9,0,0.0,1.78,train,/content/drive/MyDrive/fall_detection_project/pose_cache/pose_v2_yolo11n_T32_C8_batch32_fp16/GMDCSA24_7ce9e79274075b57eee4.npz,False,pose_v2_yolo11n_T32_C8_batch32_fp16
GMDCSA24,/content/fall_detection_work/GMDCSA24/ekramalam-GMDCSA24-A-Dataset-for-Human-Fall-Detection-in-Videos-5abac76/Subject 2/Fall/08.mp4,Subject_2,1,subject2_fall_08,other,9,0,0.0,2.62,train,/content/drive/MyDrive/fall_detection_project/pose_cache/pose_v2_yolo11n_T32_C8_batch32_fp16/GMDCSA24_da5ccea6294f5d470276.npz,False,pose_v2_yolo11n_T32_C8_batch32_fp16
GMDCSA24,/content/fall_detection_work/GMDCSA24/ekramalam-GMDCSA24-A-Dataset-for-Human-Fall-Detection-in-Videos-5abac76/Subject 2/Fall/09.mp4,Subject_2,1,subject2_fall_09,walk,0,0,0.0,1.6,train,/content/drive/MyDrive/fall_detection_project/pose_cache/pose_v2_yolo11n_T32_C8_batch32_fp16/GMDCSA24_f0447e8e90572ca18262.npz,False,pose_v2_yolo11n_T32_C8_batch32_fp16
GMDCSA24,/content/fall_detection_work/GMDCSA24/ekramalam-GMDCSA24-A-Dataset-for-Human-Fall-Detection-in-Videos-5abac76/Subject 2/Fall/10.mp4,Subject_2,1,subject2_fall_10,walk,0,0,0.0,1.7,train,/content/drive/MyDrive/fall_detection_project/pose_cache/pose_v2_yolo11n_T32_C8_batch32_fp16/GMDCSA24_5abbd1fb77353cd2a7a7.npz,False,pose_v2_yolo11n_T32_C8_batch32_fp16
GMDCSA24,/content/fall_detection_work/GMDCSA24/ekramalam-GMDCSA24-A-Dataset-for-Human-Fall-Detection-in-Videos-5abac76/Subject 2/Fall/11.mp4,Subject_2,1,subject2_fall_11,walk,0,0,0.0,0.84,train,/content/drive/MyDrive/fall_detection_project/pose_cache/pose_v2_yolo11n_T32_C8_batch32_fp16/GMDCSA24_1d2b9782d20547ccf43a.npz,False,pose_v2_yolo11n_T32_C8_batch32_fp16
GMDCSA24,/content/fall_detection_work/GMDCSA24/ekramalam-GMDCSA24-A-Dataset-for-Human-Fall-Detection-in-Videos-5abac76/Subject 2/Fall/14.mp4,Subject_2,1,subject2_fall_14,standing,8,0,0.0,3.2,train,/content/drive/MyDrive/fall_detection_project/pose_cache/pose_v2_yolo11n_T32_C8_batch32_fp16/GMDCSA24_aa0665175cd6a1c85b1c.npz,False,pose_v2_yolo11n_T32_C8_batch32_fp16
GMDCSA24,/content/fall_detection_work/GMDCSA24/ekramalam-GMDCSA24-A-Dataset-for-Human-Fall-Detection-in-Videos-5abac76/Subject 2/Fall/16.mp4,Subject_2,1,subject2_fall_16,walk,0,0,0.0,0.44,train,/content/drive/MyDrive/fall_detection_project/pose_cache/pose_v2_yolo11n_T32_C8_batch32_fp16/GMDCSA24_a6df779a1d0d6a74dd49.npz,False,pose_v2_yolo11n_T32_C8_batch32_fp16
GMDCSA24,/content/fall_detection_work/GMDCSA24/ekramalam-GMDCSA24-A-Dataset-for-Human-Fall-Detection-in-Videos-5abac76/Subject 2/Fall/17.mp4,Subject_2,1,subject2_fall_17,walk,0,0,0.0,1.9,train,/content/drive/MyDrive/fall_detection_project/pose_cache/pose_v2_yolo11n_T32_C8_batch32_fp16/GMDCSA24_c33cc4e6a33b079dd9b6.npz,False,pose_v2_yolo11n_T32_C8_batch32_fp16
GMDCSA24,/content/fall_detection_work/GMDCSA24/ekramalam-GMDCSA24-A-Dataset-for-Human-Fall-Detection-in-Videos-5abac76/Subject 2/Fall/20.mp4,Subject_2,1,subject2_fall_20,other,9,0,0.0,6.96,train,/content/drive/MyDrive/fall_detection_project/pose_cache/pose_v2_yolo11n_T32_C8_batch32_fp16/GMDCSA24_7d698f7ef673afb41083.npz,False,pose_v2_yolo11n_T32_C8_batch32_fp16
GMDCSA24,/content/fall_detection_work/GMDCSA24/ekramalam-GMDCSA24-A-Dataset-for-Human-Fall-Detection-in-Videos-5abac76/Subject 2/Fall/21.mp4,Subject_2,1,subject2_fall_21,standing,8,0,0.0,4.9,train,/content/drive/MyDrive/fall_detection_project/pose_cache/pose_v2_yolo11n_T32_C8_batch32_fp16/GMDCSA24_3b744621893a6a99a988.npz,False,pose_v2_yolo11n_T32_C8_batch32_fp16
GMDCSA24,/content/fall_detection_work/GMDCSA24/ekramalam-GMDCSA24-A-Dataset-for-Human-Fall-Detection-in-Videos-5abac76/Subject 2/Fall/22.mp4,Subject_2,1,subject2_fall_22,walk,0,0,0.0,0.9,train,/content/drive/MyDrive/fall_detection_project/pose_cache/pose_v2_yolo11n_T32_C8_batch32_fp16/GMDCSA24_0cebe08552b88dc4b88c.npz,False,pose_v2_yolo11n_T32_C8_batch32_fp16
GMDCSA24,/content/fall_detection_work/GMDCSA24/ekramalam-GMDCSA24-A-Dataset-for-Human-Fall-Detection-in-Videos-5abac76/Subject 2/Fall/23.mp4,Subject_2,1,subject2_fall_23,other,9,0,0.0,3.28,train,/content/drive/MyDrive/fall_detection_project/pose_cache/pose_v2_yolo11n_T32_C8_batch32_fp16/GMDCSA24_cdc51997ecf9c3766ab3.npz,False,pose_v2_yolo11n_T32_C8_batch32_fp16
GMDCSA24,/content/fall_detection_work/GMDCSA24/ekramalam-GMDCSA24-A-Dataset-for-Human-Fall-Detection-in-Videos-5abac76/Subject 2/Fall/24.mp4,Subject_2,1,subject2_fall_24,sitting,4,0,0.0,1.24,train,/content/drive/MyDrive/fall_detection_project/pose_cache/pose_v2_yolo11n_T32_C8_batch32_fp16/GMDCSA24_3cc7b95a75b85035546c.npz,False,pose_v2_yolo11n_T32_C8_batch32_fp16
GMDCSA24,/content/fall_detection_work/GMDCSA24/ekramalam-GMDCSA24-A-Dataset-for-Human-Fall-Detection-in-Videos-5abac76/Subject 2/Fall/12.mp4,Subject_2,1,subject2_fall_12,other,9,0,0.0,6.36,train,/content/drive/MyDrive/fall_detection_project/pose_cache/pose_v2_yolo11n_T32_C8_batch32_fp16/GMDCSA24_25a99b0caa1fa74b9686.npz,False,pose_v2_yolo11n_T32_C8_batch32_fp16
GMDCSA24,/content/fall_detection_work/GMDCSA24/ekramalam-GMDCSA24-A-Dataset-for-Human-Fall-Detection-in-Videos-5abac76/Subject 2/Fall/13.mp4,Subject_2,1,subject2_fall_13,other,9,0,0.0,1.0,train,/content/drive/MyDrive/fall_detection_project/pose_cache/pose_v2_yolo11n_T32_C8_batch32_fp16/GMDCSA24_d6bc8537ab2365143990.npz,False,pose_v2_yolo11n_T32_C8_batch32_fp16
GMDCSA24,/content/fall_detection_work/GMDCSA24/ekramalam-GMDCSA24-A-Dataset-for-Human-Fall-Detection-in-Videos-5abac76/Subject 2/Fall/15.mp4,Subject_2,1,subject2_fall_15,sitting,4,0,0.0,6.14,train,/content/drive/MyDrive/fall_detection_project/pose_cache/pose_v2_yolo11n_T32_C8_batch32_fp16/GMDCSA24_59875d9a415de82bfafb.npz,False,pose_v2_yolo11n_T32_C8_batch32_fp16
GMDCSA24,/content/fall_detection_work/GMDCSA24/ekramalam-GMDCSA24-A-Dataset-for-Human-Fall-Detection-in-Videos-5abac76/Subject 2/Fall/18.mp4,Subject_2,1,subject2_fall_18,other,9,0,0.0,7.32,train,/content/drive/MyDrive/fall_detection_project/pose_cache/pose_v2_yolo11n_T32_C8_batch32_fp16/GMDCSA24_0dbe211665e2a8f62cfa.npz,False,pose_v2_yolo11n_T32_C8_batch32_fp16
GMDCSA24,/content/fall_detection_work/GMDCSA24/ekramalam-GMDCSA24-A-Dataset-for-Human-Fall-Detection-in-Videos-5abac76/Subject 2/Fall/19.mp4,Subject_2,1,subject2_fall_19,other,9,0,0.0,5.58,train,/content/drive/MyDrive/fall_detection_project/pose_cache/pose_v2_yolo11n_T32_C8_batch32_fp16/GMDCSA24_e3ee7b77e695a577836a.npz,False,pose_v2_yolo11n_T32_C8_batch32_fp16
GMDCSA24,/content/fall_detection_work/GMDCSA24/ekramalam-GMDCSA24-A-Dataset-for-Human-Fall-Detection-in-Videos-5abac76/Subject 2/Fall/25.mp4,Subject_2,1,subject2_fall_25,other,9,0,0.0,2.06,train,/content/drive/MyDrive/fall_detection_project/pose_cache/pose_v2_yolo11n_T32_C8_batch32_fp16/GMDCSA24_c5a51f19436e696fc560.npz,False,pose_v2_yolo11n_T32_C8_batch32_fp16
GMDCSA24,/content/fall_detection_work/GMDCSA24/ekramalam-GMDCSA24-A-Dataset-for-Human-Fall-Detection-in-Videos-5abac76/Subject 2/Fall/16.mp4,Subject_2,1,subject2_fall_16,fall,1,1,0.44,1.92,train,/content/drive/MyDrive/fall_detection_project/pose_cache/pose_v2_yolo11n_T32_C8_batch32_fp16/GMDCSA24_0316e9d3898a4d9fefd3.npz,False,pose_v2_yolo11n_T32_C8_batch32_fp16
GMDCSA24,/content/fall_detection_work/GMDCSA24/ekramalam-GMDCSA24-A-Dataset-for-Human-Fall-Detection-in-Videos-5abac76/Subject 2/ADL/06.mp4,Subject_2,1,subject2_adl_06,walk,0,0,0.46,1.36,train,/content/drive/MyDrive/fall_detection_project/pose_cache/pose_v2_yolo11n_T32_C8_batch32_fp16/GMDCSA24_1905eb55b01bf614b8fa.npz,False,pose_v2_yolo11n_T32_C8_batch32_fp16
GMDCSA24,/content/fall_detection_work/GMDCSA24/ekramalam-GMDCSA24-A-Dataset-for-Human-Fall-Detection-in-Videos-5abac76/Subject 2/Fall/01.mp4,Subject_2,1,subject2_fall_01,fall,1,1,0.58,4.04,train,/content/drive/MyDrive/fall_detection_project/pose_cache/pose_v2_yolo11n_T32_C8_batch32_fp16/GMDCSA24_0a780c014356b031add7.npz,False,pose_v2_yolo11n_T32_C8_batch32_fp16
GMDCSA24,/content/fall_detection_work/GMDCSA24/ekramalam-GMDCSA24-A-Dataset-for-Human-Fall-Detection-in-Videos-5abac76/Subject 2/ADL/03.mp4,Subject_2,1,subject2_adl_03,other,9,0,0.62,4.58,train,/content/drive/MyDrive/fall_detection_project/pose_cache/pose_v2_yolo11n_T32_C8_batch32_fp16/GMDCSA24_98556b0ce9b7837a316d.npz,False,pose_v2_yolo11n_T32_C8_batch32_fp16
GMDCSA24,/content/fall_detection_work/GMDCSA24/ekramalam-GMDCSA24-A-Dataset-for-Human-Fall-Detection-in-Videos-5abac76/Subject 2/ADL/19.mp4,Subject_2,1,subject2_adl_19,sit_down,3,0,0.62,2.74,train,/content/drive/MyDrive/fall_detection_project/pose_cache/pose_v2_yolo11n_T32_C8_batch32_fp16/GMDCSA24_fb8e8ed8b2aba7260ffb.npz,False,pose_v2_yolo11n_T32_C8_batch32_fp16
GMDCSA24,/content/fall_detection_work/GMDCSA24/ekramalam-GMDCSA24-A-Dataset-for-Human-Fall-Detection-in-Videos-5abac76/Subject 2/ADL/21.mp4,Subject_2,1,subject2_adl_21,other,9,0,0.64,5.34,train,/content/drive/MyDrive/fall_detection_project/pose_cache/pose_v2_yolo11n_T32_C8_batch32_fp16/GMDCSA24_8898b187f3c4e9cadd0b.npz,False,pose_v2_yolo11n_T32_C8_batch32_fp16
GMDCSA24,/content/fall_detection_work/GMDCSA24/ekramalam-GMDCSA24-A-Dataset-for-Human-Fall-Detection-in-Videos-5abac76/Subject 2/Fall/05.mp4,Subject_2,1,subject2_fall_05,fall,1,1,0.78,3.28,train,/content/drive/MyDrive/fall_detection_project/pose_cache/pose_v2_yolo11n_T32_C8_batch32_fp16/GMDCSA24_cb9128f938f96f0ec8a7.npz,False,pose_v2_yolo11n_T32_C8_batch32_fp16
GMDCSA24,/content/fall_detection_work/GMDCSA24/ekramalam-GMDCSA24-A-Dataset-for-Human-Fall-Detection-in-Videos-5abac76/Subject 2/Fall/11.mp4,Subject_2,1,subject2_fall_11,lie_down,5,0,0.84,3.74,train,/content/drive/MyDrive/fall_detection_project/pose_cache/pose_v2_yolo11n_T32_C8_batch32_fp16/GMDCSA24_e5d6a2459200b3be3f3c.npz,False,pose_v2_yolo11n_T32_C8_batch32_fp16
GMDCSA24,/content/fall_detection_work/GMDCSA24/ekramalam-GMDCSA24-A-Dataset-for-Human-Fall-Detection-in-Videos-5abac76/Subject 2/Fall/22.mp4,Subject_2,1,subject2_fall_22,fall,1,1,0.9,2.46,train,/content/drive/MyDrive/fall_detection_project/pose_cache/pose_v2_yolo11n_T32_C8_batch32_fp16/GMDCSA24_78a82b85d7fb712711d3.npz,False,pose_v2_yolo11n_T32_C8_batch32_fp16
GMDCSA24,/content/fall_detection_work/GMDCSA24/ekramalam-GMDCSA24-A-Dataset-for-Human-Fall-Detection-in-Videos-5abac76/Subject 2/ADL/10.mp4,Subject_2,1,subject2_adl_10,walk,0,0,0.96,4.78,train,/content/drive/MyDrive/fall_detection_project/pose_cache/pose_v2_yolo11n_T32_C8_batch32_fp16/GMDCSA24_4cd97ca59694209041ff.npz,False,pose_v2_yolo11n_T32_C8_batch32_fp16
GMDCSA24,/content/fall_detection_work/GMDCSA24/ekramalam-GMDCSA24-A-Dataset-for-Human-Fall-Detection-in-Videos-5abac76/Subject 2/ADL/09.mp4,Subject_2,1,subject2_adl_09,walk,0,0,0.98,3.14,train,/content/drive/MyDrive/fall_detection_project/pose_cache/pose_v2_yolo11n_T32_C8_batch32_fp16/GMDCSA24_86b3c2f05b0d00aa5431.npz,False,pose_v2_yolo11n_T32_C8_batch32_fp16
GMDCSA24,/content/fall_detection_work/GMDCSA24/ekramalam-GMDCSA24-A-Dataset-for-Human-Fall-Detection-in-Videos-5abac76/Subject 2/ADL/18.mp4,Subject_2,1,subject2_adl_18,other,9,0,1.0,7.82,train,/content/drive/MyDrive/fall_detection_project/pose_cache/pose_v2_yolo11n_T32_C8_batch32_fp16/GMDCSA24_c21ef24876edf569387e.npz,False,pose_v2_yolo11n_T32_C8_batch32_fp16
GMDCSA24,/content/fall_detection_work/GMDCSA24/ekramalam-GMDCSA24-A-Dataset-for-Human-Fall-Detection-in-Videos-5abac76/Subject 2/Fall/13.mp4,Subject_2,1,subject2_fall_13,walk,0,0,1.0,1.78,train,/content/drive/MyDrive/fall_detection_project/pose_cache/pose_v2_yolo11n_T32_C8_batch32_fp16/GMDCSA24_d08a01ec971deb713e39.npz,False,pose_v2_yolo11n_T32_C8_batch32_fp16
GMDCSA24,/content/fall_detection_work/GMDCSA24/ekramalam-GMDCSA24-A-Dataset-for-Human-Fall-Detection-in-Videos-5abac76/Subject 2/Fall/24.mp4,Subject_2,1,subject2_fall_24,stand_up,7,0,1.24,3.3,train,/content/drive/MyDrive/fall_detection_project/pose_cache/pose_v2_yolo11n_T32_C8_batch32_fp16/GMDCSA24_aa4150937f3919f00d69.npz,False,pose_v2_yolo11n_T32_C8_batch32_fp16
GMDCSA24,/content/fall_detection_work/GMDCSA24/ekramalam-GMDCSA24-A-Dataset-for-Human-Fall-Detection-in-Videos-5abac76/Subject 2/ADL/06.mp4,Subject_2,1,subject2_adl_06,other,9,0,1.36,5.08,train,/content/drive/MyDrive/fall_detection_project/pose_cache/pose_v2_yolo11n_T32_C8_batch32_fp16/GMDCSA24_2e734081744ff64a4a4b.npz,False,pose_v2_yolo11n_T32_C8_batch32_fp16
GMDCSA24,/content/fall_detection_work/GMDCSA24/ekramalam-GMDCSA24-A-Dataset-for-Human-Fall-Detection-in-Videos-5abac76/Subject 2/Fall/04.mp4,Subject_2,1,subject2_fall_04,standing,8,0,1.52,2.88,train,/content/drive/MyDrive/fall_detection_project/pose_cache/pose_v2_yolo11n_T32_C8_batch32_fp16/GMDCSA24_38a30f0dc39d4c4dff72.npz,False,pose_v2_yolo11n_T32_C8_batch32_fp16
GMDCSA24,/content/fall_detection_work/GMDCSA24/ekramalam-GMDCSA24-A-Dataset-for-Human-Fall-Detection-in-Videos-5abac76/Subject 2/Fall/09.mp4,Subject_2,1,subject2_fall_09,fall,1,1,1.6,3.78,train,/content/drive/MyDrive/fall_detection_project/pose_cache/pose_v2_yolo11n_T32_C8_batch32_fp16/GMDCSA24_b2a3a2efca8b2b9d867e.npz,False,pose_v2_yolo11n_T32_C8_batch32_fp16
GMDCSA24,/content/fall_detection_work/GMDCSA24/ekramalam-GMDCSA24-A-Dataset-for-Human-Fall-Detection-in-Videos-5abac76/Subject 2/Fall/10.mp4,Subject_2,1,subject2_fall_10,fall,1,1,1.7,4.18,train,/content/drive/MyDrive/fall_detection_project/pose_cache/pose_v2_yolo11n_T32_C8_batch32_fp16/GMDCSA24_68fe7b8253853bf46557.npz,False,pose_v2_yolo11n_T32_C8_batch32_fp16
GMDCSA24,/content/fall_detection_work/GMDCSA24/ekramalam-GMDCSA24-A-Dataset-for-Human-Fall-Detection-in-Videos-5abac76/Subject 2/Fall/03.mp4,Subject_2,1,subject2_fall_03,lying,6,0,1.76,7.04,train,/content/drive/MyDrive/fall_detection_project/pose_cache/pose_v2_yolo11n_T32_C8_batch32_fp16/GMDCSA24_f20ba3d43d6142873eb0.npz,False,pose_v2_yolo11n_T32_C8_batch32_fp16
GMDCSA24,/content/fall_detection_work/GMDCSA24/ekramalam-GMDCSA24-A-Dataset-for-Human-Fall-Detection-in-Videos-5abac76/Subject 2/Fall/07.mp4,Subject_2,1,subject2_fall_07,fall,1,1,1.78,3.48,train,/content/drive/MyDrive/fall_detection_project/pose_cache/pose_v2_yolo11n_T32_C8_batch32_fp16/GMDCSA24_a5d3a6b812ec0b87f343.npz,False,pose_v2_yolo11n_T32_C8_batch32_fp16
GMDCSA24,/content/fall_detection_work/GMDCSA24/ekramalam-GMDCSA24-A-Dataset-for-Human-Fall-Detection-in-Videos-5abac76/Subject 2/Fall/13.mp4,Subject_2,1,subject2_fall_13,fall,1,1,1.78,5.2,train,/content/drive/MyDrive/fall_detection_project/pose_cache/pose_v2_yolo11n_T32_C8_batch32_fp16/GMDCSA24_b54cd5bd3fb18850d33b.npz,False,pose_v2_yolo11n_T32_C8_batch32_fp16
GMDCSA24,/content/fall_detection_work/GMDCSA24/ekramalam-GMDCSA24-A-Dataset-for-Human-Fall-Detection-in-Videos-5abac76/Subject 2/Fall/06.mp4,Subject_2,1,subject2_fall_06,fall,1,1,1.9,4.08,train,/content/drive/MyDrive/fall_detection_project/pose_cache/pose_v2_yolo11n_T32_C8_batch32_fp16/GMDCSA24_e0a1b897f4b3f652c989.npz,False,pose_v2_yolo11n_T32_C8_batch32_fp16
GMDCSA24,/content/fall_detection_work/GMDCSA24/ekramalam-GMDCSA24-A-Dataset-for-Human-Fall-Detection-in-Videos-5abac76/Subject 2/Fall/17.mp4,Subject_2,1,subject2_fall_17,standing,8,0,1.9,2.16,train,/content/drive/MyDrive/fall_detection_project/pose_cache/pose_v2_yolo11n_T32_C8_batch32_fp16/GMDCSA24_b7ae9418bf6867b673a8.npz,False,pose_v2_yolo11n_T32_C8_batch32_fp16
GMDCSA24,/content/fall_detection_work/GMDCSA24/ekramalam-GMDCSA24-A-Dataset-for-Human-Fall-Detection-in-Videos-5abac76/Subject 2/Fall/16.mp4,Subject_2,1,subject2_fall_16,fallen,2,1,1.92,4.0,train,/content/drive/MyDrive/fall_detection_project/pose_cache/pose_v2_yolo11n_T32_C8_batch32_fp16/GMDCSA24_87ea2bdfa452d7bf6243.npz,False,pose_v2_yolo11n_T32_C8_batch32_fp16
GMDCSA24,/content/fall_detection_work/GMDCSA24/ekramalam-GMDCSA24-A-Dataset-for-Human-Fall-Detection-in-Videos-5abac76/Subject 2/ADL/05.mp4,Subject_2,1,subject2_adl_05,stand_up,7,0,1.98,4.3,train,/content/drive/MyDrive/fall_detection_project/pose_cache/pose_v2_yolo11n_T32_C8_batch32_fp16/GMDCSA24_85cf06f5fa62162e646d.npz,False,pose_v2_yolo11n_T32_C8_batch32_fp16
GMDCSA24,/content/fall_detection_work/GMDCSA24/ekramalam-GMDCSA24-A-Dataset-for-Human-Fall-Detection-in-Videos-5abac76/Subject 2/Fall/25.mp4,Subject_2,1,subject2_fall_25,standing,8,0,2.06,2.52,train,/content/drive/MyDrive/fall_detection_project/pose_cache/pose_v2_yolo11n_T32_C8_batch32_fp16/GMDCSA24_2b67aaad79a1164681cf.npz,False,pose_v2_yolo11n_T32_C8_batch32_fp16
GMDCSA24,/content/fall_detection_work/GMDCSA24/ekramalam-GMDCSA24-A-Dataset-for-Human-Fall-Detection-in-Videos-5abac76/Subject 2/Fall/17.mp4,Subject_2,1,subject2_fall_17,fall,1,1,2.148,3.808,train,/content/drive/MyDrive/fall_detection_project/pose_cache/pose_v2_yolo11n_T32_C8_batch32_fp16/GMDCSA24_90d149d0de1a85539d88.npz,False,pose_v2_yolo11n_T32_C8_batch32_fp16
GMDCSA24,/content/fall_detection_work/GMDCSA24/ekramalam-GMDCSA24-A-Dataset-for-Human-Fall-Detection-in-Videos-5abac76/Subject 2/Fall/22.mp4,Subject_2,1,subject2_fall_22,fallen,2,1,2.46,5.2,train,/content/drive/MyDrive/fall_detection_project/pose_cache/pose_v2_yolo11n_T32_C8_batch32_fp16/GMDCSA24_071f230667621ad59552.npz,False,pose_v2_yolo11n_T32_C8_batch32_fp16
GMDCSA24,/content/fall_detection_work/GMDCSA24/ekramalam-GMDCSA24-A-Dataset-for-Human-Fall-Detection-in-Videos-5abac76/Subject 2/Fall/25.mp4,Subject_2,1,subject2_fall_25,fall,1,1,2.52,4.26,train,/content/drive/MyDrive/fall_detection_project/pose_cache/pose_v2_yolo11n_T32_C8_batch32_fp16/GMDCSA24_da4620789f0d2354f348.npz,False,pose_v2_yolo11n_T32_C8_batch32_fp16
GMDCSA24,/content/fall_detection_work/GMDCSA24/ekramalam-GMDCSA24-A-Dataset-for-Human-Fall-Detection-in-Videos-5abac76/Subject 2/ADL/13.mp4,Subject_2,1,subject2_adl_13,sitting,4,0,2.6,4.84,train,/content/drive/MyDrive/fall_detection_project/pose_cache/pose_v2_yolo11n_T32_C8_batch32_fp16/GMDCSA24_23633300df233f4f59a6.npz,False,pose_v2_yolo11n_T32_C8_batch32_fp16
GMDCSA24,/content/fall_detection_work/GMDCSA24/ekramalam-GMDCSA24-A-Dataset-for-Human-Fall-Detection-in-Videos-5abac76/Subject 2/Fall/02.mp4,Subject_2,1,subject2_fall_02,fall,1,1,2.6,4.68,train,/content/drive/MyDrive/fall_detection_project/pose_cache/pose_v2_yolo11n_T32_C8_batch32_fp16/GMDCSA24_73a999ae36f713a3f2f8.npz,False,pose_v2_yolo11n_T32_C8_batch32_fp16
GMDCSA24,/content/fall_detection_work/GMDCSA24/ekramalam-GMDCSA24-A-Dataset-for-Human-Fall-Detection-in-Videos-5abac76/Subject 2/Fall/08.mp4,Subject_2,1,subject2_fall_08,fall,1,1,2.62,3.76,train,/content/drive/MyDrive/fall_detection_project/pose_cache/pose_v2_yolo11n_T32_C8_batch32_fp16/GMDCSA24_588f50df2e92036f8711.npz,False,pose_v2_yolo11n_T32_C8_batch32_fp16
GMDCSA24,/content/fall_detection_work/GMDCSA24/ekramalam-GMDCSA24-A-Dataset-for-Human-Fall-Detection-in-Videos-5abac76/Subject 2/ADL/19.mp4,Subject_2,1,subject2_adl_19,other,9,0,2.74,11.34,train,/content/drive/MyDrive/fall_detection_project/pose_cache/pose_v2_yolo11n_T32_C8_batch32_fp16/GMDCSA24_9330144bde62a731daca.npz,False,pose_v2_yolo11n_T32_C8_batch32_fp16
GMDCSA24,/content/fall_detection_work/GMDCSA24/ekramalam-GMDCSA24-A-Dataset-for-Human-Fall-Detection-in-Videos-5abac76/Subject 2/Fall/04.mp4,Subject_2,1,subject2_fall_04,fall,1,1,2.88,6.4,train,/content/drive/MyDrive/fall_detection_project/pose_cache/pose_v2_yolo11n_T32_C8_batch32_fp16/GMDCSA24_5d8e829899ec3789de8e.npz,False,pose_v2_yolo11n_T32_C8_batch32_fp16
GMDCSA24,/content/fall_detection_work/GMDCSA24/ekramalam-GMDCSA24-A-Dataset-for-Human-Fall-Detection-in-Videos-5abac76/Subject 2/ADL/09.mp4,Subject_2,1,subject2_adl_09,sit_down,3,0,3.14,6.76,train,/content/drive/MyDrive/fall_detection_project/pose_cache/pose_v2_yolo11n_T32_C8_batch32_fp16/GMDCSA24_d3eaf1f5272e3d1205eb.npz,False,pose_v2_yolo11n_T32_C8_batch32_fp16
GMDCSA24,/content/fall_detection_work/GMDCSA24/ekramalam-GMDCSA24-A-Dataset-for-Human-Fall-Detection-in-Videos-5abac76/Subject 2/Fall/14.mp4,Subject_2,1,subject2_fall_14,fall,1,1,3.2,5.44,train,/content/drive/MyDrive/fall_detection_project/pose_cache/pose_v2_yolo11n_T32_C8_batch32_fp16/GMDCSA24_f670934f638cbcb53c86.npz,False,pose_v2_yolo11n_T32_C8_batch32_fp16
GMDCSA24,/content/fall_detection_work/GMDCSA24/ekramalam-GMDCSA24-A-Dataset-for-Human-Fall-Detection-in-Videos-5abac76/Subject 2/ADL/14.mp4,Subject_2,1,subject2_adl_14,sit_down,3,0,3.28,8.28,train,/content/drive/MyDrive/fall_detection_project/pose_cache/pose_v2_yolo11n_T32_C8_batch32_fp16/GMDCSA24_4afef6cfd93cd63d47b9.npz,False,pose_v2_yolo11n_T32_C8_batch32_fp16
GMDCSA24,/content/fall_detection_work/GMDCSA24/ekramalam-GMDCSA24-A-Dataset-for-Human-Fall-Detection-in-Videos-5abac76/Subject 2/Fall/05.mp4,Subject_2,1,subject2_fall_05,fallen,2,1,3.28,4.52,train,/content/drive/MyDrive/fall_detection_project/pose_cache/pose_v2_yolo11n_T32_C8_batch32_fp16/GMDCSA24_8ae7783630498a7a0c81.npz,False,pose_v2_yolo11n_T32_C8_batch32_fp16
GMDCSA24,/content/fall_detection_work/GMDCSA24/ekramalam-GMDCSA24-A-Dataset-for-Human-Fall-Detection-in-Videos-5abac76/Subject 2/Fall/23.mp4,Subject_2,1,subject2_fall_23,fall,1,1,3.28,4.9,train,/content/drive/MyDrive/fall_detection_project/pose_cache/pose_v2_yolo11n_T32_C8_batch32_fp16/GMDCSA24_17170eb1eec670de8b9d.npz,False,pose_v2_yolo11n_T32_C8_batch32_fp16
GMDCSA24,/content/fall_detection_work/GMDCSA24/ekramalam-GMDCSA24-A-Dataset-for-Human-Fall-Detection-in-Videos-5abac76/Subject 2/Fall/24.mp4,Subject_2,1,subject2_fall_24,fall,1,1,3.3,4.94,train,/content/drive/MyDrive/fall_detection_project/pose_cache/pose_v2_yolo11n_T32_C8_batch32_fp16/GMDCSA24_3c07cf802d888daa07b7.npz,False,pose_v2_yolo11n_T32_C8_batch32_fp16
GMDCSA24,/content/fall_detection_work/GMDCSA24/ekramalam-GMDCSA24-A-Dataset-for-Human-Fall-Detection-in-Videos-5abac76/Subject 2/ADL/20.mp4,Subject_2,1,subject2_adl_20,sit_down,3,0,3.38,6.52,train,/content/drive/MyDrive/fall_detection_project/pose_cache/pose_v2_yolo11n_T32_C8_batch32_fp16/GMDCSA24_191b37393b842595e4cf.npz,False,pose_v2_yolo11n_T32_C8_batch32_fp16
GMDCSA24,/content/fall_detection_work/GMDCSA24/ekramalam-GMDCSA24-A-Dataset-for-Human-Fall-Detection-in-Videos-5abac76/Subject 2/Fall/07.mp4,Subject_2,1,subject2_fall_07,fallen,2,1,3.48,4.52,train,/content/drive/MyDrive/fall_detection_project/pose_cache/pose_v2_yolo11n_T32_C8_batch32_fp16/GMDCSA24_5a65e47b351445fb22eb.npz,False,pose_v2_yolo11n_T32_C8_batch32_fp16
GMDCSA24,/content/fall_detection_work/GMDCSA24/ekramalam-GMDCSA24-A-Dataset-for-Human-Fall-Detection-in-Videos-5abac76/Subject 2/Fall/11.mp4,Subject_2,1,subject2_fall_11,other,9,0,3.74,5.26,train,/content/drive/MyDrive/fall_detection_project/pose_cache/pose_v2_yolo11n_T32_C8_batch32_fp16/GMDCSA24_db8d3a4abbfdcfe65881.npz,False,pose_v2_yolo11n_T32_C8_batch32_fp16
GMDCSA24,/content/fall_detection_work/GMDCSA24/ekramalam-GMDCSA24-A-Dataset-for-Human-Fall-Detection-in-Videos-5abac76/Subject 2/Fall/08.mp4,Subject_2,1,subject2_fall_08,fallen,2,1,3.76,6.08,train,/content/drive/MyDrive/fall_detection_project/pose_cache/pose_v2_yolo11n_T32_C8_batch32_fp16/GMDCSA24_590500dafa1ed095fb8a.npz,False,pose_v2_yolo11n_T32_C8_batch32_fp16
GMDCSA24,/content/fall_detection_work/GMDCSA24/ekramalam-GMDCSA24-A-Dataset-for-Human-Fall-Detection-in-Videos-5abac76/Subject 2/Fall/09.mp4,Subject_2,1,subject2_fall_09,fallen,2,1,3.78,5.6,train,/content/drive/MyDrive/fall_detection_project/pose_cache/pose_v2_yolo11n_T32_C8_batch32_fp16/GMDCSA24_e0f02f36b69570a17254.npz,False,pose_v2_yolo11n_T32_C8_batch32_fp16
GMDCSA24,/content/fall_detection_work/GMDCSA24/ekramalam-GMDCSA24-A-Dataset-for-Human-Fall-Detection-in-Videos-5abac76/Subject 2/Fall/17.mp4,Subject_2,1,subject2_fall_17,fallen,2,1,3.808,6.488,train,/content/drive/MyDrive/fall_detection_project/pose_cache/pose_v2_yolo11n_T32_C8_batch32_fp16/GMDCSA24_67482de7c0408e70d394.npz,False,pose_v2_yolo11n_T32_C8_batch32_fp16
GMDCSA24,/content/fall_detection_work/GMDCSA24/ekramalam-GMDCSA24-A-Dataset-for-Human-Fall-Detection-in-Videos-5abac76/Subject 2/ADL/11.mp4,Subject_2,1,subject2_adl_11,walk,0,0,3.98,6.18,train,/content/drive/MyDrive/fall_detection_project/pose_cache/pose_v2_yolo11n_T32_C8_batch32_fp16/GMDCSA24_7f575ef9d719a1b80629.npz,False,pose_v2_yolo11n_T32_C8_batch32_fp16
GMDCSA24,/content/fall_detection_work/GMDCSA24/ekramalam-GMDCSA24-A-Dataset-for-Human-Fall-Detection-in-Videos-5abac76/Subject 2/Fall/01.mp4,Subject_2,1,subject2_fall_01,fallen,2,1,4.04,6.36,train,/content/drive/MyDrive/fall_detection_project/pose_cache/pose_v2_yolo11n_T32_C8_batch32_fp16/GMDCSA24_31ff992082623e8e274d.npz,False,pose_v2_yolo11n_T32_C8_batch32_fp16
GMDCSA24,/content/fall_detection_work/GMDCSA24/ekramalam-GMDCSA24-A-Dataset-for-Human-Fall-Detection-in-Videos-5abac76/Subject 2/Fall/06.mp4,Subject_2,1,subject2_fall_06,fallen,2,1,4.08,6.5,train,/content/drive/MyDrive/fall_detection_project/pose_cache/pose_v2_yolo11n_T32_C8_batch32_fp16/GMDCSA24_37bbc5e32932fdc07359.npz,False,pose_v2_yolo11n_T32_C8_batch32_fp16
GMDCSA24,/content/fall_detection_work/GMDCSA24/ekramalam-GMDCSA24-A-Dataset-for-Human-Fall-Detection-in-Videos-5abac76/Subject 2/ADL/17.mp4,Subject_2,1,subject2_adl_17,walk,0,0,4.1,5.94,train,/content/drive/MyDrive/fall_detection_project/pose_cache/pose_v2_yolo11n_T32_C8_batch32_fp16/GMDCSA24_2690d179e56fd428c0f5.npz,False,pose_v2_yolo11n_T32_C8_batch32_fp16
GMDCSA24,/content/fall_detection_work/GMDCSA24/ekramalam-GMDCSA24-A-Dataset-for-Human-Fall-Detection-in-Videos-5abac76/Subject 2/Fall/10.mp4,Subject_2,1,subject2_fall_10,fallen,2,1,4.18,11.14,train,/content/drive/MyDrive/fall_detection_project/pose_cache/pose_v2_yolo11n_T32_C8_batch32_fp16/GMDCSA24_ab6a6f50a547cd22bb37.npz,False,pose_v2_yolo11n_T32_C8_batch32_fp16
GMDCSA24,/content/fall_detection_work/GMDCSA24/ekramalam-GMDCSA24-A-Dataset-for-Human-Fall-Detection-in-Videos-5abac76/Subject 2/Fall/25.mp4,Subject_2,1,subject2_fall_25,fallen,2,1,4.26,7.32,train,/content/drive/MyDrive/fall_detection_project/pose_cache/pose_v2_yolo11n_T32_C8_batch32_fp16/GMDCSA24_e9735abe2bb99e6f0567.npz,False,pose_v2_yolo11n_T32_C8_batch32_fp16
GMDCSA24,/content/fall_detection_work/GMDCSA24/ekramalam-GMDCSA24-A-Dataset-for-Human-Fall-Detection-in-Videos-5abac76/Subject 2/ADL/05.mp4,Subject_2,1,subject2_adl_05,walk,0,0,4.3,5.66,train,/content/drive/MyDrive/fall_detection_project/pose_cache/pose_v2_yolo11n_T32_C8_batch32_fp16/GMDCSA24_1b4288a7953590d8f93d.npz,False,pose_v2_yolo11n_T32_C8_batch32_fp16
GMDCSA24,/content/fall_detection_work/GMDCSA24/ekramalam-GMDCSA24-A-Dataset-for-Human-Fall-Detection-in-Videos-5abac76/Subject 2/ADL/03.mp4,Subject_2,1,subject2_adl_03,sit_down,3,0,4.58,6.7,train,/content/drive/MyDrive/fall_detection_project/pose_cache/pose_v2_yolo11n_T32_C8_batch32_fp16/GMDCSA24_8bce22666fedae0a4717.npz,False,pose_v2_yolo11n_T32_C8_batch32_fp16
GMDCSA24,/content/fall_detection_work/GMDCSA24/ekramalam-GMDCSA24-A-Dataset-for-Human-Fall-Detection-in-Videos-5abac76/Subject 2/Fall/02.mp4,Subject_2,1,subject2_fall_02,fallen,2,1,4.68,8.44,train,/content/drive/MyDrive/fall_detection_project/pose_cache/pose_v2_yolo11n_T32_C8_batch32_fp16/GMDCSA24_5fe751a162e2a4b90c80.npz,False,pose_v2_yolo11n_T32_C8_batch32_fp16
GMDCSA24,/content/fall_detection_work/GMDCSA24/ekramalam-GMDCSA24-A-Dataset-for-Human-Fall-Detection-in-Videos-5abac76/Subject 2/ADL/10.mp4,Subject_2,1,subject2_adl_10,other,9,0,4.78,6.68,train,/content/drive/MyDrive/fall_detection_project/pose_cache/pose_v2_yolo11n_T32_C8_batch32_fp16/GMDCSA24_2d3770888e436b1801e5.npz,False,pose_v2_yolo11n_T32_C8_batch32_fp16
GMDCSA24,/content/fall_detection_work/GMDCSA24/ekramalam-GMDCSA24-A-Dataset-for-Human-Fall-Detection-in-Videos-5abac76/Subject 2/Fall/21.mp4,Subject_2,1,subject2_fall_21,walk,0,0,4.9,6.1,train,/content/drive/MyDrive/fall_detection_project/pose_cache/pose_v2_yolo11n_T32_C8_batch32_fp16/GMDCSA24_ab4dc6979662abd69c37.npz,False,pose_v2_yolo11n_T32_C8_batch32_fp16
GMDCSA24,/content/fall_detection_work/GMDCSA24/ekramalam-GMDCSA24-A-Dataset-for-Human-Fall-Detection-in-Videos-5abac76/Subject 2/Fall/23.mp4,Subject_2,1,subject2_fall_23,fallen,2,1,4.9,7.54,train,/content/drive/MyDrive/fall_detection_project/pose_cache/pose_v2_yolo11n_T32_C8_batch32_fp16/GMDCSA24_b541413aa59a4c5e6c54.npz,False,pose_v2_yolo11n_T32_C8_batch32_fp16
GMDCSA24,/content/fall_detection_work/GMDCSA24/ekramalam-GMDCSA24-A-Dataset-for-Human-Fall-Detection-in-Videos-5abac76/Subject 2/Fall/24.mp4,Subject_2,1,subject2_fall_24,fallen,2,1,4.94,7.12,train,/content/drive/MyDrive/fall_detection_project/pose_cache/pose_v2_yolo11n_T32_C8_batch32_fp16/GMDCSA24_b426ac4279174054e43d.npz,False,pose_v2_yolo11n_T32_C8_batch32_fp16
GMDCSA24,/content/fall_detection_work/GMDCSA24/ekramalam-GMDCSA24-A-Dataset-for-Human-Fall-Detection-in-Videos-5abac76/Subject 2/ADL/06.mp4,Subject_2,1,subject2_adl_06,standing,8,0,5.08,6.08,train,/content/drive/MyDrive/fall_detection_project/pose_cache/pose_v2_yolo11n_T32_C8_batch32_fp16/GMDCSA24_aab0b271cae6e2fbe5f3.npz,False,pose_v2_yolo11n_T32_C8_batch32_fp16
GMDCSA24,/content/fall_detection_work/GMDCSA24/ekramalam-GMDCSA24-A-Dataset-for-Human-Fall-Detection-in-Videos-5abac76/Subject 2/Fall/13.mp4,Subject_2,1,subject2_fall_13,fallen,2,1,5.2,8.9,train,/content/drive/MyDrive/fall_detection_project/pose_cache/pose_v2_yolo11n_T32_C8_batch32_fp16/GMDCSA24_eaf8f879af0e5b42d998.npz,False,pose_v2_yolo11n_T32_C8_batch32_fp16
GMDCSA24,/content/fall_detection_work/GMDCSA24/ekramalam-GMDCSA24-A-Dataset-for-Human-Fall-Detection-in-Videos-5abac76/Subject 2/Fall/11.mp4,Subject_2,1,subject2_fall_11,fall,1,1,5.26,7.0,train,/content/drive/MyDrive/fall_detection_project/pose_cache/pose_v2_yolo11n_T32_C8_batch32_fp16/GMDCSA24_9f5b3ebba1a9d59137be.npz,False,pose_v2_yolo11n_T32_C8_batch32_fp16
GMDCSA24,/content/fall_detection_work/GMDCSA24/ekramalam-GMDCSA24-A-Dataset-for-Human-Fall-Detection-in-Videos-5abac76/Subject 2/Fall/14.mp4,Subject_2,1,subject2_fall_14,fallen,2,1,5.44,11.22,train,/content/drive/MyDrive/fall_detection_project/pose_cache/pose_v2_yolo11n_T32_C8_batch32_fp16/GMDCSA24_7590c906b398fcc9e78e.npz,False,pose_v2_yolo11n_T32_C8_batch32_fp16
GMDCSA24,/content/fall_detection_work/GMDCSA24/ekramalam-GMDCSA24-A-Dataset-for-Human-Fall-Detection-in-Videos-5abac76/Subject 2/ADL/12.mp4,Subject_2,1,subject2_adl_12,lying,6,0,5.52,7.62,train,/content/drive/MyDrive/fall_detection_project/pose_cache/pose_v2_yolo11n_T32_C8_batch32_fp16/GMDCSA24_5726f1cea166f0a95619.npz,False,pose_v2_yolo11n_T32_C8_batch32_fp16
GMDCSA24,/content/fall_detection_work/GMDCSA24/ekramalam-GMDCSA24-A-Dataset-for-Human-Fall-Detection-in-Videos-5abac76/Subject 2/Fall/19.mp4,Subject_2,1,subject2_fall_19,standing,8,0,5.58,7.6,train,/content/drive/MyDrive/fall_detection_project/pose_cache/pose_v2_yolo11n_T32_C8_batch32_fp16/GMDCSA24_70c8eca765b4d652cba4.npz,False,pose_v2_yolo11n_T32_C8_batch32_fp16
GMDCSA24,/content/fall_detection_work/GMDCSA24/ekramalam-GMDCSA24-A-Dataset-for-Human-Fall-Detection-in-Videos-5abac76/Subject 2/ADL/05.mp4,Subject_2,1,subject2_adl_05,other,9,0,5.66,7.5,train,/content/drive/MyDrive/fall_detection_project/pose_cache/pose_v2_yolo11n_T32_C8_batch32_fp16/GMDCSA24_74a87f256f86d7db2626.npz,False,pose_v2_yolo11n_T32_C8_batch32_fp16
GMDCSA24,/content/fall_detection_work/GMDCSA24/ekramalam-GMDCSA24-A-Dataset-for-Human-Fall-Detection-in-Videos-5abac76/Subject 2/ADL/01.mp4,Subject_2,1,subject2_adl_01,stand_up,7,0,5.8,7.9,train,/content/drive/MyDrive/fall_detection_project/pose_cache/pose_v2_yolo11n_T32_C8_batch32_fp16/GMDCSA24_469def2128af0bebd50a.npz,False,pose_v2_yolo11n_T32_C8_batch32_fp16
GMDCSA24,/content/fall_detection_work/GMDCSA24/ekramalam-GMDCSA24-A-Dataset-for-Human-Fall-Detection-in-Videos-5abac76/Subject 2/ADL/17.mp4,Subject_2,1,subject2_adl_17,other,9,0,5.94,11.66,train,/content/drive/MyDrive/fall_detection_project/pose_cache/pose_v2_yolo11n_T32_C8_batch32_fp16/GMDCSA24_4a861e92c4b628112afb.npz,False,pose_v2_yolo11n_T32_C8_batch32_fp16
GMDCSA24,/content/fall_detection_work/GMDCSA24/ekramalam-GMDCSA24-A-Dataset-for-Human-Fall-Detection-in-Videos-5abac76/Subject 2/ADL/04.mp4,Subject_2,1,subject2_adl_04,standing,8,0,6.08,7.86,train,/content/drive/MyDrive/fall_detection_project/pose_cache/pose_v2_yolo11n_T32_C8_batch32_fp16/GMDCSA24_184f82459c36b1ae4ad6.npz,False,pose_v2_yolo11n_T32_C8_batch32_fp16
GMDCSA24,/content/fall_detection_work/GMDCSA24/ekramalam-GMDCSA24-A-Dataset-for-Human-Fall-Detection-in-Videos-5abac76/Subject 2/ADL/06.mp4,Subject_2,1,subject2_adl_06,walk,0,0,6.08,8.76,train,/content/drive/MyDrive/fall_detection_project/pose_cache/pose_v2_yolo11n_T32_C8_batch32_fp16/GMDCSA24_0dca5894854f5ff733e7.npz,False,pose_v2_yolo11n_T32_C8_batch32_fp16
GMDCSA24,/content/fall_detection_work/GMDCSA24/ekramalam-GMDCSA24-A-Dataset-for-Human-Fall-Detection-in-Videos-5abac76/Subject 2/Fall/15.mp4,Subject_2,1,subject2_fall_15,fall,1,1,6.14,9.54,train,/content/drive/MyDrive/fall_detection_project/pose_cache/pose_v2_yolo11n_T32_C8_batch32_fp16/GMDCSA24_12e3c200093000b1902a.npz,False,pose_v2_yolo11n_T32_C8_batch32_fp16
GMDCSA24,/content/fall_detection_work/GMDCSA24/ekramalam-GMDCSA24-A-Dataset-for-Human-Fall-Detection-in-Videos-5abac76/Subject 2/ADL/11.mp4,Subject_2,1,subject2_adl_11,other,9,0,6.18,7.94,train,/content/drive/MyDrive/fall_detection_project/pose_cache/pose_v2_yolo11n_T32_C8_batch32_fp16/GMDCSA24_b3572b881be5017239f3.npz,False,pose_v2_yolo11n_T32_C8_batch32_fp16
GMDCSA24,/content/fall_detection_work/GMDCSA24/ekramalam-GMDCSA24-A-Dataset-for-Human-Fall-Detection-in-Videos-5abac76/Subject 2/Fall/21.mp4,Subject_2,1,subject2_fall_21,fall,1,1,6.2,7.4,train,/content/drive/MyDrive/fall_detection_project/pose_cache/pose_v2_yolo11n_T32_C8_batch32_fp16/GMDCSA24_c20e29a0c5cb5b1717d1.npz,False,pose_v2_yolo11n_T32_C8_batch32_fp16
GMDCSA24,/content/fall_detection_work/GMDCSA24/ekramalam-GMDCSA24-A-Dataset-for-Human-Fall-Detection-in-Videos-5abac76/Subject 2/Fall/12.mp4,Subject_2,1,subject2_fall_12,fall,1,1,6.36,9.16,train,/content/drive/MyDrive/fall_detection_project/pose_cache/pose_v2_yolo11n_T32_C8_batch32_fp16/GMDCSA24_a3c5c83617a4a6d07c41.npz,False,pose_v2_yolo11n_T32_C8_batch32_fp16
GMDCSA24,/content/fall_detection_work/GMDCSA24/ekramalam-GMDCSA24-A-Dataset-for-Human-Fall-Detection-in-Videos-5abac76/Subject 2/Fall/04.mp4,Subject_2,1,subject2_fall_04,fallen,2,1,6.4,10.22,train,/content/drive/MyDrive/fall_detection_project/pose_cache/pose_v2_yolo11n_T32_C8_batch32_fp16/GMDCSA24_7e2329b174eae8921556.npz,False,pose_v2_yolo11n_T32_C8_batch32_fp16
GMDCSA24,/content/fall_detection_work/GMDCSA24/ekramalam-GMDCSA24-A-Dataset-for-Human-Fall-Detection-in-Videos-5abac76/Subject 2/ADL/20.mp4,Subject_2,1,subject2_adl_20,other,9,0,6.52,10.22,train,/content/drive/MyDrive/fall_detection_project/pose_cache/pose_v2_yolo11n_T32_C8_batch32_fp16/GMDCSA24_c608f81705e49a7ca46f.npz,False,pose_v2_yolo11n_T32_C8_batch32_fp16
GMDCSA24,/content/fall_detection_work/GMDCSA24/ekramalam-GMDCSA24-A-Dataset-for-Human-Fall-Detection-in-Videos-5abac76/Subject 2/ADL/21.mp4,Subject_2,1,subject2_adl_21,walk,0,0,6.6,10.52,train,/content/drive/MyDrive/fall_detection_project/pose_cache/pose_v2_yolo11n_T32_C8_batch32_fp16/GMDCSA24_51cb0d0d65abb0f74aca.npz,False,pose_v2_yolo11n_T32_C8_batch32_fp16
GMDCSA24,/content/fall_detection_work/GMDCSA24/ekramalam-GMDCSA24-A-Dataset-for-Human-Fall-Detection-in-Videos-5abac76/Subject 2/ADL/10.mp4,Subject_2,1,subject2_adl_10,standing,8,0,6.68,7.573,train,/content/drive/MyDrive/fall_detection_project/pose_cache/pose_v2_yolo11n_T32_C8_batch32_fp16/GMDCSA24_92accd53c760cad89824.npz,False,pose_v2_yolo11n_T32_C8_batch32_fp16
GMDCSA24,/content/fall_detection_work/GMDCSA24/ekramalam-GMDCSA24-A-Dataset-for-Human-Fall-Detection-in-Videos-5abac76/Subject 2/ADL/03.mp4,Subject_2,1,subject2_adl_03,lie_down,5,0,6.7,10.5,train,/content/drive/MyDrive/fall_detection_project/pose_cache/pose_v2_yolo11n_T32_C8_batch32_fp16/GMDCSA24_66fa0be152871b658b72.npz,False,pose_v2_yolo11n_T32_C8_batch32_fp16
GMDCSA24,/content/fall_detection_work/GMDCSA24/ekramalam-GMDCSA24-A-Dataset-for-Human-Fall-Detection-in-Videos-5abac76/Subject 2/ADL/09.mp4,Subject_2,1,subject2_adl_09,sitting,4,0,6.76,10.96,train,/content/drive/MyDrive/fall_detection_project/pose_cache/pose_v2_yolo11n_T32_C8_batch32_fp16/GMDCSA24_ac8b66a8a1075e552e45.npz,False,pose_v2_yolo11n_T32_C8_batch32_fp16
GMDCSA24,/content/fall_detection_work/GMDCSA24/ekramalam-GMDCSA24-A-Dataset-for-Human-Fall-Detection-in-Videos-5abac76/Subject 2/Fall/20.mp4,Subject_2,1,subject2_fall_20,fall,1,1,6.96,9.48,train,/content/drive/MyDrive/fall_detection_project/pose_cache/pose_v2_yolo11n_T32_C8_batch32_fp16/GMDCSA24_b0f6534b22b40587f927.npz,False,pose_v2_yolo11n_T32_C8_batch32_fp16
GMDCSA24,/content/fall_detection_work/GMDCSA24/ekramalam-GMDCSA24-A-Dataset-for-Human-Fall-Detection-in-Videos-5abac76/Subject 2/Fall/11.mp4,Subject_2,1,subject2_fall_11,fallen,2,1,7.0,10.58,train,/content/drive/MyDrive/fall_detection_project/pose_cache/pose_v2_yolo11n_T32_C8_batch32_fp16/GMDCSA24_df1aab4788262e02836a.npz,False,pose_v2_yolo11n_T32_C8_batch32_fp16
GMDCSA24,/content/fall_detection_work/GMDCSA24/ekramalam-GMDCSA24-A-Dataset-for-Human-Fall-Detection-in-Videos-5abac76/Subject 2/Fall/18.mp4,Subject_2,1,subject2_fall_18,standing,8,0,7.32,9.46,train,/content/drive/MyDrive/fall_detection_project/pose_cache/pose_v2_yolo11n_T32_C8_batch32_fp16/GMDCSA24_379f38653690319a2cef.npz,False,pose_v2_yolo11n_T32_C8_batch32_fp16
GMDCSA24,/content/fall_detection_work/GMDCSA24/ekramalam-GMDCSA24-A-Dataset-for-Human-Fall-Detection-in-Videos-5abac76/Subject 2/Fall/21.mp4,Subject_2,1,subject2_fall_21,fallen,2,1,7.4,9.5,train,/content/drive/MyDrive/fall_detection_project/pose_cache/pose_v2_yolo11n_T32_C8_batch32_fp16/GMDCSA24_47050c65ef8f703e2750.npz,False,pose_v2_yolo11n_T32_C8_batch32_fp16
GMDCSA24,/content/fall_detection_work/GMDCSA24/ekramalam-GMDCSA24-A-Dataset-for-Human-Fall-Detection-in-Videos-5abac76/Subject 2/ADL/05.mp4,Subject_2,1,subject2_adl_05,walk,0,0,7.5,10.38,train,/content/drive/MyDrive/fall_detection_project/pose_cache/pose_v2_yolo11n_T32_C8_batch32_fp16/GMDCSA24_7ecb252c0463902e4044.npz,False,pose_v2_yolo11n_T32_C8_batch32_fp16
GMDCSA24,/content/fall_detection_work/GMDCSA24/ekramalam-GMDCSA24-A-Dataset-for-Human-Fall-Detection-in-Videos-5abac76/Subject 2/Fall/19.mp4,Subject_2,1,subject2_fall_19,fall,1,1,7.6,9.7,train,/content/drive/MyDrive/fall_detection_project/pose_cache/pose_v2_yolo11n_T32_C8_batch32_fp16/GMDCSA24_09dcf63ebba8c3e57525.npz,False,pose_v2_yolo11n_T32_C8_batch32_fp16
GMDCSA24,/content/fall_detection_work/GMDCSA24/ekramalam-GMDCSA24-A-Dataset-for-Human-Fall-Detection-in-Videos-5abac76/Subject 2/ADL/16.mp4,Subject_2,1,subject2_adl_16,lie_down,5,0,7.78,10.24,train,/content/drive/MyDrive/fall_detection_project/pose_cache/pose_v2_yolo11n_T32_C8_batch32_fp16/GMDCSA24_445093ce7afd0e1cdeac.npz,False,pose_v2_yolo11n_T32_C8_batch32_fp16
GMDCSA24,/content/fall_detection_work/GMDCSA24/ekramalam-GMDCSA24-A-Dataset-for-Human-Fall-Detection-in-Videos-5abac76/Subject 2/ADL/18.mp4,Subject_2,1,subject2_adl_18,standing,8,0,7.82,11.66,train,/content/drive/MyDrive/fall_detection_project/pose_cache/pose_v2_yolo11n_T32_C8_batch32_fp16/GMDCSA24_318d6fa9d409baa556ca.npz,False,pose_v2_yolo11n_T32_C8_batch32_fp16
GMDCSA24,/content/fall_detection_work/GMDCSA24/ekramalam-GMDCSA24-A-Dataset-for-Human-Fall-Detection-in-Videos-5abac76/Subject 2/ADL/01.mp4,Subject_2,1,subject2_adl_01,walk,0,0,7.9,11.4,train,/content/drive/MyDrive/fall_detection_project/pose_cache/pose_v2_yolo11n_T32_C8_batch32_fp16/GMDCSA24_f7dae32c882fd6eb8723.npz,False,pose_v2_yolo11n_T32_C8_batch32_fp16
GMDCSA24,/content/fall_detection_work/GMDCSA24/ekramalam-GMDCSA24-A-Dataset-for-Human-Fall-Detection-in-Videos-5abac76/Subject 2/ADL/11.mp4,Subject_2,1,subject2_adl_11,standing,8,0,7.94,10.0,train,/content/drive/MyDrive/fall_detection_project/pose_cache/pose_v2_yolo11n_T32_C8_batch32_fp16/GMDCSA24_aa2174fef4b44daa3757.npz,False,pose_v2_yolo11n_T32_C8_batch32_fp16
GMDCSA24,/content/fall_detection_work/GMDCSA24/ekramalam-GMDCSA24-A-Dataset-for-Human-Fall-Detection-in-Videos-5abac76/Subject 2/ADL/07.mp4,Subject_2,1,subject2_adl_07,standing,8,0,8.24,13.0,train,/content/drive/MyDrive/fall_detection_project/pose_cache/pose_v2_yolo11n_T32_C8_batch32_fp16/GMDCSA24_d7dff0e3df3e4f972700.npz,False,pose_v2_yolo11n_T32_C8_batch32_fp16
GMDCSA24,/content/fall_detection_work/GMDCSA24/ekramalam-GMDCSA24-A-Dataset-for-Human-Fall-Detection-in-Videos-5abac76/Subject 2/ADL/14.mp4,Subject_2,1,subject2_adl_14,sitting,4,0,8.28,11.04,train,/content/drive/MyDrive/fall_detection_project/pose_cache/pose_v2_yolo11n_T32_C8_batch32_fp16/GMDCSA24_a3cd59c7e9086cad4229.npz,False,pose_v2_yolo11n_T32_C8_batch32_fp16
GMDCSA24,/content/fall_detection_work/GMDCSA24/ekramalam-GMDCSA24-A-Dataset-for-Human-Fall-Detection-in-Videos-5abac76/Subject 2/ADL/06.mp4,Subject_2,1,subject2_adl_06,sit_down,3,0,8.76,10.74,train,/content/drive/MyDrive/fall_detection_project/pose_cache/pose_v2_yolo11n_T32_C8_batch32_fp16/GMDCSA24_64041f1cd35b715a70e3.npz,False,pose_v2_yolo11n_T32_C8_batch32_fp16
GMDCSA24,/content/fall_detection_work/GMDCSA24/ekramalam-GMDCSA24-A-Dataset-for-Human-Fall-Detection-in-Videos-5abac76/Subject 2/Fall/12.mp4,Subject_2,1,subject2_fall_12,fallen,2,1,9.16,12.24,train,/content/drive/MyDrive/fall_detection_project/pose_cache/pose_v2_yolo11n_T32_C8_batch32_fp16/GMDCSA24_8ae4dbf57b5d496ba742.npz,False,pose_v2_yolo11n_T32_C8_batch32_fp16
GMDCSA24,/content/fall_detection_work/GMDCSA24/ekramalam-GMDCSA24-A-Dataset-for-Human-Fall-Detection-in-Videos-5abac76/Subject 2/Fall/18.mp4,Subject_2,1,subject2_fall_18,fall,1,1,9.46,11.16,train,/content/drive/MyDrive/fall_detection_project/pose_cache/pose_v2_yolo11n_T32_C8_batch32_fp16/GMDCSA24_686857e735141e110a19.npz,False,pose_v2_yolo11n_T32_C8_batch32_fp16
GMDCSA24,/content/fall_detection_work/GMDCSA24/ekramalam-GMDCSA24-A-Dataset-for-Human-Fall-Detection-in-Videos-5abac76/Subject 2/Fall/20.mp4,Subject_2,1,subject2_fall_20,fallen,2,1,9.48,11.46,train,/content/drive/MyDrive/fall_detection_project/pose_cache/pose_v2_yolo11n_T32_C8_batch32_fp16/GMDCSA24_2e37514836ea5d31855d.npz,False,pose_v2_yolo11n_T32_C8_batch32_fp16
GMDCSA24,/content/fall_detection_work/GMDCSA24/ekramalam-GMDCSA24-A-Dataset-for-Human-Fall-Detection-in-Videos-5abac76/Subject 2/Fall/15.mp4,Subject_2,1,subject2_fall_15,fallen,2,1,9.54,11.66,train,/content/drive/MyDrive/fall_detection_project/pose_cache/pose_v2_yolo11n_T32_C8_batch32_fp16/GMDCSA24_34b80f13d41fd04be88b.npz,False,pose_v2_yolo11n_T32_C8_batch32_fp16
GMDCSA24,/content/fall_detection_work/GMDCSA24/ekramalam-GMDCSA24-A-Dataset-for-Human-Fall-Detection-in-Videos-5abac76/Subject 2/Fall/19.mp4,Subject_2,1,subject2_fall_19,fallen,2,1,9.7,15.52,train,/content/drive/MyDrive/fall_detection_project/pose_cache/pose_v2_yolo11n_T32_C8_batch32_fp16/GMDCSA24_1308e23d7bd44ab09c20.npz,False,pose_v2_yolo11n_T32_C8_batch32_fp16
GMDCSA24,/content/fall_detection_work/GMDCSA24/ekramalam-GMDCSA24-A-Dataset-for-Human-Fall-Detection-in-Videos-5abac76/Subject 2/ADL/20.mp4,Subject_2,1,subject2_adl_20,sitting,4,0,10.22,11.66,train,/content/drive/MyDrive/fall_detection_project/pose_cache/pose_v2_yolo11n_T32_C8_batch32_fp16/GMDCSA24_7b3206522690d15b4d5e.npz,False,pose_v2_yolo11n_T32_C8_batch32_fp16
GMDCSA24,/content/fall_detection_work/GMDCSA24/ekramalam-GMDCSA24-A-Dataset-for-Human-Fall-Detection-in-Videos-5abac76/Subject 2/ADL/16.mp4,Subject_2,1,subject2_adl_16,lying,6,0,10.24,11.6,train,/content/drive/MyDrive/fall_detection_project/pose_cache/pose_v2_yolo11n_T32_C8_batch32_fp16/GMDCSA24_c2245e4c186c8a1b7a5d.npz,False,pose_v2_yolo11n_T32_C8_batch32_fp16
GMDCSA24,/content/fall_detection_work/GMDCSA24/ekramalam-GMDCSA24-A-Dataset-for-Human-Fall-Detection-in-Videos-5abac76/Subject 2/ADL/05.mp4,Subject_2,1,subject2_adl_05,sit_down,3,0,10.38,10.823,train,/content/drive/MyDrive/fall_detection_project/pose_cache/pose_v2_yolo11n_T32_C8_batch32_fp16/GMDCSA24_f5b9a3d5090b80203879.npz,False,pose_v2_yolo11n_T32_C8_batch32_fp16
GMDCSA24,/content/fall_detection_work/GMDCSA24/ekramalam-GMDCSA24-A-Dataset-for-Human-Fall-Detection-in-Videos-5abac76/Subject 2/ADL/03.mp4,Subject_2,1,subject2_adl_03,lying,6,0,10.5,11.94,train,/content/drive/MyDrive/fall_detection_project/pose_cache/pose_v2_yolo11n_T32_C8_batch32_fp16/GMDCSA24_96e2f4cdb8a31b85658d.npz,False,pose_v2_yolo11n_T32_C8_batch32_fp16
GMDCSA24,/content/fall_detection_work/GMDCSA24/ekramalam-GMDCSA24-A-Dataset-for-Human-Fall-Detection-in-Videos-5abac76/Subject 2/ADL/08.mp4,Subject_2,1,subject2_adl_08,standing,8,0,11.02,13.66,train,/content/drive/MyDrive/fall_detection_project/pose_cache/pose_v2_yolo11n_T32_C8_batch32_fp16/GMDCSA24_32f1a38b58243f953c3e.npz,False,pose_v2_yolo11n_T32_C8_batch32_fp16
GMDCSA24,/content/fall_detection_work/GMDCSA24/ekramalam-GMDCSA24-A-Dataset-for-Human-Fall-Detection-in-Videos-5abac76/Subject 2/Fall/18.mp4,Subject_2,1,subject2_fall_18,fallen,2,1,11.16,11.553,train,/content/drive/MyDrive/fall_detection_project/pose_cache/pose_v2_yolo11n_T32_C8_batch32_fp16/GMDCSA24_31e39d459ab983be6de5.npz,False,pose_v2_yolo11n_T32_C8_batch32_fp16
GMDCSA24,/content/fall_detection_work/GMDCSA24/ekramalam-GMDCSA24-A-Dataset-for-Human-Fall-Detection-in-Videos-5abac76/Subject 3/ADL/21.mp4,Subject_3,1,subject3_adl_21,other,9,0,0.0,5.54931,val,/content/drive/MyDrive/fall_detection_project/pose_cache/pose_v2_yolo11n_T32_C8_batch32_fp16/GMDCSA24_76ecfe1c1dcf31701a4a.npz,False,pose_v2_yolo11n_T32_C8_batch32_fp16
GMDCSA24,/content/fall_detection_work/GMDCSA24/ekramalam-GMDCSA24-A-Dataset-for-Human-Fall-Detection-in-Videos-5abac76/Subject 3/ADL/22.mp4,Subject_3,1,subject3_adl_22,sitting,4,0,0.0,9.0,val,/content/drive/MyDrive/fall_detection_project/pose_cache/pose_v2_yolo11n_T32_C8_batch32_fp16/GMDCSA24_d5c4998d04b9a9ab542e.npz,False,pose_v2_yolo11n_T32_C8_batch32_fp16
GMDCSA24,/content/fall_detection_work/GMDCSA24/ekramalam-GMDCSA24-A-Dataset-for-Human-Fall-Detection-in-Videos-5abac76/Subject 3/Fall/01.mp4,Subject_3,1,subject3_fall_01,fall,1,1,0.0,1.73681,val,/content/drive/MyDrive/fall_detection_project/pose_cache/pose_v2_yolo11n_T32_C8_batch32_fp16/GMDCSA24_84465aa8cc3de0237188.npz,False,pose_v2_yolo11n_T32_C8_batch32_fp16
GMDCSA24,/content/fall_detection_work/GMDCSA24/ekramalam-GMDCSA24-A-Dataset-for-Human-Fall-Detection-in-Videos-5abac76/Subject 3/Fall/02.mp4,Subject_3,1,subject3_fall_02,walk,0,0,0.0,1.3,val,/content/drive/MyDrive/fall_detection_project/pose_cache/pose_v2_yolo11n_T32_C8_batch32_fp16/GMDCSA24_9896709c6e121db57735.npz,False,pose_v2_yolo11n_T32_C8_batch32_fp16
GMDCSA24,/content/fall_detection_work/GMDCSA24/ekramalam-GMDCSA24-A-Dataset-for-Human-Fall-Detection-in-Videos-5abac76/Subject 3/Fall/03.mp4,Subject_3,1,subject3_fall_03,standing,8,0,0.0,1.34097,val,/content/drive/MyDrive/fall_detection_project/pose_cache/pose_v2_yolo11n_T32_C8_batch32_fp16/GMDCSA24_224e662ea21a442e1f14.npz,False,pose_v2_yolo11n_T32_C8_batch32_fp16
GMDCSA24,/content/fall_detection_work/GMDCSA24/ekramalam-GMDCSA24-A-Dataset-for-Human-Fall-Detection-in-Videos-5abac76/Subject 3/Fall/04.mp4,Subject_3,1,subject3_fall_04,walk,0,0,0.0,1.2,val,/content/drive/MyDrive/fall_detection_project/pose_cache/pose_v2_yolo11n_T32_C8_batch32_fp16/GMDCSA24_310c35ac1fc0aa74d087.npz,False,pose_v2_yolo11n_T32_C8_batch32_fp16
GMDCSA24,/content/fall_detection_work/GMDCSA24/ekramalam-GMDCSA24-A-Dataset-for-Human-Fall-Detection-in-Videos-5abac76/Subject 3/Fall/05.mp4,Subject_3,1,subject3_fall_05,standing,8,0,0.0,3.0,val,/content/drive/MyDrive/fall_detection_project/pose_cache/pose_v2_yolo11n_T32_C8_batch32_fp16/GMDCSA24_dcdab6c75be76d7ae432.npz,False,pose_v2_yolo11n_T32_C8_batch32_fp16
GMDCSA24,/content/fall_detection_work/GMDCSA24/ekramalam-GMDCSA24-A-Dataset-for-Human-Fall-Detection-in-Videos-5abac76/Subject 3/Fall/06.mp4,Subject_3,1,subject3_fall_06,fall,1,1,0.0,1.697,val,/content/drive/MyDrive/fall_detection_project/pose_cache/pose_v2_yolo11n_T32_C8_batch32_fp16/GMDCSA24_1e3065552fb51ac0efb4.npz,False,pose_v2_yolo11n_T32_C8_batch32_fp16
GMDCSA24,/content/fall_detection_work/GMDCSA24/ekramalam-GMDCSA24-A-Dataset-for-Human-Fall-Detection-in-Videos-5abac76/Subject 3/Fall/07.mp4,Subject_3,1,subject3_fall_07,standing,8,0,0.0,1.0,val,/content/drive/MyDrive/fall_detection_project/pose_cache/pose_v2_yolo11n_T32_C8_batch32_fp16/GMDCSA24_f500beb60422996d9f4b.npz,False,pose_v2_yolo11n_T32_C8_batch32_fp16
GMDCSA24,/content/fall_detection_work/GMDCSA24/ekramalam-GMDCSA24-A-Dataset-for-Human-Fall-Detection-in-Videos-5abac76/Subject 3/Fall/08.mp4,Subject_3,1,subject3_fall_08,fall,1,1,0.0,2.61181,val,/content/drive/MyDrive/fall_detection_project/pose_cache/pose_v2_yolo11n_T32_C8_batch32_fp16/GMDCSA24_255031ddab24c1252106.npz,False,pose_v2_yolo11n_T32_C8_batch32_fp16
GMDCSA24,/content/fall_detection_work/GMDCSA24/ekramalam-GMDCSA24-A-Dataset-for-Human-Fall-Detection-in-Videos-5abac76/Subject 3/Fall/09.mp4,Subject_3,1,subject3_fall_09,sitting,4,0,0.0,3.4,val,/content/drive/MyDrive/fall_detection_project/pose_cache/pose_v2_yolo11n_T32_C8_batch32_fp16/GMDCSA24_9e61323a1db415e93ad5.npz,False,pose_v2_yolo11n_T32_C8_batch32_fp16
GMDCSA24,/content/fall_detection_work/GMDCSA24/ekramalam-GMDCSA24-A-Dataset-for-Human-Fall-Detection-in-Videos-5abac76/Subject 3/Fall/11.mp4,Subject_3,1,subject3_fall_11,standing,8,0,0.0,2.65347,val,/content/drive/MyDrive/fall_detection_project/pose_cache/pose_v2_yolo11n_T32_C8_batch32_fp16/GMDCSA24_b8e62ce9579818b318aa.npz,False,pose_v2_yolo11n_T32_C8_batch32_fp16
GMDCSA24,/content/fall_detection_work/GMDCSA24/ekramalam-GMDCSA24-A-Dataset-for-Human-Fall-Detection-in-Videos-5abac76/Subject 3/Fall/13.mp4,Subject_3,1,subject3_fall_13,sitting,4,0,0.0,1.17431,val,/content/drive/MyDrive/fall_detection_project/pose_cache/pose_v2_yolo11n_T32_C8_batch32_fp16/GMDCSA24_dfc2974aa389a2fbe671.npz,False,pose_v2_yolo11n_T32_C8_batch32_fp16
GMDCSA24,/content/fall_detection_work/GMDCSA24/ekramalam-GMDCSA24-A-Dataset-for-Human-Fall-Detection-in-Videos-5abac76/Subject 3/Fall/14.mp4,Subject_3,1,subject3_fall_14,walk,0,0,0.0,4.6,val,/content/drive/MyDrive/fall_detection_project/pose_cache/pose_v2_yolo11n_T32_C8_batch32_fp16/GMDCSA24_a774fd1760b44c724ddd.npz,False,pose_v2_yolo11n_T32_C8_batch32_fp16
GMDCSA24,/content/fall_detection_work/GMDCSA24/ekramalam-GMDCSA24-A-Dataset-for-Human-Fall-Detection-in-Videos-5abac76/Subject 3/Fall/15.mp4,Subject_3,1,subject3_fall_15,standing,8,0,0.0,1.8,val,/content/drive/MyDrive/fall_detection_project/pose_cache/pose_v2_yolo11n_T32_C8_batch32_fp16/GMDCSA24_074901d4f7029ca7897d.npz,False,pose_v2_yolo11n_T32_C8_batch32_fp16
GMDCSA24,/content/fall_detection_work/GMDCSA24/ekramalam-GMDCSA24-A-Dataset-for-Human-Fall-Detection-in-Videos-5abac76/Subject 3/Fall/16.mp4,Subject_3,1,subject3_fall_16,walk,0,0,0.0,1.7,val,/content/drive/MyDrive/fall_detection_project/pose_cache/pose_v2_yolo11n_T32_C8_batch32_fp16/GMDCSA24_6e8b882f331069f60d87.npz,False,pose_v2_yolo11n_T32_C8_batch32_fp16
GMDCSA24,/content/fall_detection_work/GMDCSA24/ekramalam-GMDCSA24-A-Dataset-for-Human-Fall-Detection-in-Videos-5abac76/Subject 3/Fall/17.mp4,Subject_3,1,subject3_fall_17,sitting,4,0,0.0,1.4,val,/content/drive/MyDrive/fall_detection_project/pose_cache/pose_v2_yolo11n_T32_C8_batch32_fp16/GMDCSA24_febc23d259ad85e5d403.npz,False,pose_v2_yolo11n_T32_C8_batch32_fp16
GMDCSA24,/content/fall_detection_work/GMDCSA24/ekramalam-GMDCSA24-A-Dataset-for-Human-Fall-Detection-in-Videos-5abac76/Subject 3/Fall/18.mp4,Subject_3,1,subject3_fall_18,sitting,4,0,0.0,2.36181,val,/content/drive/MyDrive/fall_detection_project/pose_cache/pose_v2_yolo11n_T32_C8_batch32_fp16/GMDCSA24_e9ca1a0c178f6a14d995.npz,False,pose_v2_yolo11n_T32_C8_batch32_fp16
GMDCSA24,/content/fall_detection_work/GMDCSA24/ekramalam-GMDCSA24-A-Dataset-for-Human-Fall-Detection-in-Videos-5abac76/Subject 3/Fall/12.mp4,Subject_3,1,subject3_fall_12,other,9,0,0.0,1.65347,val,/content/drive/MyDrive/fall_detection_project/pose_cache/pose_v2_yolo11n_T32_C8_batch32_fp16/GMDCSA24_aadeee5353b7a503c8eb.npz,False,pose_v2_yolo11n_T32_C8_batch32_fp16
GMDCSA24,/content/fall_detection_work/GMDCSA24/ekramalam-GMDCSA24-A-Dataset-for-Human-Fall-Detection-in-Videos-5abac76/Subject 3/Fall/19.mp4,Subject_3,1,subject3_fall_19,standing,8,0,0.0,1.9,val,/content/drive/MyDrive/fall_detection_project/pose_cache/pose_v2_yolo11n_T32_C8_batch32_fp16/GMDCSA24_864102dde59015dfbfb5.npz,False,pose_v2_yolo11n_T32_C8_batch32_fp16
GMDCSA24,/content/fall_detection_work/GMDCSA24/ekramalam-GMDCSA24-A-Dataset-for-Human-Fall-Detection-in-Videos-5abac76/Subject 3/Fall/20.mp4,Subject_3,1,subject3_fall_20,walk,0,0,0.0,2.2,val,/content/drive/MyDrive/fall_detection_project/pose_cache/pose_v2_yolo11n_T32_C8_batch32_fp16/GMDCSA24_bf8853172d33d03ac458.npz,False,pose_v2_yolo11n_T32_C8_batch32_fp16
GMDCSA24,/content/fall_detection_work/GMDCSA24/ekramalam-GMDCSA24-A-Dataset-for-Human-Fall-Detection-in-Videos-5abac76/Subject 3/ADL/01.mp4,Subject_3,1,subject3_adl_01,sitting,4,0,0.0,8.75064,val,/content/drive/MyDrive/fall_detection_project/pose_cache/pose_v2_yolo11n_T32_C8_batch32_fp16/GMDCSA24_69e5b03e4b5f097b1ddb.npz,False,pose_v2_yolo11n_T32_C8_batch32_fp16
GMDCSA24,/content/fall_detection_work/GMDCSA24/ekramalam-GMDCSA24-A-Dataset-for-Human-Fall-Detection-in-Videos-5abac76/Subject 3/ADL/02.mp4,Subject_3,1,subject3_adl_02,other,9,0,0.0,9.12847,val,/content/drive/MyDrive/fall_detection_project/pose_cache/pose_v2_yolo11n_T32_C8_batch32_fp16/GMDCSA24_b7a03850a2e9e44d61c9.npz,False,pose_v2_yolo11n_T32_C8_batch32_fp16
GMDCSA24,/content/fall_detection_work/GMDCSA24/ekramalam-GMDCSA24-A-Dataset-for-Human-Fall-Detection-in-Videos-5abac76/Subject 3/ADL/03.mp4,Subject_3,1,subject3_adl_03,lying,6,0,0.0,0.36181,val,/content/drive/MyDrive/fall_detection_project/pose_cache/pose_v2_yolo11n_T32_C8_batch32_fp16/GMDCSA24_02339e1ef1e35282bd22.npz,False,pose_v2_yolo11n_T32_C8_batch32_fp16
GMDCSA24,/content/fall_detection_work/GMDCSA24/ekramalam-GMDCSA24-A-Dataset-for-Human-Fall-Detection-in-Videos-5abac76/Subject 3/ADL/05.mp4,Subject_3,1,subject3_adl_05,other,9,0,0.0,5.16,val,/content/drive/MyDrive/fall_detection_project/pose_cache/pose_v2_yolo11n_T32_C8_batch32_fp16/GMDCSA24_5027a3f063e5e7abe80e.npz,False,pose_v2_yolo11n_T32_C8_batch32_fp16
GMDCSA24,/content/fall_detection_work/GMDCSA24/ekramalam-GMDCSA24-A-Dataset-for-Human-Fall-Detection-in-Videos-5abac76/Subject 3/ADL/06.mp4,Subject_3,1,subject3_adl_06,other,9,0,0.0,5.1,val,/content/drive/MyDrive/fall_detection_project/pose_cache/pose_v2_yolo11n_T32_C8_batch32_fp16/GMDCSA24_25151317854cb25e33b4.npz,False,pose_v2_yolo11n_T32_C8_batch32_fp16
GMDCSA24,/content/fall_detection_work/GMDCSA24/ekramalam-GMDCSA24-A-Dataset-for-Human-Fall-Detection-in-Videos-5abac76/Subject 3/ADL/09.mp4,Subject_3,1,subject3_adl_09,stand_up,7,0,0.0,7.77514,val,/content/drive/MyDrive/fall_detection_project/pose_cache/pose_v2_yolo11n_T32_C8_batch32_fp16/GMDCSA24_ab1e114ed675d81fbf4c.npz,False,pose_v2_yolo11n_T32_C8_batch32_fp16
GMDCSA24,/content/fall_detection_work/GMDCSA24/ekramalam-GMDCSA24-A-Dataset-for-Human-Fall-Detection-in-Videos-5abac76/Subject 3/ADL/11.mp4,Subject_3,1,subject3_adl_11,walk,0,0,0.0,2.7,val,/content/drive/MyDrive/fall_detection_project/pose_cache/pose_v2_yolo11n_T32_C8_batch32_fp16/GMDCSA24_cbea6998e4b7c9166c3e.npz,False,pose_v2_yolo11n_T32_C8_batch32_fp16
GMDCSA24,/content/fall_detection_work/GMDCSA24/ekramalam-GMDCSA24-A-Dataset-for-Human-Fall-Detection-in-Videos-5abac76/Subject 3/ADL/15.mp4,Subject_3,1,subject3_adl_15,sitting,4,0,0.0,7.68,val,/content/drive/MyDrive/fall_detection_project/pose_cache/pose_v2_yolo11n_T32_C8_batch32_fp16/GMDCSA24_c40c857b3321859822c5.npz,False,pose_v2_yolo11n_T32_C8_batch32_fp16
GMDCSA24,/content/fall_detection_work/GMDCSA24/ekramalam-GMDCSA24-A-Dataset-for-Human-Fall-Detection-in-Videos-5abac76/Subject 3/ADL/16.mp4,Subject_3,1,subject3_adl_16,sitting,4,0,0.0,10.26,val,/content/drive/MyDrive/fall_detection_project/pose_cache/pose_v2_yolo11n_T32_C8_batch32_fp16/GMDCSA24_66515fde15dda50a2bfb.npz,False,pose_v2_yolo11n_T32_C8_batch32_fp16
GMDCSA24,/content/fall_detection_work/GMDCSA24/ekramalam-GMDCSA24-A-Dataset-for-Human-Fall-Detection-in-Videos-5abac76/Subject 3/ADL/17.mp4,Subject_3,1,subject3_adl_17,sitting,4,0,0.0,1.50764,val,/content/drive/MyDrive/fall_detection_project/pose_cache/pose_v2_yolo11n_T32_C8_batch32_fp16/GMDCSA24_d999b2fadf639985b4d4.npz,False,pose_v2_yolo11n_T32_C8_batch32_fp16
GMDCSA24,/content/fall_detection_work/GMDCSA24/ekramalam-GMDCSA24-A-Dataset-for-Human-Fall-Detection-in-Videos-5abac76/Subject 3/ADL/18.mp4,Subject_3,1,subject3_adl_18,walk,0,0,0.0,0.5,val,/content/drive/MyDrive/fall_detection_project/pose_cache/pose_v2_yolo11n_T32_C8_batch32_fp16/GMDCSA24_cdb2ee8a2c20acf7725f.npz,False,pose_v2_yolo11n_T32_C8_batch32_fp16
GMDCSA24,/content/fall_detection_work/GMDCSA24/ekramalam-GMDCSA24-A-Dataset-for-Human-Fall-Detection-in-Videos-5abac76/Subject 3/ADL/20.mp4,Subject_3,1,subject3_adl_20,sitting,4,0,0.0,9.34097,val,/content/drive/MyDrive/fall_detection_project/pose_cache/pose_v2_yolo11n_T32_C8_batch32_fp16/GMDCSA24_23740ec06cf06212c4f2.npz,False,pose_v2_yolo11n_T32_C8_batch32_fp16
GMDCSA24,/content/fall_detection_work/GMDCSA24/ekramalam-GMDCSA24-A-Dataset-for-Human-Fall-Detection-in-Videos-5abac76/Subject 3/ADL/04.mp4,Subject_3,1,subject3_adl_04,other,9,0,0.0,3.17431,val,/content/drive/MyDrive/fall_detection_project/pose_cache/pose_v2_yolo11n_T32_C8_batch32_fp16/GMDCSA24_0125d881df171fe6d8a2.npz,False,pose_v2_yolo11n_T32_C8_batch32_fp16
GMDCSA24,/content/fall_detection_work/GMDCSA24/ekramalam-GMDCSA24-A-Dataset-for-Human-Fall-Detection-in-Videos-5abac76/Subject 3/ADL/08.mp4,Subject_3,1,subject3_adl_08,lie_down,5,0,0.0,3.71597,val,/content/drive/MyDrive/fall_detection_project/pose_cache/pose_v2_yolo11n_T32_C8_batch32_fp16/GMDCSA24_1d38721d425dddff393b.npz,False,pose_v2_yolo11n_T32_C8_batch32_fp16
GMDCSA24,/content/fall_detection_work/GMDCSA24/ekramalam-GMDCSA24-A-Dataset-for-Human-Fall-Detection-in-Videos-5abac76/Subject 3/ADL/13.mp4,Subject_3,1,subject3_adl_13,sit_down,3,0,0.0,2.25764,val,/content/drive/MyDrive/fall_detection_project/pose_cache/pose_v2_yolo11n_T32_C8_batch32_fp16/GMDCSA24_f93c3bc15294f0921bcf.npz,False,pose_v2_yolo11n_T32_C8_batch32_fp16
GMDCSA24,/content/fall_detection_work/GMDCSA24/ekramalam-GMDCSA24-A-Dataset-for-Human-Fall-Detection-in-Videos-5abac76/Subject 3/Fall/21.mp4,Subject_3,1,subject3_fall_21,other,9,0,0.173,1.21597,val,/content/drive/MyDrive/fall_detection_project/pose_cache/pose_v2_yolo11n_T32_C8_batch32_fp16/GMDCSA24_211e8f5c32dff413fb18.npz,False,pose_v2_yolo11n_T32_C8_batch32_fp16
GMDCSA24,/content/fall_detection_work/GMDCSA24/ekramalam-GMDCSA24-A-Dataset-for-Human-Fall-Detection-in-Videos-5abac76/Subject 3/ADL/07.mp4,Subject_3,1,subject3_adl_07,other,9,0,0.176,1.67958,val,/content/drive/MyDrive/fall_detection_project/pose_cache/pose_v2_yolo11n_T32_C8_batch32_fp16/GMDCSA24_41af0dc9553d3ce240c5.npz,False,pose_v2_yolo11n_T32_C8_batch32_fp16
GMDCSA24,/content/fall_detection_work/GMDCSA24/ekramalam-GMDCSA24-A-Dataset-for-Human-Fall-Detection-in-Videos-5abac76/Subject 3/ADL/10.mp4,Subject_3,1,subject3_adl_10,walk,0,0,0.193,2.341,val,/content/drive/MyDrive/fall_detection_project/pose_cache/pose_v2_yolo11n_T32_C8_batch32_fp16/GMDCSA24_2e8b8d7280bab78686b9.npz,False,pose_v2_yolo11n_T32_C8_batch32_fp16
GMDCSA24,/content/fall_detection_work/GMDCSA24/ekramalam-GMDCSA24-A-Dataset-for-Human-Fall-Detection-in-Videos-5abac76/Subject 3/Fall/10.mp4,Subject_3,1,subject3_fall_10,other,9,0,0.214,1.67431,val,/content/drive/MyDrive/fall_detection_project/pose_cache/pose_v2_yolo11n_T32_C8_batch32_fp16/GMDCSA24_8468706074845408df4f.npz,False,pose_v2_yolo11n_T32_C8_batch32_fp16
GMDCSA24,/content/fall_detection_work/GMDCSA24/ekramalam-GMDCSA24-A-Dataset-for-Human-Fall-Detection-in-Videos-5abac76/Subject 3/ADL/14.mp4,Subject_3,1,subject3_adl_14,sit_down,3,0,0.246,2.48681,val,/content/drive/MyDrive/fall_detection_project/pose_cache/pose_v2_yolo11n_T32_C8_batch32_fp16/GMDCSA24_54894ff423db9287865a.npz,False,pose_v2_yolo11n_T32_C8_batch32_fp16
GMDCSA24,/content/fall_detection_work/GMDCSA24/ekramalam-GMDCSA24-A-Dataset-for-Human-Fall-Detection-in-Videos-5abac76/Subject 3/ADL/19.mp4,Subject_3,1,subject3_adl_19,other,9,0,0.255,1.82014,val,/content/drive/MyDrive/fall_detection_project/pose_cache/pose_v2_yolo11n_T32_C8_batch32_fp16/GMDCSA24_8d6eb74f09ef6b569926.npz,False,pose_v2_yolo11n_T32_C8_batch32_fp16
GMDCSA24,/content/fall_detection_work/GMDCSA24/ekramalam-GMDCSA24-A-Dataset-for-Human-Fall-Detection-in-Videos-5abac76/Subject 3/ADL/12.mp4,Subject_3,1,subject3_adl_12,sit_down,3,0,0.322,2.88264,val,/content/drive/MyDrive/fall_detection_project/pose_cache/pose_v2_yolo11n_T32_C8_batch32_fp16/GMDCSA24_7ba038bcab97c9e3aa11.npz,False,pose_v2_yolo11n_T32_C8_batch32_fp16
GMDCSA24,/content/fall_detection_work/GMDCSA24/ekramalam-GMDCSA24-A-Dataset-for-Human-Fall-Detection-in-Videos-5abac76/Subject 3/ADL/03.mp4,Subject_3,1,subject3_adl_03,stand_up,7,0,0.362,3.82014,val,/content/drive/MyDrive/fall_detection_project/pose_cache/pose_v2_yolo11n_T32_C8_batch32_fp16/GMDCSA24_5b0df2ddcc350710f5a1.npz,False,pose_v2_yolo11n_T32_C8_batch32_fp16
GMDCSA24,/content/fall_detection_work/GMDCSA24/ekramalam-GMDCSA24-A-Dataset-for-Human-Fall-Detection-in-Videos-5abac76/Subject 3/ADL/18.mp4,Subject_3,1,subject3_adl_18,sit_down,3,0,0.6,1.90347,val,/content/drive/MyDrive/fall_detection_project/pose_cache/pose_v2_yolo11n_T32_C8_batch32_fp16/GMDCSA24_237652ce6930f1c06d18.npz,False,pose_v2_yolo11n_T32_C8_batch32_fp16
GMDCSA24,/content/fall_detection_work/GMDCSA24/ekramalam-GMDCSA24-A-Dataset-for-Human-Fall-Detection-in-Videos-5abac76/Subject 3/Fall/07.mp4,Subject_3,1,subject3_fall_07,fall,1,1,1.0,3.86181,val,/content/drive/MyDrive/fall_detection_project/pose_cache/pose_v2_yolo11n_T32_C8_batch32_fp16/GMDCSA24_18a2e22bd1e86b2efd19.npz,False,pose_v2_yolo11n_T32_C8_batch32_fp16
GMDCSA24,/content/fall_detection_work/GMDCSA24/ekramalam-GMDCSA24-A-Dataset-for-Human-Fall-Detection-in-Videos-5abac76/Subject 3/Fall/13.mp4,Subject_3,1,subject3_fall_13,fall,1,1,1.174,2.57014,val,/content/drive/MyDrive/fall_detection_project/pose_cache/pose_v2_yolo11n_T32_C8_batch32_fp16/GMDCSA24_4cbe10f4ae70819148d3.npz,False,pose_v2_yolo11n_T32_C8_batch32_fp16
GMDCSA24,/content/fall_detection_work/GMDCSA24/ekramalam-GMDCSA24-A-Dataset-for-Human-Fall-Detection-in-Videos-5abac76/Subject 3/Fall/04.mp4,Subject_3,1,subject3_fall_04,fall,1,1,1.2,2.88264,val,/content/drive/MyDrive/fall_detection_project/pose_cache/pose_v2_yolo11n_T32_C8_batch32_fp16/GMDCSA24_52f844305b57d22386af.npz,False,pose_v2_yolo11n_T32_C8_batch32_fp16
GMDCSA24,/content/fall_detection_work/GMDCSA24/ekramalam-GMDCSA24-A-Dataset-for-Human-Fall-Detection-in-Videos-5abac76/Subject 3/Fall/21.mp4,Subject_3,1,subject3_fall_21,standing,8,0,1.216,3.00764,val,/content/drive/MyDrive/fall_detection_project/pose_cache/pose_v2_yolo11n_T32_C8_batch32_fp16/GMDCSA24_2091a30fd04a177852f0.npz,False,pose_v2_yolo11n_T32_C8_batch32_fp16
GMDCSA24,/content/fall_detection_work/GMDCSA24/ekramalam-GMDCSA24-A-Dataset-for-Human-Fall-Detection-in-Videos-5abac76/Subject 3/Fall/02.mp4,Subject_3,1,subject3_fall_02,standing,8,0,1.3,2.2,val,/content/drive/MyDrive/fall_detection_project/pose_cache/pose_v2_yolo11n_T32_C8_batch32_fp16/GMDCSA24_dfc60966d172158bff8d.npz,False,pose_v2_yolo11n_T32_C8_batch32_fp16
GMDCSA24,/content/fall_detection_work/GMDCSA24/ekramalam-GMDCSA24-A-Dataset-for-Human-Fall-Detection-in-Videos-5abac76/Subject 3/Fall/03.mp4,Subject_3,1,subject3_fall_03,fall,1,1,1.341,4.09097,val,/content/drive/MyDrive/fall_detection_project/pose_cache/pose_v2_yolo11n_T32_C8_batch32_fp16/GMDCSA24_78bfa308a583dcf257c7.npz,False,pose_v2_yolo11n_T32_C8_batch32_fp16
GMDCSA24,/content/fall_detection_work/GMDCSA24/ekramalam-GMDCSA24-A-Dataset-for-Human-Fall-Detection-in-Videos-5abac76/Subject 3/Fall/17.mp4,Subject_3,1,subject3_fall_17,fall,1,1,1.4,3.15347,val,/content/drive/MyDrive/fall_detection_project/pose_cache/pose_v2_yolo11n_T32_C8_batch32_fp16/GMDCSA24_1b24f01cf450390b0618.npz,False,pose_v2_yolo11n_T32_C8_batch32_fp16
GMDCSA24,/content/fall_detection_work/GMDCSA24/ekramalam-GMDCSA24-A-Dataset-for-Human-Fall-Detection-in-Videos-5abac76/Subject 3/ADL/17.mp4,Subject_3,1,subject3_adl_17,other,9,0,1.508,4.75764,val,/content/drive/MyDrive/fall_detection_project/pose_cache/pose_v2_yolo11n_T32_C8_batch32_fp16/GMDCSA24_2c5274d31a1bb6b28944.npz,False,pose_v2_yolo11n_T32_C8_batch32_fp16
GMDCSA24,/content/fall_detection_work/GMDCSA24/ekramalam-GMDCSA24-A-Dataset-for-Human-Fall-Detection-in-Videos-5abac76/Subject 3/Fall/12.mp4,Subject_3,1,subject3_fall_12,fall,1,1,1.653,4.25597,val,/content/drive/MyDrive/fall_detection_project/pose_cache/pose_v2_yolo11n_T32_C8_batch32_fp16/GMDCSA24_cd08ab703f124a2c83b1.npz,False,pose_v2_yolo11n_T32_C8_batch32_fp16
GMDCSA24,/content/fall_detection_work/GMDCSA24/ekramalam-GMDCSA24-A-Dataset-for-Human-Fall-Detection-in-Videos-5abac76/Subject 3/ADL/07.mp4,Subject_3,1,subject3_adl_07,standing,8,0,1.68,2.20458,val,/content/drive/MyDrive/fall_detection_project/pose_cache/pose_v2_yolo11n_T32_C8_batch32_fp16/GMDCSA24_37d37bf23053802c356e.npz,False,pose_v2_yolo11n_T32_C8_batch32_fp16
GMDCSA24,/content/fall_detection_work/GMDCSA24/ekramalam-GMDCSA24-A-Dataset-for-Human-Fall-Detection-in-Videos-5abac76/Subject 3/Fall/06.mp4,Subject_3,1,subject3_fall_06,fallen,2,1,1.697,5.58681,val,/content/drive/MyDrive/fall_detection_project/pose_cache/pose_v2_yolo11n_T32_C8_batch32_fp16/GMDCSA24_a4c07436a0af93c2c8b0.npz,False,pose_v2_yolo11n_T32_C8_batch32_fp16
GMDCSA24,/content/fall_detection_work/GMDCSA24/ekramalam-GMDCSA24-A-Dataset-for-Human-Fall-Detection-in-Videos-5abac76/Subject 3/Fall/10.mp4,Subject_3,1,subject3_fall_10,fall,1,1,1.7,2.67431,val,/content/drive/MyDrive/fall_detection_project/pose_cache/pose_v2_yolo11n_T32_C8_batch32_fp16/GMDCSA24_67a22e050bffdc63ef54.npz,False,pose_v2_yolo11n_T32_C8_batch32_fp16
GMDCSA24,/content/fall_detection_work/GMDCSA24/ekramalam-GMDCSA24-A-Dataset-for-Human-Fall-Detection-in-Videos-5abac76/Subject 3/Fall/16.mp4,Subject_3,1,subject3_fall_16,fall,1,1,1.7,3.77847,val,/content/drive/MyDrive/fall_detection_project/pose_cache/pose_v2_yolo11n_T32_C8_batch32_fp16/GMDCSA24_bb837d26b9ae3a6d4484.npz,False,pose_v2_yolo11n_T32_C8_batch32_fp16
GMDCSA24,/content/fall_detection_work/GMDCSA24/ekramalam-GMDCSA24-A-Dataset-for-Human-Fall-Detection-in-Videos-5abac76/Subject 3/Fall/01.mp4,Subject_3,1,subject3_fall_01,fallen,2,1,1.737,3.79764,val,/content/drive/MyDrive/fall_detection_project/pose_cache/pose_v2_yolo11n_T32_C8_batch32_fp16/GMDCSA24_153aaff35ad520ba454f.npz,False,pose_v2_yolo11n_T32_C8_batch32_fp16
GMDCSA24,/content/fall_detection_work/GMDCSA24/ekramalam-GMDCSA24-A-Dataset-for-Human-Fall-Detection-in-Videos-5abac76/Subject 3/ADL/19.mp4,Subject_3,1,subject3_adl_19,walk,0,0,1.82,2.69514,val,/content/drive/MyDrive/fall_detection_project/pose_cache/pose_v2_yolo11n_T32_C8_batch32_fp16/GMDCSA24_642eba66f21c949c0e20.npz,False,pose_v2_yolo11n_T32_C8_batch32_fp16
GMDCSA24,/content/fall_detection_work/GMDCSA24/ekramalam-GMDCSA24-A-Dataset-for-Human-Fall-Detection-in-Videos-5abac76/Subject 3/Fall/15.mp4,Subject_3,1,subject3_fall_15,fall,1,1,1.9,4.25764,val,/content/drive/MyDrive/fall_detection_project/pose_cache/pose_v2_yolo11n_T32_C8_batch32_fp16/GMDCSA24_532163e246fcfeaef7d3.npz,False,pose_v2_yolo11n_T32_C8_batch32_fp16
GMDCSA24,/content/fall_detection_work/GMDCSA24/ekramalam-GMDCSA24-A-Dataset-for-Human-Fall-Detection-in-Videos-5abac76/Subject 3/ADL/18.mp4,Subject_3,1,subject3_adl_18,sitting,4,0,1.903,5.07014,val,/content/drive/MyDrive/fall_detection_project/pose_cache/pose_v2_yolo11n_T32_C8_batch32_fp16/GMDCSA24_ca750fe59f33a223c5e1.npz,False,pose_v2_yolo11n_T32_C8_batch32_fp16
GMDCSA24,/content/fall_detection_work/GMDCSA24/ekramalam-GMDCSA24-A-Dataset-for-Human-Fall-Detection-in-Videos-5abac76/Subject 3/Fall/19.mp4,Subject_3,1,subject3_fall_19,fall,1,1,2.0,4.02847,val,/content/drive/MyDrive/fall_detection_project/pose_cache/pose_v2_yolo11n_T32_C8_batch32_fp16/GMDCSA24_a8792f595416ed66d5d4.npz,False,pose_v2_yolo11n_T32_C8_batch32_fp16
GMDCSA24,/content/fall_detection_work/GMDCSA24/ekramalam-GMDCSA24-A-Dataset-for-Human-Fall-Detection-in-Videos-5abac76/Subject 3/ADL/07.mp4,Subject_3,1,subject3_adl_07,other,9,0,2.205,3.345,val,/content/drive/MyDrive/fall_detection_project/pose_cache/pose_v2_yolo11n_T32_C8_batch32_fp16/GMDCSA24_b7e478e211277ce06ec9.npz,False,pose_v2_yolo11n_T32_C8_batch32_fp16
GMDCSA24,/content/fall_detection_work/GMDCSA24/ekramalam-GMDCSA24-A-Dataset-for-Human-Fall-Detection-in-Videos-5abac76/Subject 3/ADL/13.mp4,Subject_3,1,subject3_adl_13,sitting,4,0,2.258,8.66764,val,/content/drive/MyDrive/fall_detection_project/pose_cache/pose_v2_yolo11n_T32_C8_batch32_fp16/GMDCSA24_a50b3ce93eb03c1a493c.npz,False,pose_v2_yolo11n_T32_C8_batch32_fp16
GMDCSA24,/content/fall_detection_work/GMDCSA24/ekramalam-GMDCSA24-A-Dataset-for-Human-Fall-Detection-in-Videos-5abac76/Subject 3/Fall/20.mp4,Subject_3,1,subject3_fall_20,fall,1,1,2.3,4.01798,val,/content/drive/MyDrive/fall_detection_project/pose_cache/pose_v2_yolo11n_T32_C8_batch32_fp16/GMDCSA24_f7045551ace2365a4cb6.npz,False,pose_v2_yolo11n_T32_C8_batch32_fp16
GMDCSA24,/content/fall_detection_work/GMDCSA24/ekramalam-GMDCSA24-A-Dataset-for-Human-Fall-Detection-in-Videos-5abac76/Subject 3/ADL/10.mp4,Subject_3,1,subject3_adl_10,standing,8,0,2.341,11.96597,val,/content/drive/MyDrive/fall_detection_project/pose_cache/pose_v2_yolo11n_T32_C8_batch32_fp16/GMDCSA24_6b0d53a0e3cfad6b8044.npz,False,pose_v2_yolo11n_T32_C8_batch32_fp16
GMDCSA24,/content/fall_detection_work/GMDCSA24/ekramalam-GMDCSA24-A-Dataset-for-Human-Fall-Detection-in-Videos-5abac76/Subject 3/Fall/18.mp4,Subject_3,1,subject3_fall_18,stand_up,7,0,2.362,4.07014,val,/content/drive/MyDrive/fall_detection_project/pose_cache/pose_v2_yolo11n_T32_C8_batch32_fp16/GMDCSA24_78b31f4000486df091fe.npz,False,pose_v2_yolo11n_T32_C8_batch32_fp16
GMDCSA24,/content/fall_detection_work/GMDCSA24/ekramalam-GMDCSA24-A-Dataset-for-Human-Fall-Detection-in-Videos-5abac76/Subject 3/ADL/14.mp4,Subject_3,1,subject3_adl_14,sitting,4,0,2.487,3.29931,val,/content/drive/MyDrive/fall_detection_project/pose_cache/pose_v2_yolo11n_T32_C8_batch32_fp16/GMDCSA24_724a1ea9bc05cfe57d48.npz,False,pose_v2_yolo11n_T32_C8_batch32_fp16
GMDCSA24,/content/fall_detection_work/GMDCSA24/ekramalam-GMDCSA24-A-Dataset-for-Human-Fall-Detection-in-Videos-5abac76/Subject 3/ADL/09.mp4,Subject_3,1,subject3_adl_09,sitting,4,0,2.5,6.0,val,/content/drive/MyDrive/fall_detection_project/pose_cache/pose_v2_yolo11n_T32_C8_batch32_fp16/GMDCSA24_c2c203d1ecdaa6315f6e.npz,False,pose_v2_yolo11n_T32_C8_batch32_fp16
GMDCSA24,/content/fall_detection_work/GMDCSA24/ekramalam-GMDCSA24-A-Dataset-for-Human-Fall-Detection-in-Videos-5abac76/Subject 3/Fall/13.mp4,Subject_3,1,subject3_fall_13,fallen,2,1,2.57,4.04181,val,/content/drive/MyDrive/fall_detection_project/pose_cache/pose_v2_yolo11n_T32_C8_batch32_fp16/GMDCSA24_775bf458c77ada07c572.npz,False,pose_v2_yolo11n_T32_C8_batch32_fp16
GMDCSA24,/content/fall_detection_work/GMDCSA24/ekramalam-GMDCSA24-A-Dataset-for-Human-Fall-Detection-in-Videos-5abac76/Subject 3/Fall/02.mp4,Subject_3,1,subject3_fall_02,fall,1,1,2.6,4.36181,val,/content/drive/MyDrive/fall_detection_project/pose_cache/pose_v2_yolo11n_T32_C8_batch32_fp16/GMDCSA24_f08b45691aca9dac7702.npz,False,pose_v2_yolo11n_T32_C8_batch32_fp16
GMDCSA24,/content/fall_detection_work/GMDCSA24/ekramalam-GMDCSA24-A-Dataset-for-Human-Fall-Detection-in-Videos-5abac76/Subject 3/Fall/08.mp4,Subject_3,1,subject3_fall_08,fallen,2,1,2.612,6.33347,val,/content/drive/MyDrive/fall_detection_project/pose_cache/pose_v2_yolo11n_T32_C8_batch32_fp16/GMDCSA24_0d53620d299c9a4870cb.npz,False,pose_v2_yolo11n_T32_C8_batch32_fp16
GMDCSA24,/content/fall_detection_work/GMDCSA24/ekramalam-GMDCSA24-A-Dataset-for-Human-Fall-Detection-in-Videos-5abac76/Subject 3/Fall/11.mp4,Subject_3,1,subject3_fall_11,other,9,0,2.653,4.69514,val,/content/drive/MyDrive/fall_detection_project/pose_cache/pose_v2_yolo11n_T32_C8_batch32_fp16/GMDCSA24_a7e6db66fd0ea0fb1e28.npz,False,pose_v2_yolo11n_T32_C8_batch32_fp16
GMDCSA24,/content/fall_detection_work/GMDCSA24/ekramalam-GMDCSA24-A-Dataset-for-Human-Fall-Detection-in-Videos-5abac76/Subject 3/Fall/10.mp4,Subject_3,1,subject3_fall_10,fallen,2,1,2.674,4.38014,val,/content/drive/MyDrive/fall_detection_project/pose_cache/pose_v2_yolo11n_T32_C8_batch32_fp16/GMDCSA24_1030ec7c2cac106ea5a9.npz,False,pose_v2_yolo11n_T32_C8_batch32_fp16
GMDCSA24,/content/fall_detection_work/GMDCSA24/ekramalam-GMDCSA24-A-Dataset-for-Human-Fall-Detection-in-Videos-5abac76/Subject 3/ADL/19.mp4,Subject_3,1,subject3_adl_19,other,9,0,2.695,4.54931,val,/content/drive/MyDrive/fall_detection_project/pose_cache/pose_v2_yolo11n_T32_C8_batch32_fp16/GMDCSA24_47bcc8e254cbc2843afc.npz,False,pose_v2_yolo11n_T32_C8_batch32_fp16
GMDCSA24,/content/fall_detection_work/GMDCSA24/ekramalam-GMDCSA24-A-Dataset-for-Human-Fall-Detection-in-Videos-5abac76/Subject 3/ADL/11.mp4,Subject_3,1,subject3_adl_11,other,9,0,2.7,12.0,val,/content/drive/MyDrive/fall_detection_project/pose_cache/pose_v2_yolo11n_T32_C8_batch32_fp16/GMDCSA24_206de1f809736aae8424.npz,False,pose_v2_yolo11n_T32_C8_batch32_fp16
GMDCSA24,/content/fall_detection_work/GMDCSA24/ekramalam-GMDCSA24-A-Dataset-for-Human-Fall-Detection-in-Videos-5abac76/Subject 3/Fall/04.mp4,Subject_3,1,subject3_fall_04,fallen,2,1,2.883,5.46014,val,/content/drive/MyDrive/fall_detection_project/pose_cache/pose_v2_yolo11n_T32_C8_batch32_fp16/GMDCSA24_a935b91e73ad354cd062.npz,False,pose_v2_yolo11n_T32_C8_batch32_fp16
GMDCSA24,/content/fall_detection_work/GMDCSA24/ekramalam-GMDCSA24-A-Dataset-for-Human-Fall-Detection-in-Videos-5abac76/Subject 3/ADL/12.mp4,Subject_3,1,subject3_adl_12,sitting,4,0,2.883,6.21597,val,/content/drive/MyDrive/fall_detection_project/pose_cache/pose_v2_yolo11n_T32_C8_batch32_fp16/GMDCSA24_7244cc66a294d53c9735.npz,False,pose_v2_yolo11n_T32_C8_batch32_fp16
GMDCSA24,/content/fall_detection_work/GMDCSA24/ekramalam-GMDCSA24-A-Dataset-for-Human-Fall-Detection-in-Videos-5abac76/Subject 3/Fall/21.mp4,Subject_3,1,subject3_fall_21,walk,0,0,3.008,5.09097,val,/content/drive/MyDrive/fall_detection_project/pose_cache/pose_v2_yolo11n_T32_C8_batch32_fp16/GMDCSA24_a64a19e0a6fe2ffb89ea.npz,False,pose_v2_yolo11n_T32_C8_batch32_fp16
GMDCSA24,/content/fall_detection_work/GMDCSA24/ekramalam-GMDCSA24-A-Dataset-for-Human-Fall-Detection-in-Videos-5abac76/Subject 3/Fall/17.mp4,Subject_3,1,subject3_fall_17,fallen,2,1,3.153,8.51847,val,/content/drive/MyDrive/fall_detection_project/pose_cache/pose_v2_yolo11n_T32_C8_batch32_fp16/GMDCSA24_14fad71a05863c43992e.npz,False,pose_v2_yolo11n_T32_C8_batch32_fp16
GMDCSA24,/content/fall_detection_work/GMDCSA24/ekramalam-GMDCSA24-A-Dataset-for-Human-Fall-Detection-in-Videos-5abac76/Subject 3/ADL/04.mp4,Subject_3,1,subject3_adl_04,walk,0,0,3.174,4.40347,val,/content/drive/MyDrive/fall_detection_project/pose_cache/pose_v2_yolo11n_T32_C8_batch32_fp16/GMDCSA24_cdf101f7263eee252ba0.npz,False,pose_v2_yolo11n_T32_C8_batch32_fp16
GMDCSA24,/content/fall_detection_work/GMDCSA24/ekramalam-GMDCSA24-A-Dataset-for-Human-Fall-Detection-in-Videos-5abac76/Subject 3/Fall/05.mp4,Subject_3,1,subject3_fall_05,fall,1,1,3.2,5.21597,val,/content/drive/MyDrive/fall_detection_project/pose_cache/pose_v2_yolo11n_T32_C8_batch32_fp16/GMDCSA24_5eb7e67190d04332fe11.npz,False,pose_v2_yolo11n_T32_C8_batch32_fp16
GMDCSA24,/content/fall_detection_work/GMDCSA24/ekramalam-GMDCSA24-A-Dataset-for-Human-Fall-Detection-in-Videos-5abac76/Subject 3/ADL/14.mp4,Subject_3,1,subject3_adl_14,other,9,0,3.299,6.19514,val,/content/drive/MyDrive/fall_detection_project/pose_cache/pose_v2_yolo11n_T32_C8_batch32_fp16/GMDCSA24_4f2b06a723d92a9e506e.npz,False,pose_v2_yolo11n_T32_C8_batch32_fp16
GMDCSA24,/content/fall_detection_work/GMDCSA24/ekramalam-GMDCSA24-A-Dataset-for-Human-Fall-Detection-in-Videos-5abac76/Subject 3/Fall/09.mp4,Subject_3,1,subject3_fall_09,fall,1,1,3.3,4.88264,val,/content/drive/MyDrive/fall_detection_project/pose_cache/pose_v2_yolo11n_T32_C8_batch32_fp16/GMDCSA24_fa5397c6b1d257c79004.npz,False,pose_v2_yolo11n_T32_C8_batch32_fp16
GMDCSA24,/content/fall_detection_work/GMDCSA24/ekramalam-GMDCSA24-A-Dataset-for-Human-Fall-Detection-in-Videos-5abac76/Subject 3/ADL/08.mp4,Subject_3,1,subject3_adl_08,lying,6,0,3.716,4.896,val,/content/drive/MyDrive/fall_detection_project/pose_cache/pose_v2_yolo11n_T32_C8_batch32_fp16/GMDCSA24_711b24259e441321bf98.npz,False,pose_v2_yolo11n_T32_C8_batch32_fp16
GMDCSA24,/content/fall_detection_work/GMDCSA24/ekramalam-GMDCSA24-A-Dataset-for-Human-Fall-Detection-in-Videos-5abac76/Subject 3/Fall/16.mp4,Subject_3,1,subject3_fall_16,fallen,2,1,3.778,6.06181,val,/content/drive/MyDrive/fall_detection_project/pose_cache/pose_v2_yolo11n_T32_C8_batch32_fp16/GMDCSA24_7546f74eb9d2e36a70f3.npz,False,pose_v2_yolo11n_T32_C8_batch32_fp16
GMDCSA24,/content/fall_detection_work/GMDCSA24/ekramalam-GMDCSA24-A-Dataset-for-Human-Fall-Detection-in-Videos-5abac76/Subject 3/ADL/03.mp4,Subject_3,1,subject3_adl_03,sitting,4,0,3.82,4.94514,val,/content/drive/MyDrive/fall_detection_project/pose_cache/pose_v2_yolo11n_T32_C8_batch32_fp16/GMDCSA24_ec96884cc65dcc7c1227.npz,False,pose_v2_yolo11n_T32_C8_batch32_fp16
GMDCSA24,/content/fall_detection_work/GMDCSA24/ekramalam-GMDCSA24-A-Dataset-for-Human-Fall-Detection-in-Videos-5abac76/Subject 3/Fall/07.mp4,Subject_3,1,subject3_fall_07,fallen,2,1,3.862,9.02597,val,/content/drive/MyDrive/fall_detection_project/pose_cache/pose_v2_yolo11n_T32_C8_batch32_fp16/GMDCSA24_b15e4798e8239d80cd8f.npz,False,pose_v2_yolo11n_T32_C8_batch32_fp16
GMDCSA24,/content/fall_detection_work/GMDCSA24/ekramalam-GMDCSA24-A-Dataset-for-Human-Fall-Detection-in-Videos-5abac76/Subject 3/Fall/20.mp4,Subject_3,1,subject3_fall_20,fallen,2,1,4.018,6.22325,val,/content/drive/MyDrive/fall_detection_project/pose_cache/pose_v2_yolo11n_T32_C8_batch32_fp16/GMDCSA24_096e5738167705f79baf.npz,False,pose_v2_yolo11n_T32_C8_batch32_fp16
GMDCSA24,/content/fall_detection_work/GMDCSA24/ekramalam-GMDCSA24-A-Dataset-for-Human-Fall-Detection-in-Videos-5abac76/Subject 3/Fall/19.mp4,Subject_3,1,subject3_fall_19,fallen,2,1,4.028,5.70847,val,/content/drive/MyDrive/fall_detection_project/pose_cache/pose_v2_yolo11n_T32_C8_batch32_fp16/GMDCSA24_bf92e8b237d87a091a26.npz,False,pose_v2_yolo11n_T32_C8_batch32_fp16
GMDCSA24,/content/fall_detection_work/GMDCSA24/ekramalam-GMDCSA24-A-Dataset-for-Human-Fall-Detection-in-Videos-5abac76/Subject 3/Fall/18.mp4,Subject_3,1,subject3_fall_18,fall,1,1,4.07,6.84097,val,/content/drive/MyDrive/fall_detection_project/pose_cache/pose_v2_yolo11n_T32_C8_batch32_fp16/GMDCSA24_6b73a3da2dbbec9b6b0e.npz,False,pose_v2_yolo11n_T32_C8_batch32_fp16
GMDCSA24,/content/fall_detection_work/GMDCSA24/ekramalam-GMDCSA24-A-Dataset-for-Human-Fall-Detection-in-Videos-5abac76/Subject 3/Fall/03.mp4,Subject_3,1,subject3_fall_03,fallen,2,1,4.091,5.62847,val,/content/drive/MyDrive/fall_detection_project/pose_cache/pose_v2_yolo11n_T32_C8_batch32_fp16/GMDCSA24_cd226e521c667636b535.npz,False,pose_v2_yolo11n_T32_C8_batch32_fp16
GMDCSA24,/content/fall_detection_work/GMDCSA24/ekramalam-GMDCSA24-A-Dataset-for-Human-Fall-Detection-in-Videos-5abac76/Subject 3/Fall/15.mp4,Subject_3,1,subject3_fall_15,fallen,2,1,4.258,5.638,val,/content/drive/MyDrive/fall_detection_project/pose_cache/pose_v2_yolo11n_T32_C8_batch32_fp16/GMDCSA24_2bcf4f792d508fa62f92.npz,False,pose_v2_yolo11n_T32_C8_batch32_fp16
GMDCSA24,/content/fall_detection_work/GMDCSA24/ekramalam-GMDCSA24-A-Dataset-for-Human-Fall-Detection-in-Videos-5abac76/Subject 3/Fall/02.mp4,Subject_3,1,subject3_fall_02,fallen,2,1,4.362,6.56847,val,/content/drive/MyDrive/fall_detection_project/pose_cache/pose_v2_yolo11n_T32_C8_batch32_fp16/GMDCSA24_96d19e5d86d7d06e4a90.npz,False,pose_v2_yolo11n_T32_C8_batch32_fp16
GMDCSA24,/content/fall_detection_work/GMDCSA24/ekramalam-GMDCSA24-A-Dataset-for-Human-Fall-Detection-in-Videos-5abac76/Subject 3/ADL/04.mp4,Subject_3,1,subject3_adl_04,other,9,0,4.403,7.13264,val,/content/drive/MyDrive/fall_detection_project/pose_cache/pose_v2_yolo11n_T32_C8_batch32_fp16/GMDCSA24_56809d9f494d7b6d60bf.npz,False,pose_v2_yolo11n_T32_C8_batch32_fp16
GMDCSA24,/content/fall_detection_work/GMDCSA24/ekramalam-GMDCSA24-A-Dataset-for-Human-Fall-Detection-in-Videos-5abac76/Subject 3/ADL/19.mp4,Subject_3,1,subject3_adl_19,walk,0,0,4.549,6.50514,val,/content/drive/MyDrive/fall_detection_project/pose_cache/pose_v2_yolo11n_T32_C8_batch32_fp16/GMDCSA24_4c1a391f0d9ff912bf7c.npz,False,pose_v2_yolo11n_T32_C8_batch32_fp16
GMDCSA24,/content/fall_detection_work/GMDCSA24/ekramalam-GMDCSA24-A-Dataset-for-Human-Fall-Detection-in-Videos-5abac76/Subject 3/Fall/14.mp4,Subject_3,1,subject3_fall_14,standing,8,0,4.6,8.1,val,/content/drive/MyDrive/fall_detection_project/pose_cache/pose_v2_yolo11n_T32_C8_batch32_fp16/GMDCSA24_5ec1a45f10c032b98485.npz,False,pose_v2_yolo11n_T32_C8_batch32_fp16
GMDCSA24,/content/fall_detection_work/GMDCSA24/ekramalam-GMDCSA24-A-Dataset-for-Human-Fall-Detection-in-Videos-5abac76/Subject 3/Fall/11.mp4,Subject_3,1,subject3_fall_11,fall,1,1,4.7,7.13264,val,/content/drive/MyDrive/fall_detection_project/pose_cache/pose_v2_yolo11n_T32_C8_batch32_fp16/GMDCSA24_44edcaae78b33ad753eb.npz,False,pose_v2_yolo11n_T32_C8_batch32_fp16
GMDCSA24,/content/fall_detection_work/GMDCSA24/ekramalam-GMDCSA24-A-Dataset-for-Human-Fall-Detection-in-Videos-5abac76/Subject 3/ADL/17.mp4,Subject_3,1,subject3_adl_17,sitting,4,0,4.758,12.14931,val,/content/drive/MyDrive/fall_detection_project/pose_cache/pose_v2_yolo11n_T32_C8_batch32_fp16/GMDCSA24_14fe371f56c36c86fd4d.npz,False,pose_v2_yolo11n_T32_C8_batch32_fp16
GMDCSA24,/content/fall_detection_work/GMDCSA24/ekramalam-GMDCSA24-A-Dataset-for-Human-Fall-Detection-in-Videos-5abac76/Subject 3/Fall/09.mp4,Subject_3,1,subject3_fall_09,fallen,2,1,4.883,6.21264,val,/content/drive/MyDrive/fall_detection_project/pose_cache/pose_v2_yolo11n_T32_C8_batch32_fp16/GMDCSA24_f2e2515f908408d0370a.npz,False,pose_v2_yolo11n_T32_C8_batch32_fp16
GMDCSA24,/content/fall_detection_work/GMDCSA24/ekramalam-GMDCSA24-A-Dataset-for-Human-Fall-Detection-in-Videos-5abac76/Subject 3/ADL/03.mp4,Subject_3,1,subject3_adl_03,other,9,0,4.945,7.09097,val,/content/drive/MyDrive/fall_detection_project/pose_cache/pose_v2_yolo11n_T32_C8_batch32_fp16/GMDCSA24_85e0cd3c3f5b334b4529.npz,False,pose_v2_yolo11n_T32_C8_batch32_fp16
GMDCSA24,/content/fall_detection_work/GMDCSA24/ekramalam-GMDCSA24-A-Dataset-for-Human-Fall-Detection-in-Videos-5abac76/Subject 3/ADL/18.mp4,Subject_3,1,subject3_adl_18,other,9,0,5.07,6.23681,val,/content/drive/MyDrive/fall_detection_project/pose_cache/pose_v2_yolo11n_T32_C8_batch32_fp16/GMDCSA24_20744e2668d97c37e047.npz,False,pose_v2_yolo11n_T32_C8_batch32_fp16
GMDCSA24,/content/fall_detection_work/GMDCSA24/ekramalam-GMDCSA24-A-Dataset-for-Human-Fall-Detection-in-Videos-5abac76/Subject 3/Fall/21.mp4,Subject_3,1,subject3_fall_21,fall,1,1,5.091,7.38264,val,/content/drive/MyDrive/fall_detection_project/pose_cache/pose_v2_yolo11n_T32_C8_batch32_fp16/GMDCSA24_18c7958a57a8e24d5398.npz,False,pose_v2_yolo11n_T32_C8_batch32_fp16
GMDCSA24,/content/fall_detection_work/GMDCSA24/ekramalam-GMDCSA24-A-Dataset-for-Human-Fall-Detection-in-Videos-5abac76/Subject 3/ADL/06.mp4,Subject_3,1,subject3_adl_06,sit_down,3,0,5.1,7.13264,val,/content/drive/MyDrive/fall_detection_project/pose_cache/pose_v2_yolo11n_T32_C8_batch32_fp16/GMDCSA24_5d63a1a6c9cc24664550.npz,False,pose_v2_yolo11n_T32_C8_batch32_fp16
GMDCSA24,/content/fall_detection_work/GMDCSA24/ekramalam-GMDCSA24-A-Dataset-for-Human-Fall-Detection-in-Videos-5abac76/Subject 3/Fall/05.mp4,Subject_3,1,subject3_fall_05,fallen,2,1,5.216,10.04681,val,/content/drive/MyDrive/fall_detection_project/pose_cache/pose_v2_yolo11n_T32_C8_batch32_fp16/GMDCSA24_895c99088dcd98fe72cc.npz,False,pose_v2_yolo11n_T32_C8_batch32_fp16
GMDCSA24,/content/fall_detection_work/GMDCSA24/ekramalam-GMDCSA24-A-Dataset-for-Human-Fall-Detection-in-Videos-5abac76/Subject 3/ADL/21.mp4,Subject_3,1,subject3_adl_21,sitting,4,0,5.549,7.61181,val,/content/drive/MyDrive/fall_detection_project/pose_cache/pose_v2_yolo11n_T32_C8_batch32_fp16/GMDCSA24_f340ee045227fd8affe2.npz,False,pose_v2_yolo11n_T32_C8_batch32_fp16
GMDCSA24,/content/fall_detection_work/GMDCSA24/ekramalam-GMDCSA24-A-Dataset-for-Human-Fall-Detection-in-Videos-5abac76/Subject 3/ADL/14.mp4,Subject_3,1,subject3_adl_14,sitting,4,0,6.195,8.85847,val,/content/drive/MyDrive/fall_detection_project/pose_cache/pose_v2_yolo11n_T32_C8_batch32_fp16/GMDCSA24_8a018a409a1f6f7a2e75.npz,False,pose_v2_yolo11n_T32_C8_batch32_fp16
GMDCSA24,/content/fall_detection_work/GMDCSA24/ekramalam-GMDCSA24-A-Dataset-for-Human-Fall-Detection-in-Videos-5abac76/Subject 3/ADL/09.mp4,Subject_3,1,subject3_adl_09,standing,8,0,6.2,7.0,val,/content/drive/MyDrive/fall_detection_project/pose_cache/pose_v2_yolo11n_T32_C8_batch32_fp16/GMDCSA24_05418c8b0a5ec0b46131.npz,False,pose_v2_yolo11n_T32_C8_batch32_fp16
GMDCSA24,/content/fall_detection_work/GMDCSA24/ekramalam-GMDCSA24-A-Dataset-for-Human-Fall-Detection-in-Videos-5abac76/Subject 3/ADL/12.mp4,Subject_3,1,subject3_adl_12,stand_up,7,0,6.216,9.21347,val,/content/drive/MyDrive/fall_detection_project/pose_cache/pose_v2_yolo11n_T32_C8_batch32_fp16/GMDCSA24_a04c40621995c827b5c9.npz,False,pose_v2_yolo11n_T32_C8_batch32_fp16
GMDCSA24,/content/fall_detection_work/GMDCSA24/ekramalam-GMDCSA24-A-Dataset-for-Human-Fall-Detection-in-Videos-5abac76/Subject 3/ADL/18.mp4,Subject_3,1,subject3_adl_18,sitting,4,0,6.237,11.10597,val,/content/drive/MyDrive/fall_detection_project/pose_cache/pose_v2_yolo11n_T32_C8_batch32_fp16/GMDCSA24_0e115b5db803aa55361d.npz,False,pose_v2_yolo11n_T32_C8_batch32_fp16
GMDCSA24,/content/fall_detection_work/GMDCSA24/ekramalam-GMDCSA24-A-Dataset-for-Human-Fall-Detection-in-Videos-5abac76/Subject 3/Fall/18.mp4,Subject_3,1,subject3_fall_18,fallen,2,1,6.841,11.89264,val,/content/drive/MyDrive/fall_detection_project/pose_cache/pose_v2_yolo11n_T32_C8_batch32_fp16/GMDCSA24_f137f033d8b2fcbe2055.npz,False,pose_v2_yolo11n_T32_C8_batch32_fp16
GMDCSA24,/content/fall_detection_work/GMDCSA24/ekramalam-GMDCSA24-A-Dataset-for-Human-Fall-Detection-in-Videos-5abac76/Subject 3/ADL/03.mp4,Subject_3,1,subject3_adl_03,stand_up,7,0,7.091,8.50764,val,/content/drive/MyDrive/fall_detection_project/pose_cache/pose_v2_yolo11n_T32_C8_batch32_fp16/GMDCSA24_415828ac9fcd96e1e10e.npz,False,pose_v2_yolo11n_T32_C8_batch32_fp16
GMDCSA24,/content/fall_detection_work/GMDCSA24/ekramalam-GMDCSA24-A-Dataset-for-Human-Fall-Detection-in-Videos-5abac76/Subject 3/Fall/11.mp4,Subject_3,1,subject3_fall_11,fallen,2,1,7.133,8.94014,val,/content/drive/MyDrive/fall_detection_project/pose_cache/pose_v2_yolo11n_T32_C8_batch32_fp16/GMDCSA24_f796c0dd2615dc07c758.npz,False,pose_v2_yolo11n_T32_C8_batch32_fp16
GMDCSA24,/content/fall_detection_work/GMDCSA24/ekramalam-GMDCSA24-A-Dataset-for-Human-Fall-Detection-in-Videos-5abac76/Subject 3/ADL/04.mp4,Subject_3,1,subject3_adl_04,walk,0,0,7.133,9.02847,val,/content/drive/MyDrive/fall_detection_project/pose_cache/pose_v2_yolo11n_T32_C8_batch32_fp16/GMDCSA24_e4c0e453ef309b0f93de.npz,False,pose_v2_yolo11n_T32_C8_batch32_fp16
GMDCSA24,/content/fall_detection_work/GMDCSA24/ekramalam-GMDCSA24-A-Dataset-for-Human-Fall-Detection-in-Videos-5abac76/Subject 3/ADL/06.mp4,Subject_3,1,subject3_adl_06,sitting,4,0,7.133,8.94014,val,/content/drive/MyDrive/fall_detection_project/pose_cache/pose_v2_yolo11n_T32_C8_batch32_fp16/GMDCSA24_1d59b001ed65592f0027.npz,False,pose_v2_yolo11n_T32_C8_batch32_fp16
GMDCSA24,/content/fall_detection_work/GMDCSA24/ekramalam-GMDCSA24-A-Dataset-for-Human-Fall-Detection-in-Videos-5abac76/Subject 3/Fall/21.mp4,Subject_3,1,subject3_fall_21,fallen,2,1,7.383,9.17014,val,/content/drive/MyDrive/fall_detection_project/pose_cache/pose_v2_yolo11n_T32_C8_batch32_fp16/GMDCSA24_d2461701e3092aa865b6.npz,False,pose_v2_yolo11n_T32_C8_batch32_fp16
GMDCSA24,/content/fall_detection_work/GMDCSA24/ekramalam-GMDCSA24-A-Dataset-for-Human-Fall-Detection-in-Videos-5abac76/Subject 3/ADL/21.mp4,Subject_3,1,subject3_adl_21,other,9,0,7.612,10.21347,val,/content/drive/MyDrive/fall_detection_project/pose_cache/pose_v2_yolo11n_T32_C8_batch32_fp16/GMDCSA24_4aedd4840303d6a3eaab.npz,False,pose_v2_yolo11n_T32_C8_batch32_fp16
GMDCSA24,/content/fall_detection_work/GMDCSA24/ekramalam-GMDCSA24-A-Dataset-for-Human-Fall-Detection-in-Videos-5abac76/Subject 3/Fall/14.mp4,Subject_3,1,subject3_fall_14,fall,1,1,8.1,10.25764,val,/content/drive/MyDrive/fall_detection_project/pose_cache/pose_v2_yolo11n_T32_C8_batch32_fp16/GMDCSA24_f267955e7b91053b8677.npz,False,pose_v2_yolo11n_T32_C8_batch32_fp16
GMDCSA24,/content/fall_detection_work/GMDCSA24/ekramalam-GMDCSA24-A-Dataset-for-Human-Fall-Detection-in-Videos-5abac76/Subject 3/ADL/03.mp4,Subject_3,1,subject3_adl_03,walk,0,0,8.508,9.908,val,/content/drive/MyDrive/fall_detection_project/pose_cache/pose_v2_yolo11n_T32_C8_batch32_fp16/GMDCSA24_936be6e5ce0fb29673dd.npz,False,pose_v2_yolo11n_T32_C8_batch32_fp16
GMDCSA24,/content/fall_detection_work/GMDCSA24/ekramalam-GMDCSA24-A-Dataset-for-Human-Fall-Detection-in-Videos-5abac76/Subject 3/ADL/04.mp4,Subject_3,1,subject3_adl_04,sit_down,3,0,9.028,10.028,val,/content/drive/MyDrive/fall_detection_project/pose_cache/pose_v2_yolo11n_T32_C8_batch32_fp16/GMDCSA24_65cada4c3e2a5bcb7df3.npz,False,pose_v2_yolo11n_T32_C8_batch32_fp16
GMDCSA24,/content/fall_detection_work/GMDCSA24/ekramalam-GMDCSA24-A-Dataset-for-Human-Fall-Detection-in-Videos-5abac76/Subject 3/ADL/12.mp4,Subject_3,1,subject3_adl_12,walk,0,0,9.2,10.67181,val,/content/drive/MyDrive/fall_detection_project/pose_cache/pose_v2_yolo11n_T32_C8_batch32_fp16/GMDCSA24_77e654bd94224cc901f1.npz,False,pose_v2_yolo11n_T32_C8_batch32_fp16
GMDCSA24,/content/fall_detection_work/GMDCSA24/ekramalam-GMDCSA24-A-Dataset-for-Human-Fall-Detection-in-Videos-5abac76/Subject 3/Fall/14.mp4,Subject_3,1,subject3_fall_14,fallen,2,1,10.258,12.31431,val,/content/drive/MyDrive/fall_detection_project/pose_cache/pose_v2_yolo11n_T32_C8_batch32_fp16/GMDCSA24_32927d84025938940d7f.npz,False,pose_v2_yolo11n_T32_C8_batch32_fp16
GMDCSA24,/content/fall_detection_work/GMDCSA24/ekramalam-GMDCSA24-A-Dataset-for-Human-Fall-Detection-in-Videos-5abac76/Subject 3/ADL/10.mp4,Subject_3,1,subject3_adl_10,walk,0,0,11.966,12.439,val,/content/drive/MyDrive/fall_detection_project/pose_cache/pose_v2_yolo11n_T32_C8_batch32_fp16/GMDCSA24_eaa895f64194311dfb5b.npz,False,pose_v2_yolo11n_T32_C8_batch32_fp16
